video_id,arm,stratum,created_utc,age_y_at_baseline,band_at_baseline,band_at_2026-08-12,band_at_2026-08-13,band_at_2026-08-14,band_at_2026-08-15,band_at_2026-08-16,baseline,2026-08-12,2026-08-13,2026-08-14,2026-08-15,2026-08-16
194951213564514304,A,W-article,,,,,,,,,RETRIEVABLE,RETRIEVABLE,RETRIEVABLE,RETRIEVABLE,RETRIEVABLE,RETRIEVABLE
6529030482422664450,A,W-article,2018-03-04T10:12:49Z,8.4382,5y+,5y+,5y+,5y+,5y+,5y+,RETRIEVABLE,RETRIEVABLE,RETRIEVABLE,RETRIEVABLE,RETRIEVABLE,RETRIEVABLE
6605829627413794050,A,W-article,2018-09-27T09:12:44Z,7.8716,5y+,5y+,5y+,5y+,5y+,5y+,RETRIEVABLE,RETRIEVABLE,RETRIEVABLE,RETRIEVABLE,RETRIEVABLE,RETRIEVABLE
6641440663898426626,A,W-article,2019-01-01T08:21:44Z,7.6088,5y+,5y+,5y+,5y+,5y+,5y+,NOT-RETRIEVABLE,NOT-RETRIEVABLE,NOT-RETRIEVABLE,NOT-RETRIEVABLE,NOT-RETRIEVABLE,NOT-RETRIEVABLE
6659279642911837441,A,W-article,2019-02-18T10:06:05Z,7.4772,5y+,5y+,5y+,5y+,5y+,5y+,RETRIEVABLE,RETRIEVABLE,RETRIEVABLE,RETRIEVABLE,RETRIEVABLE,RETRIEVABLE
6667828076543610113,A,W-article,2019-03-13T10:58:22Z,7.4141,5y+,5y+,5y+,5y+,5y+,5y+,RETRIEVABLE,RETRIEVABLE,RETRIEVABLE,RETRIEVABLE,RETRIEVABLE,RETRIEVABLE
6669650229492452614,A,W-article,2019-03-18T08:49:15Z,7.4007,5y+,5y+,5y+,5y+,5y+,5y+,RETRIEVABLE,RETRIEVABLE,RETRIEVABLE,RETRIEVABLE,RETRIEVABLE,RETRIEVABLE
6671059592836812038,A,W-article,2019-03-22T03:58:18Z,7.3903,5y+,5y+,5y+,5y+,5y+,5y+,RETRIEVABLE,RETRIEVABLE,RETRIEVABLE,RETRIEVABLE,RETRIEVABLE,RETRIEVABLE
6675280377084382469,A,W-article,2019-04-02T12:57:06Z,7.3592,5y+,5y+,5y+,5y+,5y+,5y+,NOT-RETRIEVABLE,NOT-RETRIEVABLE,NOT-RETRIEVABLE,NOT-RETRIEVABLE,NOT-RETRIEVABLE,NOT-RETRIEVABLE
6675712551453461766,A,W-article,2019-04-03T16:54:10Z,7.3560,5y+,5y+,5y+,5y+,5y+,5y+,RETRIEVABLE,RETRIEVABLE,RETRIEVABLE,RETRIEVABLE,RETRIEVABLE,RETRIEVABLE
6677668300152900870,A,W-article,2019-04-08T23:23:28Z,7.3415,5y+,5y+,5y+,5y+,5y+,5y+,NOT-RETRIEVABLE,NOT-RETRIEVABLE,NOT-RETRIEVABLE,NOT-RETRIEVABLE,NOT-RETRIEVABLE,NOT-RETRIEVABLE
6678292732584152326,A,W-article,2019-04-10T15:46:35Z,7.3369,5y+,5y+,5y+,5y+,5y+,5y+,RETRIEVABLE,RETRIEVABLE,RETRIEVABLE,RETRIEVABLE,RETRIEVABLE,RETRIEVABLE
6678884448051776769,A,W-article,2019-04-12T06:02:44Z,7.3326,5y+,5y+,5y+,5y+,5y+,5y+,RETRIEVABLE,RETRIEVABLE,RETRIEVABLE,RETRIEVABLE,RETRIEVABLE,RETRIEVABLE
6681809292590402817,A,W-article,2019-04-20T03:12:38Z,7.3110,5y+,5y+,5y+,5y+,5y+,5y+,NOT-RETRIEVABLE,NOT-RETRIEVABLE,NOT-RETRIEVABLE,NOT-RETRIEVABLE,NOT-RETRIEVABLE,NOT-RETRIEVABLE
6702372494990380290,A,W-article,2019-06-14T13:08:22Z,7.1593,5y+,5y+,5y+,5y+,5y+,5y+,NOT-RETRIEVABLE,NOT-RETRIEVABLE,NOT-RETRIEVABLE,NOT-RETRIEVABLE,NOT-RETRIEVABLE,NOT-RETRIEVABLE
6724743611608534278,A,W-article,2019-08-13T19:59:43Z,6.9942,5y+,5y+,5y+,5y+,5y+,5y+,NOT-RETRIEVABLE,NOT-RETRIEVABLE,NOT-RETRIEVABLE,NOT-RETRIEVABLE,NOT-RETRIEVABLE,NOT-RETRIEVABLE
6737847849150582017,A,W-article,2019-09-18T03:30:51Z,6.8975,5y+,5y+,5y+,5y+,5y+,5y+,RETRIEVABLE,RETRIEVABLE,RETRIEVABLE,RETRIEVABLE,RETRIEVABLE,RETRIEVABLE
6737848175693974785,A,W-article,2019-09-18T03:32:07Z,6.8975,5y+,5y+,5y+,5y+,5y+,5y+,RETRIEVABLE,RETRIEVABLE,RETRIEVABLE,RETRIEVABLE,RETRIEVABLE,RETRIEVABLE
6738012436168854790,A,W-article,2019-09-18T14:09:32Z,6.8963,5y+,5y+,5y+,5y+,5y+,5y+,RETRIEVABLE,RETRIEVABLE,RETRIEVABLE,RETRIEVABLE,RETRIEVABLE,RETRIEVABLE
6753238947373059333,A,W-article,2019-10-29T14:56:10Z,6.7840,5y+,5y+,5y+,5y+,5y+,5y+,RETRIEVABLE,RETRIEVABLE,RETRIEVABLE,RETRIEVABLE,RETRIEVABLE,RETRIEVABLE
6753718966637677830,A,W-article,2019-10-30T21:58:54Z,6.7804,5y+,5y+,5y+,5y+,5y+,5y+,RETRIEVABLE,RETRIEVABLE,RETRIEVABLE,RETRIEVABLE,RETRIEVABLE,RETRIEVABLE
6761996898787249413,A,W-article,2019-11-22T05:21:30Z,6.7194,5y+,5y+,5y+,5y+,5y+,5y+,NOT-RETRIEVABLE,NOT-RETRIEVABLE,INDETERMINATE,NOT-RETRIEVABLE,NOT-RETRIEVABLE,NOT-RETRIEVABLE
6763616157892234501,A,W-article,2019-11-26T14:05:03Z,6.7074,5y+,5y+,5y+,5y+,5y+,5y+,RETRIEVABLE,RETRIEVABLE,RETRIEVABLE,RETRIEVABLE,RETRIEVABLE,RETRIEVABLE
6763704856772480262,A,W-article,2019-11-26T19:49:15Z,6.7068,5y+,5y+,5y+,5y+,5y+,5y+,RETRIEVABLE,RETRIEVABLE,RETRIEVABLE,RETRIEVABLE,INDETERMINATE,RETRIEVABLE
6766629393918872838,A,W-article,2019-12-04T16:57:57Z,6.6852,5y+,5y+,5y+,5y+,5y+,5y+,RETRIEVABLE,RETRIEVABLE,RETRIEVABLE,RETRIEVABLE,RETRIEVABLE,RETRIEVABLE
6768158408110624005,A,W-article,2019-12-08T19:51:18Z,6.6739,5y+,5y+,5y+,5y+,5y+,5y+,RETRIEVABLE,RETRIEVABLE,RETRIEVABLE,RETRIEVABLE,RETRIEVABLE,RETRIEVABLE
6771958244643523845,A,W-article,2019-12-19T01:36:36Z,6.6459,5y+,5y+,5y+,5y+,5y+,5y+,RETRIEVABLE,RETRIEVABLE,RETRIEVABLE,RETRIEVABLE,RETRIEVABLE,RETRIEVABLE
6771979180696423686,A,W-article,2019-12-19T02:57:51Z,6.6457,5y+,5y+,5y+,5y+,5y+,5y+,RETRIEVABLE,RETRIEVABLE,RETRIEVABLE,RETRIEVABLE,RETRIEVABLE,RETRIEVABLE
6772309129626160389,A,W-article,2019-12-20T00:18:13Z,6.6433,5y+,5y+,5y+,5y+,5y+,5y+,RETRIEVABLE,RETRIEVABLE,RETRIEVABLE,RETRIEVABLE,RETRIEVABLE,RETRIEVABLE
6777417884479114502,A,W-article,2020-01-02T18:42:48Z,6.6056,5y+,5y+,5y+,5y+,5y+,5y+,RETRIEVABLE,RETRIEVABLE,RETRIEVABLE,RETRIEVABLE,RETRIEVABLE,RETRIEVABLE
677767122007582643,A,W-article,,,,,,,,,NOT-RETRIEVABLE,NOT-RETRIEVABLE,NOT-RETRIEVABLE,NOT-RETRIEVABLE,NOT-RETRIEVABLE,NOT-RETRIEVABLE
6780701284392504578,A,W-article,2020-01-11T15:04:04Z,6.5814,5y+,5y+,5y+,5y+,5y+,5y+,RETRIEVABLE,RETRIEVABLE,RETRIEVABLE,RETRIEVABLE,RETRIEVABLE,RETRIEVABLE
6784536387992440070,A,W-article,2020-01-21T23:06:14Z,6.5531,5y+,5y+,5y+,5y+,5y+,5y+,RETRIEVABLE,RETRIEVABLE,RETRIEVABLE,RETRIEVABLE,RETRIEVABLE,RETRIEVABLE
6785483644292156678,A,W-article,2020-01-24T12:22:04Z,6.5461,5y+,5y+,5y+,5y+,5y+,5y+,NOT-RETRIEVABLE,NOT-RETRIEVABLE,NOT-RETRIEVABLE,NOT-RETRIEVABLE,NOT-RETRIEVABLE,NOT-RETRIEVABLE
6786663071457791237,A,W-article,2020-01-27T16:38:51Z,6.5374,5y+,5y+,5y+,5y+,5y+,5y+,NOT-RETRIEVABLE,NOT-RETRIEVABLE,NOT-RETRIEVABLE,NOT-RETRIEVABLE,NOT-RETRIEVABLE,NOT-RETRIEVABLE
6788288994271710470,A,W-article,2020-02-01T01:48:15Z,6.5254,5y+,5y+,5y+,5y+,5y+,5y+,NOT-RETRIEVABLE,NOT-RETRIEVABLE,NOT-RETRIEVABLE,NOT-RETRIEVABLE,NOT-RETRIEVABLE,NOT-RETRIEVABLE
6798487176498728194,A,W-article,2020-02-28T13:22:25Z,6.4502,5y+,5y+,5y+,5y+,5y+,5y+,RETRIEVABLE,RETRIEVABLE,RETRIEVABLE,RETRIEVABLE,RETRIEVABLE,RETRIEVABLE
6800110001219276038,A,W-article,2020-03-03T22:19:48Z,6.4382,5y+,5y+,5y+,5y+,5y+,5y+,RETRIEVABLE,RETRIEVABLE,RETRIEVABLE,RETRIEVABLE,RETRIEVABLE,RETRIEVABLE
6800332834402880769,A,W-article,2020-03-04T12:44:30Z,6.4365,5y+,5y+,5y+,5y+,5y+,5y+,RETRIEVABLE,RETRIEVABLE,RETRIEVABLE,RETRIEVABLE,RETRIEVABLE,RETRIEVABLE
6801548457233403142,A,W-article,2020-03-07T19:21:45Z,6.4276,5y+,5y+,5y+,5y+,5y+,5y+,RETRIEVABLE,RETRIEVABLE,RETRIEVABLE,RETRIEVABLE,RETRIEVABLE,RETRIEVABLE
6803012363424500997,A,W-article,2020-03-11T18:02:27Z,6.4168,5y+,5y+,5y+,5y+,5y+,5y+,RETRIEVABLE,RETRIEVABLE,RETRIEVABLE,RETRIEVABLE,RETRIEVABLE,RETRIEVABLE
6808895768175365382,A,W-article,2020-03-27T14:33:04Z,6.3734,5y+,5y+,5y+,5y+,5y+,5y+,RETRIEVABLE,RETRIEVABLE,RETRIEVABLE,RETRIEVABLE,RETRIEVABLE,RETRIEVABLE
6814778331347569925,A,W-article,2020-04-12T11:00:25Z,6.3300,5y+,5y+,5y+,5y+,5y+,5y+,RETRIEVABLE,RETRIEVABLE,RETRIEVABLE,RETRIEVABLE,RETRIEVABLE,RETRIEVABLE
6817755182214941954,A,W-article,2020-04-20T11:32:07Z,6.3080,5y+,5y+,5y+,5y+,5y+,5y+,RETRIEVABLE,RETRIEVABLE,RETRIEVABLE,RETRIEVABLE,RETRIEVABLE,RETRIEVABLE
6818609139334384901,A,W-article,2020-04-22T18:45:54Z,6.3017,5y+,5y+,5y+,5y+,5y+,5y+,RETRIEVABLE,RETRIEVABLE,RETRIEVABLE,RETRIEVABLE,RETRIEVABLE,RETRIEVABLE
6818963772686830854,A,W-article,2020-04-23T17:42:04Z,6.2991,5y+,5y+,5y+,5y+,5y+,5y+,RETRIEVABLE,RETRIEVABLE,RETRIEVABLE,RETRIEVABLE,RETRIEVABLE,RETRIEVABLE
6820959572849626373,A,W-article,2020-04-29T02:46:47Z,6.2844,5y+,5y+,5y+,5y+,5y+,5y+,RETRIEVABLE,RETRIEVABLE,RETRIEVABLE,RETRIEVABLE,RETRIEVABLE,RETRIEVABLE
6821917309037300997,A,W-article,2020-05-01T16:43:18Z,6.2773,5y+,5y+,5y+,5y+,5y+,5y+,RETRIEVABLE,RETRIEVABLE,RETRIEVABLE,RETRIEVABLE,RETRIEVABLE,RETRIEVABLE
6824222559999986950,A,W-article,2020-05-07T21:48:51Z,6.2603,5y+,5y+,5y+,5y+,5y+,5y+,RETRIEVABLE,RETRIEVABLE,RETRIEVABLE,RETRIEVABLE,RETRIEVABLE,RETRIEVABLE
6824511828706577670,A,W-article,2020-05-08T16:31:21Z,6.2581,5y+,5y+,5y+,5y+,5y+,5y+,RETRIEVABLE,RETRIEVABLE,RETRIEVABLE,RETRIEVABLE,RETRIEVABLE,RETRIEVABLE
6825524575640620289,A,W-article,2020-05-11T10:01:20Z,6.2507,5y+,5y+,5y+,5y+,5y+,5y+,RETRIEVABLE,RETRIEVABLE,RETRIEVABLE,RETRIEVABLE,RETRIEVABLE,RETRIEVABLE
6828064156717976837,A,W-article,2020-05-18T06:16:12Z,6.2319,5y+,5y+,5y+,5y+,5y+,5y+,RETRIEVABLE,RETRIEVABLE,RETRIEVABLE,RETRIEVABLE,RETRIEVABLE,RETRIEVABLE
6828098161051979014,A,W-article,2020-05-18T08:28:09Z,6.2317,5y+,5y+,5y+,5y+,5y+,5y+,RETRIEVABLE,RETRIEVABLE,RETRIEVABLE,RETRIEVABLE,RETRIEVABLE,RETRIEVABLE
6829310505618918662,A,W-article,2020-05-21T14:52:40Z,6.2227,5y+,5y+,5y+,5y+,5y+,5y+,RETRIEVABLE,RETRIEVABLE,RETRIEVABLE,RETRIEVABLE,RETRIEVABLE,RETRIEVABLE
6829613641491418374,A,W-article,2020-05-22T10:29:00Z,6.2205,5y+,5y+,5y+,5y+,5y+,5y+,RETRIEVABLE,RETRIEVABLE,RETRIEVABLE,RETRIEVABLE,RETRIEVABLE,RETRIEVABLE
6832385997485968646,A,W-article,2020-05-29T21:47:09Z,6.2000,5y+,5y+,5y+,5y+,5y+,5y+,RETRIEVABLE,RETRIEVABLE,RETRIEVABLE,RETRIEVABLE,RETRIEVABLE,RETRIEVABLE
6832960230431771905,A,W-article,2020-05-31T10:55:28Z,6.1958,5y+,5y+,5y+,5y+,5y+,5y+,RETRIEVABLE,RETRIEVABLE,RETRIEVABLE,RETRIEVABLE,RETRIEVABLE,RETRIEVABLE
6833304239830207745,A,W-article,2020-06-01T09:10:24Z,6.1933,5y+,5y+,5y+,5y+,5y+,5y+,RETRIEVABLE,RETRIEVABLE,RETRIEVABLE,RETRIEVABLE,RETRIEVABLE,RETRIEVABLE
6833442765750275333,A,W-article,2020-06-01T18:07:57Z,6.1923,5y+,5y+,5y+,5y+,5y+,5y+,RETRIEVABLE,RETRIEVABLE,RETRIEVABLE,INDETERMINATE,RETRIEVABLE,RETRIEVABLE
6833560903879806214,A,W-article,2020-06-02T01:46:23Z,6.1914,5y+,5y+,5y+,5y+,5y+,5y+,RETRIEVABLE,RETRIEVABLE,RETRIEVABLE,RETRIEVABLE,RETRIEVABLE,RETRIEVABLE
6833805015757507845,A,W-article,2020-06-02T17:33:40Z,6.1896,5y+,5y+,5y+,5y+,5y+,5y+,NOT-RETRIEVABLE,NOT-RETRIEVABLE,NOT-RETRIEVABLE,NOT-RETRIEVABLE,NOT-RETRIEVABLE,NOT-RETRIEVABLE
6834208444824734981,A,W-article,2020-06-03T19:39:11Z,6.1866,5y+,5y+,5y+,5y+,5y+,5y+,RETRIEVABLE,RETRIEVABLE,RETRIEVABLE,RETRIEVABLE,RETRIEVABLE,RETRIEVABLE
6837522273189055750,A,W-article,2020-06-12T17:58:31Z,6.1622,5y+,5y+,5y+,5y+,5y+,5y+,RETRIEVABLE,RETRIEVABLE,RETRIEVABLE,RETRIEVABLE,RETRIEVABLE,RETRIEVABLE
6839416095586159878,A,W-article,2020-06-17T20:27:31Z,6.1482,5y+,5y+,5y+,5y+,5y+,5y+,RETRIEVABLE,RETRIEVABLE,RETRIEVABLE,RETRIEVABLE,RETRIEVABLE,RETRIEVABLE
6841140820477857026,A,W-article,2020-06-22T12:00:20Z,6.1355,5y+,5y+,5y+,5y+,5y+,5y+,RETRIEVABLE,RETRIEVABLE,RETRIEVABLE,RETRIEVABLE,RETRIEVABLE,RETRIEVABLE
6841140962748632321,A,W-article,2020-06-22T12:00:53Z,6.1355,5y+,5y+,5y+,5y+,5y+,5y+,NOT-RETRIEVABLE,NOT-RETRIEVABLE,NOT-RETRIEVABLE,NOT-RETRIEVABLE,NOT-RETRIEVABLE,NOT-RETRIEVABLE
6841610395640171781,A,W-article,2020-06-23T18:22:32Z,6.1320,5y+,5y+,5y+,5y+,5y+,5y+,RETRIEVABLE,RETRIEVABLE,RETRIEVABLE,RETRIEVABLE,RETRIEVABLE,RETRIEVABLE
6842001283667266822,A,W-article,2020-06-24T19:39:22Z,6.1291,5y+,5y+,5y+,5y+,5y+,5y+,RETRIEVABLE,RETRIEVABLE,RETRIEVABLE,RETRIEVABLE,RETRIEVABLE,RETRIEVABLE
6843456587017866497,A,W-article,2020-06-28T17:46:41Z,6.1184,5y+,5y+,5y+,5y+,5y+,5y+,RETRIEVABLE,RETRIEVABLE,RETRIEVABLE,RETRIEVABLE,RETRIEVABLE,RETRIEVABLE
6843486113852591365,A,W-article,2020-06-28T19:41:16Z,6.1182,5y+,5y+,5y+,5y+,5y+,5y+,RETRIEVABLE,RETRIEVABLE,RETRIEVABLE,RETRIEVABLE,RETRIEVABLE,RETRIEVABLE
6846097184811748613,A,W-article,2020-07-05T20:33:34Z,6.0989,5y+,5y+,5y+,5y+,5y+,5y+,RETRIEVABLE,RETRIEVABLE,RETRIEVABLE,RETRIEVABLE,RETRIEVABLE,RETRIEVABLE
6848071984622963973,A,W-article,2020-07-11T04:16:47Z,6.0843,5y+,5y+,5y+,5y+,5y+,5y+,RETRIEVABLE,RETRIEVABLE,RETRIEVABLE,RETRIEVABLE,RETRIEVABLE,RETRIEVABLE
6848189048201186562,A,W-article,2020-07-11T11:51:03Z,6.0835,5y+,5y+,5y+,5y+,5y+,5y+,NOT-RETRIEVABLE,NOT-RETRIEVABLE,NOT-RETRIEVABLE,NOT-RETRIEVABLE,NOT-RETRIEVABLE,NOT-RETRIEVABLE
6848862214808489217,A,W-article,2020-07-13T07:23:17Z,6.0785,5y+,5y+,5y+,5y+,5y+,5y+,NOT-RETRIEVABLE,NOT-RETRIEVABLE,NOT-RETRIEVABLE,NOT-RETRIEVABLE,NOT-RETRIEVABLE,INDETERMINATE
6849216781303827717,A,W-article,2020-07-14T06:19:11Z,6.0759,5y+,5y+,5y+,5y+,5y+,5y+,RETRIEVABLE,RETRIEVABLE,RETRIEVABLE,RETRIEVABLE,RETRIEVABLE,RETRIEVABLE
6850916381400059142,A,W-article,2020-07-18T20:14:30Z,6.0633,5y+,5y+,5y+,5y+,5y+,5y+,RETRIEVABLE,RETRIEVABLE,RETRIEVABLE,RETRIEVABLE,RETRIEVABLE,RETRIEVABLE
6851187653589699845,A,W-article,2020-07-19T13:47:11Z,6.0613,5y+,5y+,5y+,5y+,5y+,5y+,RETRIEVABLE,RETRIEVABLE,RETRIEVABLE,RETRIEVABLE,RETRIEVABLE,RETRIEVABLE
6851266838395981061,A,W-article,2020-07-19T18:54:27Z,6.0607,5y+,5y+,5y+,5y+,5y+,5y+,RETRIEVABLE,RETRIEVABLE,RETRIEVABLE,RETRIEVABLE,RETRIEVABLE,RETRIEVABLE
6851962383972207878,A,W-article,2020-07-21T15:53:32Z,6.0556,5y+,5y+,5y+,5y+,5y+,5y+,NOT-RETRIEVABLE,NOT-RETRIEVABLE,NOT-RETRIEVABLE,NOT-RETRIEVABLE,NOT-RETRIEVABLE,NOT-RETRIEVABLE
6852210775415672066,A,W-article,2020-07-22T07:57:25Z,6.0538,5y+,5y+,5y+,5y+,5y+,5y+,NOT-RETRIEVABLE,NOT-RETRIEVABLE,NOT-RETRIEVABLE,NOT-RETRIEVABLE,NOT-RETRIEVABLE,NOT-RETRIEVABLE
6853294344246480133,A,W-article,2020-07-25T06:02:13Z,6.0458,5y+,5y+,5y+,5y+,5y+,5y+,RETRIEVABLE,RETRIEVABLE,RETRIEVABLE,RETRIEVABLE,RETRIEVABLE,RETRIEVABLE
6855066585514659077,A,W-article,2020-07-30T00:39:25Z,6.0327,5y+,5y+,5y+,5y+,5y+,5y+,RETRIEVABLE,RETRIEVABLE,RETRIEVABLE,RETRIEVABLE,RETRIEVABLE,RETRIEVABLE
6855844559776156930,A,W-article,2020-08-01T02:58:21Z,6.0270,5y+,5y+,5y+,5y+,5y+,5y+,RETRIEVABLE,RETRIEVABLE,RETRIEVABLE,RETRIEVABLE,RETRIEVABLE,RETRIEVABLE
6856752843651550469,A,W-article,2020-08-03T13:42:57Z,6.0203,5y+,5y+,5y+,5y+,5y+,5y+,RETRIEVABLE,RETRIEVABLE,RETRIEVABLE,RETRIEVABLE,RETRIEVABLE,RETRIEVABLE
6856913074356620549,A,W-article,2020-08-04T00:04:44Z,6.0191,5y+,5y+,5y+,5y+,5y+,5y+,RETRIEVABLE,RETRIEVABLE,RETRIEVABLE,RETRIEVABLE,RETRIEVABLE,RETRIEVABLE
6859457838616464645,A,W-article,2020-08-10T20:39:43Z,6.0003,5y+,5y+,5y+,5y+,5y+,5y+,RETRIEVABLE,RETRIEVABLE,RETRIEVABLE,RETRIEVABLE,RETRIEVABLE,RETRIEVABLE
6859679572498173186,A,W-article,2020-08-11T11:00:10Z,5.9987,5y+,5y+,5y+,5y+,5y+,5y+,RETRIEVABLE,RETRIEVABLE,RETRIEVABLE,RETRIEVABLE,RETRIEVABLE,RETRIEVABLE
6861315952923987206,A,W-article,2020-08-15T20:50:09Z,5.9866,5y+,5y+,5y+,5y+,5y+,5y+,RETRIEVABLE,RETRIEVABLE,RETRIEVABLE,RETRIEVABLE,RETRIEVABLE,RETRIEVABLE
6862153058223197445,A,W-article,2020-08-18T02:58:33Z,5.9804,5y+,5y+,5y+,5y+,5y+,5y+,NOT-RETRIEVABLE,NOT-RETRIEVABLE,NOT-RETRIEVABLE,NOT-RETRIEVABLE,NOT-RETRIEVABLE,NOT-RETRIEVABLE
6863086053599792389,A,W-article,2020-08-20T15:19:03Z,5.9735,5y+,5y+,5y+,5y+,5y+,5y+,NOT-RETRIEVABLE,NOT-RETRIEVABLE,NOT-RETRIEVABLE,NOT-RETRIEVABLE,NOT-RETRIEVABLE,NOT-RETRIEVABLE
6863521962551954693,A,W-article,2020-08-21T19:30:36Z,5.9703,5y+,5y+,5y+,5y+,5y+,5y+,RETRIEVABLE,RETRIEVABLE,RETRIEVABLE,RETRIEVABLE,RETRIEVABLE,RETRIEVABLE
6863663621667392773,A,W-article,2020-08-22T04:40:18Z,5.9693,5y+,5y+,5y+,5y+,5y+,5y+,RETRIEVABLE,RETRIEVABLE,RETRIEVABLE,RETRIEVABLE,RETRIEVABLE,RETRIEVABLE
6865754844582464774,A,W-article,2020-08-27T19:55:19Z,5.9539,5y+,5y+,5y+,5y+,5y+,5y+,RETRIEVABLE,RETRIEVABLE,RETRIEVABLE,RETRIEVABLE,RETRIEVABLE,RETRIEVABLE
6866909240007691526,A,W-article,2020-08-30T22:34:58Z,5.9453,5y+,5y+,5y+,5y+,5y+,5y+,NOT-RETRIEVABLE,INDETERMINATE,NOT-RETRIEVABLE,NOT-RETRIEVABLE,NOT-RETRIEVABLE,NOT-RETRIEVABLE
6869014285880659202,A,W-article,2020-09-05T14:43:37Z,5.9298,5y+,5y+,5y+,5y+,5y+,5y+,RETRIEVABLE,RETRIEVABLE,RETRIEVABLE,RETRIEVABLE,RETRIEVABLE,RETRIEVABLE
6870674218493693189,A,W-article,2020-09-10T02:05:00Z,5.9176,5y+,5y+,5y+,5y+,5y+,5y+,RETRIEVABLE,RETRIEVABLE,RETRIEVABLE,RETRIEVABLE,RETRIEVABLE,RETRIEVABLE
6873971831926230273,A,W-article,2020-09-18T23:21:26Z,5.8932,5y+,5y+,5y+,5y+,5y+,5y+,RETRIEVABLE,RETRIEVABLE,RETRIEVABLE,RETRIEVABLE,RETRIEVABLE,RETRIEVABLE
6874134298862275841,A,W-article,2020-09-19T09:51:53Z,5.8920,5y+,5y+,5y+,5y+,5y+,5y+,RETRIEVABLE,RETRIEVABLE,RETRIEVABLE,RETRIEVABLE,RETRIEVABLE,RETRIEVABLE
6875419505686859014,A,W-article,2020-09-22T20:59:08Z,5.8825,5y+,5y+,5y+,5y+,5y+,5y+,NOT-RETRIEVABLE,NOT-RETRIEVABLE,NOT-RETRIEVABLE,NOT-RETRIEVABLE,NOT-RETRIEVABLE,NOT-RETRIEVABLE
6876424179084709126,A,W-article,2020-09-25T13:57:47Z,5.8751,5y+,5y+,5y+,5y+,5y+,5y+,RETRIEVABLE,RETRIEVABLE,RETRIEVABLE,RETRIEVABLE,RETRIEVABLE,RETRIEVABLE
6877299863030172929,A,W-article,2020-09-27T22:35:53Z,5.8687,5y+,5y+,5y+,5y+,5y+,5y+,RETRIEVABLE,RETRIEVABLE,RETRIEVABLE,RETRIEVABLE,RETRIEVABLE,RETRIEVABLE
6877321875735776513,A,W-article,2020-09-28T00:01:18Z,5.8685,5y+,5y+,5y+,5y+,5y+,5y+,RETRIEVABLE,RETRIEVABLE,RETRIEVABLE,RETRIEVABLE,RETRIEVABLE,RETRIEVABLE
6877561752918281474,A,W-article,2020-09-28T15:32:09Z,5.8667,5y+,5y+,5y+,5y+,5y+,5y+,NOT-RETRIEVABLE,NOT-RETRIEVABLE,NOT-RETRIEVABLE,NOT-RETRIEVABLE,NOT-RETRIEVABLE,NOT-RETRIEVABLE
6877684211571117318,A,W-article,2020-09-28T23:27:21Z,5.8658,5y+,5y+,5y+,5y+,5y+,5y+,RETRIEVABLE,RETRIEVABLE,RETRIEVABLE,RETRIEVABLE,RETRIEVABLE,RETRIEVABLE
6878054042921143557,A,W-article,2020-09-29T23:22:29Z,5.8631,5y+,5y+,5y+,5y+,5y+,5y+,RETRIEVABLE,RETRIEVABLE,RETRIEVABLE,RETRIEVABLE,RETRIEVABLE,RETRIEVABLE
6878320388896591105,A,W-article,2020-09-30T16:36:03Z,5.8611,5y+,5y+,5y+,5y+,5y+,5y+,NOT-RETRIEVABLE,NOT-RETRIEVABLE,NOT-RETRIEVABLE,NOT-RETRIEVABLE,NOT-RETRIEVABLE,NOT-RETRIEVABLE
6878953163672636674,A,W-article,2020-10-02T09:31:32Z,5.8565,5y+,5y+,5y+,5y+,5y+,5y+,RETRIEVABLE,RETRIEVABLE,RETRIEVABLE,RETRIEVABLE,RETRIEVABLE,RETRIEVABLE
6879445494649605377,A,W-article,2020-10-03T17:22:02Z,5.8528,5y+,5y+,5y+,5y+,5y+,5y+,NOT-RETRIEVABLE,NOT-RETRIEVABLE,NOT-RETRIEVABLE,NOT-RETRIEVABLE,NOT-RETRIEVABLE,NOT-RETRIEVABLE
6880354156398398726,A,W-article,2020-10-06T04:08:06Z,5.8461,5y+,5y+,5y+,5y+,5y+,5y+,RETRIEVABLE,RETRIEVABLE,RETRIEVABLE,RETRIEVABLE,RETRIEVABLE,RETRIEVABLE
6880845972407127302,A,W-article,2020-10-07T11:56:36Z,5.8425,5y+,5y+,5y+,5y+,5y+,5y+,NOT-RETRIEVABLE,NOT-RETRIEVABLE,NOT-RETRIEVABLE,NOT-RETRIEVABLE,NOT-RETRIEVABLE,NOT-RETRIEVABLE
6880936010860039425,A,W-article,2020-10-07T17:46:00Z,5.8418,5y+,5y+,5y+,5y+,5y+,5y+,NOT-RETRIEVABLE,NOT-RETRIEVABLE,NOT-RETRIEVABLE,NOT-RETRIEVABLE,NOT-RETRIEVABLE,NOT-RETRIEVABLE
6883987399874022661,A,W-article,2020-10-15T23:06:57Z,5.8193,5y+,5y+,5y+,5y+,5y+,5y+,RETRIEVABLE,RETRIEVABLE,RETRIEVABLE,RETRIEVABLE,RETRIEVABLE,RETRIEVABLE
6884551732957842689,A,W-article,2020-10-17T11:36:51Z,5.8152,5y+,5y+,5y+,5y+,5y+,5y+,RETRIEVABLE,RETRIEVABLE,RETRIEVABLE,RETRIEVABLE,RETRIEVABLE,RETRIEVABLE
6884621398111816966,A,W-article,2020-10-17T16:07:11Z,5.8147,5y+,5y+,5y+,5y+,5y+,5y+,INDETERMINATE,RETRIEVABLE,RETRIEVABLE,RETRIEVABLE,RETRIEVABLE,RETRIEVABLE
6886664905013857542,A,W-article,2020-10-23T04:17:02Z,5.7996,5y+,5y+,5y+,5y+,5y+,5y+,RETRIEVABLE,RETRIEVABLE,RETRIEVABLE,RETRIEVABLE,RETRIEVABLE,RETRIEVABLE
6888013200898542854,A,W-article,2020-10-26T19:29:07Z,5.7896,5y+,5y+,5y+,5y+,5y+,5y+,RETRIEVABLE,RETRIEVABLE,RETRIEVABLE,RETRIEVABLE,RETRIEVABLE,RETRIEVABLE
6888679887591247109,A,W-article,2020-10-28T14:36:12Z,5.7847,5y+,5y+,5y+,5y+,5y+,5y+,RETRIEVABLE,RETRIEVABLE,RETRIEVABLE,RETRIEVABLE,RETRIEVABLE,RETRIEVABLE
6891718546246651138,A,W-article,2020-11-05T19:07:45Z,5.7623,5y+,5y+,5y+,5y+,5y+,5y+,RETRIEVABLE,RETRIEVABLE,RETRIEVABLE,RETRIEVABLE,RETRIEVABLE,RETRIEVABLE
6894081763379924229,A,W-article,2020-11-12T03:58:14Z,5.7449,5y+,5y+,5y+,5y+,5y+,5y+,RETRIEVABLE,RETRIEVABLE,RETRIEVABLE,RETRIEVABLE,RETRIEVABLE,RETRIEVABLE
6894175138409975041,A,W-article,2020-11-12T10:00:34Z,5.7442,5y+,5y+,5y+,5y+,5y+,5y+,RETRIEVABLE,RETRIEVABLE,RETRIEVABLE,RETRIEVABLE,RETRIEVABLE,RETRIEVABLE
6894756742173822213,A,W-article,2020-11-13T23:37:30Z,5.7399,5y+,5y+,5y+,5y+,5y+,5y+,RETRIEVABLE,RETRIEVABLE,RETRIEVABLE,RETRIEVABLE,RETRIEVABLE,RETRIEVABLE
6894849952225250565,A,W-article,2020-11-14T05:39:12Z,5.7392,5y+,5y+,5y+,5y+,5y+,5y+,NOT-RETRIEVABLE,NOT-RETRIEVABLE,NOT-RETRIEVABLE,NOT-RETRIEVABLE,NOT-RETRIEVABLE,NOT-RETRIEVABLE
6899569491613682949,A,W-article,2020-11-26T22:53:25Z,5.7044,5y+,5y+,5y+,5y+,5y+,5y+,RETRIEVABLE,RETRIEVABLE,RETRIEVABLE,RETRIEVABLE,RETRIEVABLE,RETRIEVABLE
6901502419847499010,A,W-article,2020-12-02T03:54:10Z,5.6901,5y+,5y+,5y+,5y+,5y+,5y+,NOT-RETRIEVABLE,NOT-RETRIEVABLE,NOT-RETRIEVABLE,NOT-RETRIEVABLE,NOT-RETRIEVABLE,NOT-RETRIEVABLE
6901552065806372102,A,W-article,2020-12-02T07:06:49Z,5.6897,5y+,5y+,5y+,5y+,5y+,5y+,RETRIEVABLE,RETRIEVABLE,RETRIEVABLE,RETRIEVABLE,RETRIEVABLE,RETRIEVABLE
6901635772831599873,A,W-article,2020-12-02T12:31:39Z,5.6891,5y+,5y+,5y+,5y+,5y+,5y+,RETRIEVABLE,RETRIEVABLE,RETRIEVABLE,RETRIEVABLE,RETRIEVABLE,RETRIEVABLE
6901709683568938245,A,W-article,2020-12-02T17:18:27Z,5.6886,5y+,5y+,5y+,5y+,5y+,5y+,RETRIEVABLE,RETRIEVABLE,RETRIEVABLE,RETRIEVABLE,RETRIEVABLE,RETRIEVABLE
6901749350527945985,A,W-article,2020-12-02T19:52:23Z,5.6883,5y+,5y+,5y+,5y+,5y+,5y+,RETRIEVABLE,RETRIEVABLE,RETRIEVABLE,RETRIEVABLE,RETRIEVABLE,RETRIEVABLE
6901751753641889026,A,W-article,2020-12-02T20:01:43Z,5.6883,5y+,5y+,5y+,5y+,5y+,5y+,RETRIEVABLE,RETRIEVABLE,RETRIEVABLE,RETRIEVABLE,RETRIEVABLE,RETRIEVABLE
6902811681412353286,A,W-article,2020-12-05T16:34:46Z,5.6804,5y+,5y+,5y+,5y+,5y+,5y+,RETRIEVABLE,RETRIEVABLE,RETRIEVABLE,RETRIEVABLE,RETRIEVABLE,RETRIEVABLE
6903206032818883842,A,W-article,2020-12-06T18:05:03Z,5.6775,5y+,5y+,5y+,5y+,5y+,5y+,RETRIEVABLE,RETRIEVABLE,RETRIEVABLE,RETRIEVABLE,RETRIEVABLE,RETRIEVABLE
6904356847864581381,A,W-article,2020-12-09T20:30:48Z,5.6690,5y+,5y+,5y+,5y+,5y+,5y+,RETRIEVABLE,RETRIEVABLE,RETRIEVABLE,RETRIEVABLE,RETRIEVABLE,RETRIEVABLE
6904424725238402305,A,W-article,2020-12-10T00:54:12Z,5.6685,5y+,5y+,5y+,5y+,5y+,5y+,RETRIEVABLE,RETRIEVABLE,RETRIEVABLE,RETRIEVABLE,RETRIEVABLE,RETRIEVABLE
6904762968899177733,A,W-article,2020-12-10T22:46:46Z,5.6661,5y+,5y+,5y+,5y+,5y+,5y+,RETRIEVABLE,RETRIEVABLE,RETRIEVABLE,RETRIEVABLE,RETRIEVABLE,RETRIEVABLE
6905454231831072001,A,W-article,2020-12-12T19:29:13Z,5.6610,5y+,5y+,5y+,5y+,5y+,5y+,RETRIEVABLE,RETRIEVABLE,RETRIEVABLE,RETRIEVABLE,RETRIEVABLE,RETRIEVABLE
6907694673935076614,A,W-article,2020-12-18T20:23:17Z,5.6444,5y+,5y+,5y+,5y+,5y+,5y+,NOT-RETRIEVABLE,NOT-RETRIEVABLE,NOT-RETRIEVABLE,NOT-RETRIEVABLE,NOT-RETRIEVABLE,NOT-RETRIEVABLE
6908404290574961926,A,W-article,2020-12-20T18:16:57Z,5.6392,5y+,5y+,5y+,5y+,5y+,5y+,RETRIEVABLE,RETRIEVABLE,RETRIEVABLE,RETRIEVABLE,RETRIEVABLE,RETRIEVABLE
6908697432708713729,A,W-article,2020-12-21T13:14:30Z,5.6370,5y+,5y+,5y+,5y+,5y+,5y+,RETRIEVABLE,RETRIEVABLE,RETRIEVABLE,RETRIEVABLE,RETRIEVABLE,RETRIEVABLE
6909249749342375174,A,W-article,2020-12-23T00:57:46Z,5.6329,5y+,5y+,5y+,5y+,5y+,5y+,RETRIEVABLE,RETRIEVABLE,RETRIEVABLE,RETRIEVABLE,RETRIEVABLE,RETRIEVABLE
6911332209412656386,A,W-article,2020-12-28T15:38:46Z,5.6176,5y+,5y+,5y+,5y+,5y+,5y+,RETRIEVABLE,RETRIEVABLE,RETRIEVABLE,RETRIEVABLE,RETRIEVABLE,RETRIEVABLE
6911406868699073798,A,W-article,2020-12-28T20:28:29Z,5.6170,5y+,5y+,5y+,5y+,5y+,5y+,RETRIEVABLE,RETRIEVABLE,RETRIEVABLE,RETRIEVABLE,RETRIEVABLE,RETRIEVABLE
6912802272326012162,A,W-article,2021-01-01T14:43:22Z,5.6067,5y+,5y+,5y+,5y+,5y+,5y+,RETRIEVABLE,RETRIEVABLE,RETRIEVABLE,RETRIEVABLE,RETRIEVABLE,RETRIEVABLE
6915490094635879682,A,W-article,2021-01-08T20:33:29Z,5.5869,5y+,5y+,5y+,5y+,5y+,5y+,RETRIEVABLE,RETRIEVABLE,RETRIEVABLE,RETRIEVABLE,RETRIEVABLE,RETRIEVABLE
6915491845992762630,A,W-article,2021-01-08T20:40:17Z,5.5869,5y+,5y+,5y+,5y+,5y+,5y+,RETRIEVABLE,RETRIEVABLE,RETRIEVABLE,RETRIEVABLE,RETRIEVABLE,RETRIEVABLE
6915582437653220613,A,W-article,2021-01-09T02:31:50Z,5.5862,5y+,5y+,5y+,5y+,5y+,5y+,RETRIEVABLE,INDETERMINATE,RETRIEVABLE,RETRIEVABLE,RETRIEVABLE,RETRIEVABLE
6916241393144892677,A,W-article,2021-01-10T21:08:55Z,5.5814,5y+,5y+,5y+,5y+,5y+,5y+,RETRIEVABLE,RETRIEVABLE,RETRIEVABLE,RETRIEVABLE,RETRIEVABLE,RETRIEVABLE
6916649667866529030,A,W-article,2021-01-11T23:33:14Z,5.5784,5y+,5y+,5y+,5y+,5y+,5y+,RETRIEVABLE,RETRIEVABLE,RETRIEVABLE,RETRIEVABLE,RETRIEVABLE,RETRIEVABLE
6917179804592753922,A,W-article,2021-01-13T09:50:26Z,5.5744,5y+,5y+,5y+,5y+,5y+,5y+,INDETERMINATE,RETRIEVABLE,RETRIEVABLE,RETRIEVABLE,RETRIEVABLE,RETRIEVABLE
6917688976925052165,A,W-article,2021-01-14T18:46:17Z,5.5707,5y+,5y+,5y+,5y+,5y+,5y+,RETRIEVABLE,RETRIEVABLE,RETRIEVABLE,RETRIEVABLE,RETRIEVABLE,RETRIEVABLE
6920770041919130886,A,W-article,2021-01-23T02:02:23Z,5.5480,5y+,5y+,5y+,5y+,5y+,5y+,RETRIEVABLE,RETRIEVABLE,RETRIEVABLE,RETRIEVABLE,RETRIEVABLE,RETRIEVABLE
6921063457466895621,A,W-article,2021-01-23T21:00:59Z,5.5458,5y+,5y+,5y+,5y+,5y+,5y+,RETRIEVABLE,RETRIEVABLE,RETRIEVABLE,RETRIEVABLE,RETRIEVABLE,RETRIEVABLE
6921472314706054406,A,W-article,2021-01-24T23:27:34Z,5.5428,5y+,5y+,5y+,5y+,5y+,5y+,RETRIEVABLE,RETRIEVABLE,RETRIEVABLE,RETRIEVABLE,RETRIEVABLE,RETRIEVABLE
6921632625392209154,A,W-article,2021-01-25T09:49:39Z,5.5416,5y+,5y+,5y+,5y+,5y+,5y+,RETRIEVABLE,RETRIEVABLE,RETRIEVABLE,RETRIEVABLE,RETRIEVABLE,RETRIEVABLE
6922412257284459782,A,W-article,2021-01-27T12:15:01Z,5.5358,5y+,5y+,5y+,5y+,5y+,5y+,RETRIEVABLE,RETRIEVABLE,RETRIEVABLE,RETRIEVABLE,RETRIEVABLE,RETRIEVABLE
6922883939082308869,A,W-article,2021-01-28T18:45:23Z,5.5324,5y+,5y+,5y+,5y+,5y+,5y+,RETRIEVABLE,RETRIEVABLE,RETRIEVABLE,RETRIEVABLE,RETRIEVABLE,RETRIEVABLE
6924394900884671750,A,W-article,2021-02-01T20:28:41Z,5.5212,5y+,5y+,5y+,5y+,5y+,5y+,RETRIEVABLE,RETRIEVABLE,RETRIEVABLE,RETRIEVABLE,RETRIEVABLE,RETRIEVABLE
6925773613698256133,A,W-article,2021-02-05T13:38:48Z,5.5110,5y+,5y+,5y+,5y+,5y+,5y+,NOT-RETRIEVABLE,NOT-RETRIEVABLE,NOT-RETRIEVABLE,NOT-RETRIEVABLE,NOT-RETRIEVABLE,NOT-RETRIEVABLE
6926458121443478785,A,W-article,2021-02-07T09:55:02Z,5.5060,5y+,5y+,5y+,5y+,5y+,5y+,RETRIEVABLE,RETRIEVABLE,RETRIEVABLE,RETRIEVABLE,RETRIEVABLE,RETRIEVABLE
6926524308026100993,A,W-article,2021-02-07T14:11:52Z,5.5055,5y+,5y+,5y+,5y+,5y+,5y+,RETRIEVABLE,RETRIEVABLE,RETRIEVABLE,RETRIEVABLE,RETRIEVABLE,RETRIEVABLE
6927720974188039429,A,W-article,2021-02-10T19:35:33Z,5.4967,5y+,5y+,5y+,5y+,5y+,5y+,RETRIEVABLE,RETRIEVABLE,RETRIEVABLE,RETRIEVABLE,RETRIEVABLE,RETRIEVABLE
6927846632235093250,A,W-article,2021-02-11T03:43:10Z,5.4957,5y+,5y+,5y+,5y+,5y+,5y+,RETRIEVABLE,RETRIEVABLE,RETRIEVABLE,RETRIEVABLE,RETRIEVABLE,INDETERMINATE
6929217971436965126,A,W-article,2021-02-14T20:24:40Z,5.4856,5y+,5y+,5y+,5y+,5y+,5y+,RETRIEVABLE,RETRIEVABLE,RETRIEVABLE,RETRIEVABLE,RETRIEVABLE,RETRIEVABLE
6929461990192614657,A,W-article,2021-02-15T12:11:35Z,5.4838,5y+,5y+,5y+,5y+,5y+,5y+,RETRIEVABLE,RETRIEVABLE,RETRIEVABLE,RETRIEVABLE,RETRIEVABLE,RETRIEVABLE
6932343681416514817,A,W-article,2021-02-23T06:34:01Z,5.4626,5y+,5y+,5y+,5y+,5y+,5y+,RETRIEVABLE,RETRIEVABLE,RETRIEVABLE,RETRIEVABLE,RETRIEVABLE,RETRIEVABLE
6932635718615338246,A,W-article,2021-02-24T01:27:16Z,5.4604,5y+,5y+,5y+,5y+,5y+,5y+,RETRIEVABLE,RETRIEVABLE,RETRIEVABLE,RETRIEVABLE,RETRIEVABLE,RETRIEVABLE
6933651124801031430,A,W-article,2021-02-26T19:07:34Z,5.4529,5y+,5y+,5y+,5y+,5y+,5y+,RETRIEVABLE,RETRIEVABLE,RETRIEVABLE,RETRIEVABLE,RETRIEVABLE,RETRIEVABLE
6935041553903717638,A,W-article,2021-03-02T13:03:08Z,5.4427,5y+,5y+,5y+,5y+,5y+,5y+,NOT-RETRIEVABLE,NOT-RETRIEVABLE,NOT-RETRIEVABLE,NOT-RETRIEVABLE,NOT-RETRIEVABLE,NOT-RETRIEVABLE
6936162441571142914,A,W-article,2021-03-05T13:32:45Z,5.4344,5y+,5y+,5y+,5y+,5y+,5y+,RETRIEVABLE,RETRIEVABLE,RETRIEVABLE,RETRIEVABLE,RETRIEVABLE,RETRIEVABLE
6937839859994299653,A,W-article,2021-03-10T02:02:00Z,5.4220,5y+,5y+,5y+,5y+,5y+,5y+,NOT-RETRIEVABLE,NOT-RETRIEVABLE,NOT-RETRIEVABLE,NOT-RETRIEVABLE,NOT-RETRIEVABLE,NOT-RETRIEVABLE
6938483023721565445,A,W-article,2021-03-11T19:37:48Z,5.4173,5y+,5y+,5y+,5y+,5y+,5y+,NOT-RETRIEVABLE,NOT-RETRIEVABLE,NOT-RETRIEVABLE,NOT-RETRIEVABLE,NOT-RETRIEVABLE,NOT-RETRIEVABLE
6940044538081758469,A,W-article,2021-03-16T00:37:16Z,5.4057,5y+,5y+,5y+,5y+,5y+,5y+,RETRIEVABLE,RETRIEVABLE,RETRIEVABLE,RETRIEVABLE,RETRIEVABLE,RETRIEVABLE
6941010483021466885,A,W-article,2021-03-18T15:05:38Z,5.3986,5y+,5y+,5y+,5y+,5y+,5y+,RETRIEVABLE,RETRIEVABLE,RETRIEVABLE,RETRIEVABLE,RETRIEVABLE,RETRIEVABLE
6944786744097164549,A,W-article,2021-03-28T19:19:27Z,5.3708,5y+,5y+,5y+,5y+,5y+,5y+,RETRIEVABLE,RETRIEVABLE,RETRIEVABLE,RETRIEVABLE,RETRIEVABLE,RETRIEVABLE
6946026632436059394,A,W-article,2021-04-01T03:30:51Z,5.3616,5y+,5y+,5y+,5y+,5y+,5y+,RETRIEVABLE,RETRIEVABLE,RETRIEVABLE,RETRIEVABLE,RETRIEVABLE,RETRIEVABLE
6946112494377159937,A,W-article,2021-04-01T09:04:02Z,5.3610,5y+,5y+,5y+,5y+,5y+,5y+,NOT-RETRIEVABLE,NOT-RETRIEVABLE,NOT-RETRIEVABLE,NOT-RETRIEVABLE,NOT-RETRIEVABLE,NOT-RETRIEVABLE
6947088027114016006,A,W-article,2021-04-04T00:09:36Z,5.3538,5y+,5y+,5y+,5y+,5y+,5y+,RETRIEVABLE,RETRIEVABLE,RETRIEVABLE,RETRIEVABLE,RETRIEVABLE,RETRIEVABLE
6948196985643994373,A,W-article,2021-04-06T23:52:56Z,5.3456,5y+,5y+,5y+,5y+,5y+,5y+,RETRIEVABLE,RETRIEVABLE,RETRIEVABLE,RETRIEVABLE,RETRIEVABLE,RETRIEVABLE
6948740634060639493,A,W-article,2021-04-08T11:02:34Z,5.3416,5y+,5y+,5y+,5y+,5y+,5y+,RETRIEVABLE,RETRIEVABLE,RETRIEVABLE,RETRIEVABLE,RETRIEVABLE,RETRIEVABLE
6948758296559947013,A,W-article,2021-04-08T12:11:06Z,5.3415,5y+,5y+,5y+,5y+,5y+,5y+,RETRIEVABLE,RETRIEVABLE,RETRIEVABLE,RETRIEVABLE,RETRIEVABLE,RETRIEVABLE
6949221304268639494,A,W-article,2021-04-09T18:07:49Z,5.3380,5y+,5y+,5y+,5y+,5y+,5y+,INDETERMINATE,RETRIEVABLE,RETRIEVABLE,RETRIEVABLE,RETRIEVABLE,RETRIEVABLE
6949780364537679109,A,W-article,2021-04-11T06:17:15Z,5.3339,5y+,5y+,5y+,5y+,5y+,5y+,NOT-RETRIEVABLE,NOT-RETRIEVABLE,NOT-RETRIEVABLE,NOT-RETRIEVABLE,NOT-RETRIEVABLE,NOT-RETRIEVABLE
6950240079583513862,A,W-article,2021-04-12T12:01:11Z,5.3305,5y+,5y+,5y+,5y+,5y+,5y+,RETRIEVABLE,RETRIEVABLE,RETRIEVABLE,RETRIEVABLE,RETRIEVABLE,RETRIEVABLE
6950329609929886982,A,W-article,2021-04-12T17:48:36Z,5.3299,5y+,5y+,5y+,5y+,5y+,5y+,RETRIEVABLE,RETRIEVABLE,RETRIEVABLE,RETRIEVABLE,RETRIEVABLE,RETRIEVABLE
6950627842518568197,A,W-article,2021-04-13T13:05:54Z,5.3277,5y+,5y+,5y+,5y+,5y+,5y+,RETRIEVABLE,RETRIEVABLE,RETRIEVABLE,RETRIEVABLE,RETRIEVABLE,RETRIEVABLE
6950753353227832582,A,W-article,2021-04-13T21:12:57Z,5.3267,5y+,5y+,5y+,5y+,5y+,5y+,RETRIEVABLE,RETRIEVABLE,RETRIEVABLE,RETRIEVABLE,RETRIEVABLE,RETRIEVABLE
6952079916515085570,A,W-article,2021-04-17T11:00:41Z,5.3170,5y+,5y+,5y+,5y+,5y+,5y+,RETRIEVABLE,RETRIEVABLE,RETRIEVABLE,RETRIEVABLE,RETRIEVABLE,RETRIEVABLE
6952934837741210885,A,W-article,2021-04-19T18:18:13Z,5.3106,5y+,5y+,5y+,5y+,5y+,5y+,RETRIEVABLE,RETRIEVABLE,RETRIEVABLE,RETRIEVABLE,RETRIEVABLE,RETRIEVABLE
6954156891933101318,A,W-article,2021-04-23T01:20:25Z,5.3016,5y+,5y+,5y+,5y+,5y+,5y+,RETRIEVABLE,RETRIEVABLE,RETRIEVABLE,RETRIEVABLE,RETRIEVABLE,RETRIEVABLE
6954217917806431493,A,W-article,2021-04-23T05:17:13Z,5.3012,5y+,5y+,5y+,5y+,5y+,5y+,RETRIEVABLE,RETRIEVABLE,RETRIEVABLE,RETRIEVABLE,RETRIEVABLE,RETRIEVABLE
6956182130732829954,A,W-article,2021-04-28T12:19:22Z,5.2867,5y+,5y+,5y+,5y+,5y+,5y+,RETRIEVABLE,RETRIEVABLE,RETRIEVABLE,RETRIEVABLE,RETRIEVABLE,RETRIEVABLE
6956939133910568197,A,W-article,2021-04-30T13:16:56Z,5.2811,5y+,5y+,5y+,5y+,5y+,5y+,RETRIEVABLE,RETRIEVABLE,RETRIEVABLE,RETRIEVABLE,RETRIEVABLE,RETRIEVABLE
6958070927817067782,A,W-article,2021-05-03T14:28:52Z,5.2727,5y+,5y+,5y+,5y+,5y+,5y+,NOT-RETRIEVABLE,NOT-RETRIEVABLE,NOT-RETRIEVABLE,NOT-RETRIEVABLE,NOT-RETRIEVABLE,NOT-RETRIEVABLE
6958497452194385157,A,W-article,2021-05-04T18:04:00Z,5.2696,5y+,5y+,5y+,5y+,5y+,5y+,RETRIEVABLE,RETRIEVABLE,RETRIEVABLE,RETRIEVABLE,RETRIEVABLE,RETRIEVABLE
6958754890973728005,A,W-article,2021-05-05T10:43:00Z,5.2677,5y+,5y+,5y+,5y+,5y+,5y+,RETRIEVABLE,RETRIEVABLE,RETRIEVABLE,RETRIEVABLE,RETRIEVABLE,RETRIEVABLE
6958914024494976262,A,W-article,2021-05-05T21:00:31Z,5.2665,5y+,5y+,5y+,5y+,5y+,5y+,RETRIEVABLE,RETRIEVABLE,RETRIEVABLE,RETRIEVABLE,RETRIEVABLE,RETRIEVABLE
6959055810357906694,A,W-article,2021-05-06T06:10:43Z,5.2655,5y+,5y+,5y+,5y+,5y+,5y+,RETRIEVABLE,RETRIEVABLE,RETRIEVABLE,RETRIEVABLE,RETRIEVABLE,RETRIEVABLE
6960440316121844997,A,W-article,2021-05-09T23:43:18Z,5.2553,5y+,5y+,5y+,5y+,5y+,5y+,RETRIEVABLE,RETRIEVABLE,RETRIEVABLE,RETRIEVABLE,RETRIEVABLE,RETRIEVABLE
6960590893829065985,A,W-article,2021-05-10T09:27:38Z,5.2542,5y+,5y+,5y+,5y+,5y+,5y+,RETRIEVABLE,RETRIEVABLE,RETRIEVABLE,RETRIEVABLE,RETRIEVABLE,RETRIEVABLE
6960627645918825734,A,W-article,2021-05-10T11:50:15Z,5.2539,5y+,5y+,5y+,5y+,5y+,5y+,RETRIEVABLE,RETRIEVABLE,RETRIEVABLE,RETRIEVABLE,INDETERMINATE,RETRIEVABLE
6960812803540225285,A,W-article,2021-05-10T23:48:45Z,5.2525,5y+,5y+,5y+,5y+,5y+,5y+,RETRIEVABLE,RETRIEVABLE,RETRIEVABLE,RETRIEVABLE,RETRIEVABLE,RETRIEVABLE
6960815745165036806,A,W-article,2021-05-11T00:00:10Z,5.2525,5y+,5y+,5y+,5y+,5y+,5y+,RETRIEVABLE,RETRIEVABLE,RETRIEVABLE,RETRIEVABLE,RETRIEVABLE,RETRIEVABLE
6961092098833566982,A,W-article,2021-05-11T17:52:33Z,5.2505,5y+,5y+,5y+,5y+,5y+,5y+,NOT-RETRIEVABLE,NOT-RETRIEVABLE,NOT-RETRIEVABLE,NOT-RETRIEVABLE,NOT-RETRIEVABLE,NOT-RETRIEVABLE
6961405079870115077,A,W-article,2021-05-12T14:07:05Z,5.2482,5y+,5y+,5y+,5y+,5y+,5y+,RETRIEVABLE,RETRIEVABLE,RETRIEVABLE,RETRIEVABLE,RETRIEVABLE,RETRIEVABLE
6961797506338508034,A,W-article,2021-05-13T15:29:54Z,5.2453,5y+,5y+,5y+,5y+,5y+,5y+,RETRIEVABLE,RETRIEVABLE,RETRIEVABLE,RETRIEVABLE,RETRIEVABLE,RETRIEVABLE
6961803258344082694,A,W-article,2021-05-13T15:52:13Z,5.2452,5y+,5y+,5y+,5y+,5y+,5y+,RETRIEVABLE,RETRIEVABLE,RETRIEVABLE,RETRIEVABLE,RETRIEVABLE,RETRIEVABLE
6962298702606159109,A,W-article,2021-05-14T23:54:48Z,5.2416,5y+,5y+,5y+,5y+,5y+,5y+,RETRIEVABLE,RETRIEVABLE,RETRIEVABLE,RETRIEVABLE,RETRIEVABLE,RETRIEVABLE
6962432239153974529,A,W-article,2021-05-15T08:32:59Z,5.2406,5y+,5y+,5y+,5y+,5y+,5y+,RETRIEVABLE,RETRIEVABLE,RETRIEVABLE,RETRIEVABLE,RETRIEVABLE,RETRIEVABLE
6962743277795691777,A,W-article,2021-05-16T04:39:58Z,5.2383,5y+,5y+,5y+,5y+,5y+,5y+,RETRIEVABLE,RETRIEVABLE,RETRIEVABLE,RETRIEVABLE,RETRIEVABLE,RETRIEVABLE
6963661921820200193,A,W-article,2021-05-18T16:04:47Z,5.2315,5y+,5y+,5y+,5y+,5y+,5y+,RETRIEVABLE,RETRIEVABLE,RETRIEVABLE,RETRIEVABLE,RETRIEVABLE,RETRIEVABLE
6964185630045637890,A,W-article,2021-05-20T01:57:02Z,5.2276,5y+,5y+,5y+,5y+,5y+,5y+,RETRIEVABLE,RETRIEVABLE,RETRIEVABLE,RETRIEVABLE,RETRIEVABLE,RETRIEVABLE
6965887431094684929,A,W-article,2021-05-24T16:00:54Z,5.2151,5y+,5y+,5y+,5y+,5y+,5y+,RETRIEVABLE,RETRIEVABLE,RETRIEVABLE,RETRIEVABLE,RETRIEVABLE,RETRIEVABLE
6966539425765526785,A,W-article,2021-05-26T10:10:58Z,5.2103,5y+,5y+,5y+,5y+,5y+,5y+,NOT-RETRIEVABLE,NOT-RETRIEVABLE,NOT-RETRIEVABLE,NOT-RETRIEVABLE,NOT-RETRIEVABLE,NOT-RETRIEVABLE
6968446123560209670,A,W-article,2021-05-31T13:29:56Z,5.1962,5y+,5y+,5y+,5y+,5y+,5y+,RETRIEVABLE,RETRIEVABLE,RETRIEVABLE,RETRIEVABLE,RETRIEVABLE,RETRIEVABLE
6969361339525434629,A,W-article,2021-06-03T00:41:26Z,5.1894,5y+,5y+,5y+,5y+,5y+,5y+,RETRIEVABLE,RETRIEVABLE,RETRIEVABLE,RETRIEVABLE,RETRIEVABLE,RETRIEVABLE
6969491182376242438,A,W-article,2021-06-03T09:05:17Z,5.1885,5y+,5y+,5y+,5y+,5y+,5y+,RETRIEVABLE,RETRIEVABLE,RETRIEVABLE,RETRIEVABLE,RETRIEVABLE,RETRIEVABLE
6969628786627284229,A,W-article,2021-06-03T17:59:16Z,5.1875,5y+,5y+,5y+,5y+,5y+,5y+,RETRIEVABLE,RETRIEVABLE,RETRIEVABLE,RETRIEVABLE,RETRIEVABLE,RETRIEVABLE
6969888363834772738,A,W-article,2021-06-04T10:46:33Z,5.1856,5y+,5y+,5y+,5y+,5y+,5y+,RETRIEVABLE,RETRIEVABLE,RETRIEVABLE,RETRIEVABLE,RETRIEVABLE,RETRIEVABLE
6970974449008987394,A,W-article,2021-06-07T09:01:07Z,5.1775,5y+,5y+,5y+,5y+,5y+,5y+,NOT-RETRIEVABLE,NOT-RETRIEVABLE,NOT-RETRIEVABLE,NOT-RETRIEVABLE,NOT-RETRIEVABLE,NOT-RETRIEVABLE
6971795480774708485,A,W-article,2021-06-09T14:07:09Z,5.1715,5y+,5y+,5y+,5y+,5y+,5y+,INDETERMINATE,RETRIEVABLE,RETRIEVABLE,RETRIEVABLE,RETRIEVABLE,RETRIEVABLE
6973392083554012422,A,W-article,2021-06-13T21:22:47Z,5.1597,5y+,5y+,5y+,5y+,5y+,5y+,RETRIEVABLE,RETRIEVABLE,RETRIEVABLE,RETRIEVABLE,RETRIEVABLE,RETRIEVABLE
6973813778597055749,A,W-article,2021-06-15T00:39:10Z,5.1566,5y+,5y+,5y+,5y+,5y+,5y+,RETRIEVABLE,RETRIEVABLE,RETRIEVABLE,RETRIEVABLE,RETRIEVABLE,RETRIEVABLE
6974700558233980161,A,W-article,2021-06-17T10:00:20Z,5.1501,5y+,5y+,5y+,5y+,5y+,5y+,RETRIEVABLE,RETRIEVABLE,RETRIEVABLE,RETRIEVABLE,RETRIEVABLE,RETRIEVABLE
6975733485306727681,A,W-article,2021-06-20T04:48:37Z,5.1424,5y+,5y+,5y+,5y+,5y+,5y+,RETRIEVABLE,RETRIEVABLE,RETRIEVABLE,RETRIEVABLE,RETRIEVABLE,RETRIEVABLE
6975931848169966853,A,W-article,2021-06-20T17:38:22Z,5.1410,5y+,5y+,5y+,5y+,5y+,5y+,RETRIEVABLE,RETRIEVABLE,RETRIEVABLE,RETRIEVABLE,RETRIEVABLE,RETRIEVABLE
6976241963888577794,A,W-article,2021-06-21T13:41:46Z,5.1387,5y+,5y+,5y+,5y+,5y+,5y+,RETRIEVABLE,RETRIEVABLE,RETRIEVABLE,RETRIEVABLE,RETRIEVABLE,RETRIEVABLE
6977009971380702469,A,W-article,2021-06-23T15:22:02Z,5.1330,5y+,5y+,5y+,5y+,5y+,5y+,RETRIEVABLE,RETRIEVABLE,RETRIEVABLE,RETRIEVABLE,RETRIEVABLE,RETRIEVABLE
6977016155269565697,A,W-article,2021-06-23T15:46:02Z,5.1330,5y+,5y+,5y+,5y+,5y+,5y+,RETRIEVABLE,RETRIEVABLE,RETRIEVABLE,RETRIEVABLE,RETRIEVABLE,RETRIEVABLE
6978185246533504261,A,W-article,2021-06-26T19:22:42Z,5.1243,5y+,5y+,5y+,5y+,5y+,5y+,RETRIEVABLE,RETRIEVABLE,RETRIEVABLE,RETRIEVABLE,RETRIEVABLE,RETRIEVABLE
6978558405120216326,A,W-article,2021-06-27T19:30:45Z,5.1216,5y+,5y+,5y+,5y+,5y+,5y+,NOT-RETRIEVABLE,NOT-RETRIEVABLE,NOT-RETRIEVABLE,NOT-RETRIEVABLE,NOT-RETRIEVABLE,NOT-RETRIEVABLE
6979606181463526661,A,W-article,2021-06-30T15:16:39Z,5.1139,5y+,5y+,5y+,5y+,5y+,5y+,RETRIEVABLE,RETRIEVABLE,RETRIEVABLE,RETRIEVABLE,RETRIEVABLE,RETRIEVABLE
6980213949199322373,A,W-article,2021-07-02T06:35:06Z,5.1094,5y+,5y+,5y+,5y+,5y+,5y+,RETRIEVABLE,RETRIEVABLE,RETRIEVABLE,RETRIEVABLE,RETRIEVABLE,RETRIEVABLE
6981779883064036609,A,W-article,2021-07-06T11:51:44Z,5.0978,5y+,5y+,5y+,5y+,5y+,5y+,RETRIEVABLE,RETRIEVABLE,RETRIEVABLE,RETRIEVABLE,RETRIEVABLE,RETRIEVABLE
6981784374719139098,A,W-article,2021-07-06T12:09:09Z,5.0978,5y+,5y+,5y+,5y+,5y+,5y+,RETRIEVABLE,RETRIEVABLE,RETRIEVABLE,RETRIEVABLE,RETRIEVABLE,RETRIEVABLE
6982053239130688770,A,W-article,2021-07-07T05:32:29Z,5.0958,5y+,5y+,5y+,5y+,5y+,5y+,RETRIEVABLE,RETRIEVABLE,RETRIEVABLE,RETRIEVABLE,RETRIEVABLE,RETRIEVABLE
6982279853257133317,A,W-article,2021-07-07T20:11:52Z,5.0941,5y+,5y+,5y+,5y+,5y+,5y+,RETRIEVABLE,RETRIEVABLE,RETRIEVABLE,RETRIEVABLE,RETRIEVABLE,RETRIEVABLE
6982586753047661850,A,W-article,2021-07-08T16:02:48Z,5.0919,5y+,5y+,5y+,5y+,5y+,5y+,RETRIEVABLE,RETRIEVABLE,RETRIEVABLE,RETRIEVABLE,RETRIEVABLE,RETRIEVABLE
6982680092010974470,A,W-article,2021-07-08T22:05:00Z,5.0912,5y+,5y+,5y+,5y+,5y+,5y+,RETRIEVABLE,RETRIEVABLE,RETRIEVABLE,RETRIEVABLE,RETRIEVABLE,RETRIEVABLE
6982932052765199621,A,W-article,2021-07-09T14:22:44Z,5.0893,5y+,5y+,5y+,5y+,5y+,5y+,RETRIEVABLE,RETRIEVABLE,RETRIEVABLE,RETRIEVABLE,RETRIEVABLE,RETRIEVABLE
6983923555671035141,A,W-article,2021-07-12T06:30:16Z,5.0820,5y+,5y+,5y+,5y+,5y+,5y+,NOT-RETRIEVABLE,NOT-RETRIEVABLE,NOT-RETRIEVABLE,NOT-RETRIEVABLE,NOT-RETRIEVABLE,NOT-RETRIEVABLE
6984346088467647746,A,W-article,2021-07-13T09:49:55Z,5.0789,5y+,5y+,5y+,5y+,5y+,5y+,NOT-RETRIEVABLE,NOT-RETRIEVABLE,NOT-RETRIEVABLE,NOT-RETRIEVABLE,NOT-RETRIEVABLE,NOT-RETRIEVABLE
6985534045266382082,A,W-article,2021-07-16T14:39:48Z,5.0701,5y+,5y+,5y+,5y+,5y+,5y+,RETRIEVABLE,RETRIEVABLE,RETRIEVABLE,RETRIEVABLE,RETRIEVABLE,RETRIEVABLE
6986539431389908230,A,W-article,2021-07-19T07:41:12Z,5.0627,5y+,5y+,5y+,5y+,5y+,5y+,NOT-RETRIEVABLE,NOT-RETRIEVABLE,NOT-RETRIEVABLE,NOT-RETRIEVABLE,NOT-RETRIEVABLE,NOT-RETRIEVABLE
6987049782137081093,A,W-article,2021-07-20T16:41:38Z,5.0589,5y+,5y+,5y+,5y+,5y+,5y+,RETRIEVABLE,RETRIEVABLE,RETRIEVABLE,RETRIEVABLE,RETRIEVABLE,RETRIEVABLE
6988983656010353926,A,W-article,2021-07-25T21:46:03Z,5.0447,5y+,5y+,5y+,5y+,5y+,5y+,NOT-RETRIEVABLE,NOT-RETRIEVABLE,NOT-RETRIEVABLE,NOT-RETRIEVABLE,NOT-RETRIEVABLE,NOT-RETRIEVABLE
6990087426282638598,A,W-article,2021-07-28T21:09:14Z,5.0365,5y+,5y+,5y+,5y+,5y+,5y+,RETRIEVABLE,RETRIEVABLE,RETRIEVABLE,RETRIEVABLE,RETRIEVABLE,RETRIEVABLE
6990322064628436229,A,W-article,2021-07-29T12:19:45Z,5.0348,5y+,5y+,5y+,5y+,5y+,5y+,NOT-RETRIEVABLE,NOT-RETRIEVABLE,NOT-RETRIEVABLE,NOT-RETRIEVABLE,NOT-RETRIEVABLE,NOT-RETRIEVABLE
6991821424591654146,A,W-article,2021-08-02T13:18:02Z,5.0237,5y+,5y+,5y+,5y+,5y+,5y+,RETRIEVABLE,RETRIEVABLE,RETRIEVABLE,RETRIEVABLE,RETRIEVABLE,RETRIEVABLE
6991823208093715714,A,W-article,2021-08-02T13:24:57Z,5.0237,5y+,5y+,5y+,5y+,5y+,5y+,RETRIEVABLE,RETRIEVABLE,RETRIEVABLE,RETRIEVABLE,RETRIEVABLE,RETRIEVABLE
6991885364583533829,A,W-article,2021-08-02T17:26:09Z,5.0233,5y+,5y+,5y+,5y+,5y+,5y+,RETRIEVABLE,RETRIEVABLE,RETRIEVABLE,RETRIEVABLE,RETRIEVABLE,RETRIEVABLE
6991972533268401409,A,W-article,2021-08-02T23:04:25Z,5.0226,5y+,5y+,5y+,5y+,5y+,5y+,RETRIEVABLE,RETRIEVABLE,RETRIEVABLE,RETRIEVABLE,RETRIEVABLE,RETRIEVABLE
6992157425063202049,A,W-article,2021-08-03T11:01:53Z,5.0213,5y+,5y+,5y+,5y+,5y+,5y+,RETRIEVABLE,RETRIEVABLE,RETRIEVABLE,RETRIEVABLE,RETRIEVABLE,RETRIEVABLE
6994107712132992261,A,W-article,2021-08-08T17:10:00Z,5.0069,5y+,5y+,5y+,5y+,5y+,5y+,RETRIEVABLE,RETRIEVABLE,RETRIEVABLE,RETRIEVABLE,RETRIEVABLE,RETRIEVABLE
6994412342750629122,A,W-article,2021-08-09T12:52:07Z,5.0046,5y+,5y+,5y+,5y+,5y+,5y+,RETRIEVABLE,RETRIEVABLE,RETRIEVABLE,RETRIEVABLE,RETRIEVABLE,RETRIEVABLE
6995836797225913606,A,W-article,2021-08-13T08:59:44Z,4.9941,4-5y,4-5y,4-5y,5y+,5y+,5y+,RETRIEVABLE,RETRIEVABLE,RETRIEVABLE,RETRIEVABLE,RETRIEVABLE,RETRIEVABLE
6996021504639126790,A,W-article,2021-08-13T20:56:29Z,4.9928,4-5y,4-5y,4-5y,5y+,5y+,5y+,RETRIEVABLE,RETRIEVABLE,INDETERMINATE,RETRIEVABLE,RETRIEVABLE,RETRIEVABLE
6996626092903714050,A,W-article,2021-08-15T12:02:36Z,4.9883,4-5y,4-5y,4-5y,4-5y,4-5y,5y+,RETRIEVABLE,RETRIEVABLE,RETRIEVABLE,RETRIEVABLE,RETRIEVABLE,RETRIEVABLE
6996738152916405509,A,W-article,2021-08-15T19:17:27Z,4.9875,4-5y,4-5y,4-5y,4-5y,4-5y,5y+,RETRIEVABLE,RETRIEVABLE,RETRIEVABLE,RETRIEVABLE,RETRIEVABLE,RETRIEVABLE
6997698230079311130,A,W-article,2021-08-18T09:23:03Z,4.9804,4-5y,4-5y,4-5y,4-5y,4-5y,4-5y,RETRIEVABLE,RETRIEVABLE,RETRIEVABLE,RETRIEVABLE,RETRIEVABLE,RETRIEVABLE
6997901066327067909,A,W-article,2021-08-18T22:30:09Z,4.9789,4-5y,4-5y,4-5y,4-5y,4-5y,4-5y,RETRIEVABLE,RETRIEVABLE,RETRIEVABLE,RETRIEVABLE,RETRIEVABLE,RETRIEVABLE
6998676102365629702,A,W-article,2021-08-21T00:37:41Z,4.9732,4-5y,4-5y,4-5y,4-5y,4-5y,4-5y,RETRIEVABLE,RETRIEVABLE,RETRIEVABLE,RETRIEVABLE,RETRIEVABLE,RETRIEVABLE
6999119251332205830,A,W-article,2021-08-22T05:17:20Z,4.9699,4-5y,4-5y,4-5y,4-5y,4-5y,4-5y,RETRIEVABLE,RETRIEVABLE,RETRIEVABLE,RETRIEVABLE,RETRIEVABLE,RETRIEVABLE
6999689923372535046,A,W-article,2021-08-23T18:11:50Z,4.9657,4-5y,4-5y,4-5y,4-5y,4-5y,4-5y,RETRIEVABLE,RETRIEVABLE,RETRIEVABLE,RETRIEVABLE,RETRIEVABLE,RETRIEVABLE
7000186758629526789,A,W-article,2021-08-25T02:19:48Z,4.9620,4-5y,4-5y,4-5y,4-5y,4-5y,4-5y,RETRIEVABLE,RETRIEVABLE,RETRIEVABLE,RETRIEVABLE,RETRIEVABLE,RETRIEVABLE
7000233210865044737,A,W-article,2021-08-25T05:20:04Z,4.9617,4-5y,4-5y,4-5y,4-5y,4-5y,4-5y,RETRIEVABLE,RETRIEVABLE,RETRIEVABLE,RETRIEVABLE,RETRIEVABLE,RETRIEVABLE
7001103237357079813,A,W-article,2021-08-27T13:36:13Z,4.9553,4-5y,4-5y,4-5y,4-5y,4-5y,4-5y,RETRIEVABLE,RETRIEVABLE,RETRIEVABLE,RETRIEVABLE,RETRIEVABLE,RETRIEVABLE
7001781147277577473,A,W-article,2021-08-29T09:26:51Z,4.9503,4-5y,4-5y,4-5y,4-5y,4-5y,4-5y,RETRIEVABLE,RETRIEVABLE,RETRIEVABLE,RETRIEVABLE,RETRIEVABLE,RETRIEVABLE
7002195458495876358,A,W-article,2021-08-30T12:14:35Z,4.9472,4-5y,4-5y,4-5y,4-5y,4-5y,4-5y,RETRIEVABLE,RETRIEVABLE,RETRIEVABLE,RETRIEVABLE,RETRIEVABLE,RETRIEVABLE
7002581236770295046,A,W-article,2021-08-31T13:11:36Z,4.9444,4-5y,4-5y,4-5y,4-5y,4-5y,4-5y,RETRIEVABLE,RETRIEVABLE,RETRIEVABLE,RETRIEVABLE,RETRIEVABLE,RETRIEVABLE
7002716221489581317,A,W-article,2021-08-31T21:55:25Z,4.9434,4-5y,4-5y,4-5y,4-5y,4-5y,4-5y,RETRIEVABLE,RETRIEVABLE,RETRIEVABLE,RETRIEVABLE,RETRIEVABLE,RETRIEVABLE
7004222756648750341,A,W-article,2021-09-04T23:21:32Z,4.9322,4-5y,4-5y,4-5y,4-5y,4-5y,4-5y,RETRIEVABLE,RETRIEVABLE,RETRIEVABLE,RETRIEVABLE,RETRIEVABLE,RETRIEVABLE
7004772856261315841,A,W-article,2021-09-06T10:56:12Z,4.9282,4-5y,4-5y,4-5y,4-5y,4-5y,4-5y,RETRIEVABLE,RETRIEVABLE,RETRIEVABLE,RETRIEVABLE,RETRIEVABLE,RETRIEVABLE
7007486587781123333,A,W-article,2021-09-13T18:26:52Z,4.9082,4-5y,4-5y,4-5y,4-5y,4-5y,4-5y,RETRIEVABLE,RETRIEVABLE,RETRIEVABLE,RETRIEVABLE,RETRIEVABLE,RETRIEVABLE
7007864429354192133,A,W-article,2021-09-14T18:53:05Z,4.9054,4-5y,4-5y,4-5y,4-5y,4-5y,4-5y,RETRIEVABLE,RETRIEVABLE,RETRIEVABLE,RETRIEVABLE,RETRIEVABLE,RETRIEVABLE
7008197076093930758,A,W-article,2021-09-15T16:23:56Z,4.9029,4-5y,4-5y,4-5y,4-5y,4-5y,4-5y,RETRIEVABLE,RETRIEVABLE,RETRIEVABLE,RETRIEVABLE,RETRIEVABLE,RETRIEVABLE
7008700077309054213,A,W-article,2021-09-17T00:55:50Z,4.8992,4-5y,4-5y,4-5y,4-5y,4-5y,4-5y,RETRIEVABLE,RETRIEVABLE,RETRIEVABLE,RETRIEVABLE,RETRIEVABLE,RETRIEVABLE
7008907083752033541,A,W-article,2021-09-17T14:19:07Z,4.8977,4-5y,4-5y,4-5y,4-5y,4-5y,4-5y,RETRIEVABLE,RETRIEVABLE,RETRIEVABLE,RETRIEVABLE,RETRIEVABLE,RETRIEVABLE
7010950870196129029,A,W-article,2021-09-23T02:30:03Z,4.8826,4-5y,4-5y,4-5y,4-5y,4-5y,4-5y,INDETERMINATE,RETRIEVABLE,RETRIEVABLE,RETRIEVABLE,RETRIEVABLE,RETRIEVABLE
7012358140641545477,A,W-article,2021-09-26T21:30:59Z,4.8722,4-5y,4-5y,4-5y,4-5y,4-5y,4-5y,RETRIEVABLE,RETRIEVABLE,RETRIEVABLE,RETRIEVABLE,RETRIEVABLE,RETRIEVABLE
7012382672488090886,A,W-article,2021-09-26T23:06:11Z,4.8720,4-5y,4-5y,4-5y,4-5y,4-5y,4-5y,RETRIEVABLE,RETRIEVABLE,RETRIEVABLE,RETRIEVABLE,RETRIEVABLE,RETRIEVABLE
7012816406643363077,A,W-article,2021-09-28T03:09:17Z,4.8688,4-5y,4-5y,4-5y,4-5y,4-5y,4-5y,RETRIEVABLE,RETRIEVABLE,RETRIEVABLE,RETRIEVABLE,RETRIEVABLE,RETRIEVABLE
7013045390895271173,A,W-article,2021-09-28T17:57:52Z,4.8672,4-5y,4-5y,4-5y,4-5y,4-5y,4-5y,NOT-RETRIEVABLE,NOT-RETRIEVABLE,NOT-RETRIEVABLE,NOT-RETRIEVABLE,NOT-RETRIEVABLE,NOT-RETRIEVABLE
7013488501605813510,A,W-article,2021-09-29T22:37:22Z,4.8639,4-5y,4-5y,4-5y,4-5y,4-5y,4-5y,RETRIEVABLE,RETRIEVABLE,RETRIEVABLE,RETRIEVABLE,RETRIEVABLE,RETRIEVABLE
7013734539084172546,A,W-article,2021-09-30T14:32:07Z,4.8621,4-5y,4-5y,4-5y,4-5y,4-5y,4-5y,NOT-RETRIEVABLE,NOT-RETRIEVABLE,NOT-RETRIEVABLE,NOT-RETRIEVABLE,NOT-RETRIEVABLE,NOT-RETRIEVABLE
7013774783670193413,A,W-article,2021-09-30T17:08:17Z,4.8618,4-5y,4-5y,4-5y,4-5y,4-5y,4-5y,RETRIEVABLE,RETRIEVABLE,RETRIEVABLE,RETRIEVABLE,RETRIEVABLE,RETRIEVABLE
7013859486892887323,A,W-article,2021-09-30T22:36:58Z,4.8611,4-5y,4-5y,4-5y,4-5y,4-5y,4-5y,NOT-RETRIEVABLE,NOT-RETRIEVABLE,NOT-RETRIEVABLE,NOT-RETRIEVABLE,NOT-RETRIEVABLE,NOT-RETRIEVABLE
7014086720903793926,A,W-article,2021-10-01T13:18:45Z,4.8595,4-5y,4-5y,4-5y,4-5y,4-5y,4-5y,RETRIEVABLE,RETRIEVABLE,RETRIEVABLE,RETRIEVABLE,RETRIEVABLE,RETRIEVABLE
7014438685173189889,A,W-article,2021-10-02T12:04:33Z,4.8569,4-5y,4-5y,4-5y,4-5y,4-5y,4-5y,RETRIEVABLE,RETRIEVABLE,RETRIEVABLE,RETRIEVABLE,RETRIEVABLE,RETRIEVABLE
7015180139197713665,A,W-article,2021-10-04T12:01:47Z,4.8514,4-5y,4-5y,4-5y,4-5y,4-5y,4-5y,RETRIEVABLE,RETRIEVABLE,RETRIEVABLE,RETRIEVABLE,RETRIEVABLE,RETRIEVABLE
7015374174000532741,A,W-article,2021-10-05T00:34:44Z,4.8500,4-5y,4-5y,4-5y,4-5y,4-5y,4-5y,RETRIEVABLE,RETRIEVABLE,RETRIEVABLE,RETRIEVABLE,RETRIEVABLE,RETRIEVABLE
7016247991090613505,A,W-article,2021-10-07T09:05:35Z,4.8435,4-5y,4-5y,4-5y,4-5y,4-5y,4-5y,RETRIEVABLE,RETRIEVABLE,RETRIEVABLE,RETRIEVABLE,RETRIEVABLE,RETRIEVABLE
7016269137743744258,A,W-article,2021-10-07T10:27:39Z,4.8434,4-5y,4-5y,4-5y,4-5y,4-5y,4-5y,RETRIEVABLE,RETRIEVABLE,RETRIEVABLE,RETRIEVABLE,RETRIEVABLE,RETRIEVABLE
7016324838872599813,A,W-article,2021-10-07T14:03:48Z,4.8430,4-5y,4-5y,4-5y,4-5y,4-5y,4-5y,RETRIEVABLE,RETRIEVABLE,RETRIEVABLE,RETRIEVABLE,RETRIEVABLE,RETRIEVABLE
7016346132888472838,A,W-article,2021-10-07T15:26:26Z,4.8428,4-5y,4-5y,4-5y,4-5y,4-5y,4-5y,RETRIEVABLE,RETRIEVABLE,RETRIEVABLE,RETRIEVABLE,RETRIEVABLE,RETRIEVABLE
7016492860581219586,A,W-article,2021-10-08T00:55:48Z,4.8417,4-5y,4-5y,4-5y,4-5y,4-5y,4-5y,RETRIEVABLE,RETRIEVABLE,RETRIEVABLE,RETRIEVABLE,RETRIEVABLE,RETRIEVABLE
7016520752862088454,A,W-article,2021-10-08T02:44:03Z,4.8415,4-5y,4-5y,4-5y,4-5y,4-5y,4-5y,NOT-RETRIEVABLE,NOT-RETRIEVABLE,NOT-RETRIEVABLE,NOT-RETRIEVABLE,NOT-RETRIEVABLE,NOT-RETRIEVABLE
7016630703198686465,A,W-article,2021-10-08T09:50:42Z,4.8407,4-5y,4-5y,4-5y,4-5y,4-5y,4-5y,NOT-RETRIEVABLE,NOT-RETRIEVABLE,NOT-RETRIEVABLE,NOT-RETRIEVABLE,NOT-RETRIEVABLE,NOT-RETRIEVABLE
7016669364938149122,A,W-article,2021-10-08T12:20:44Z,4.8404,4-5y,4-5y,4-5y,4-5y,4-5y,4-5y,RETRIEVABLE,RETRIEVABLE,RETRIEVABLE,NOT-RETRIEVABLE,RETRIEVABLE,RETRIEVABLE
7018265731355643142,A,W-article,2021-10-12T19:35:27Z,4.8286,4-5y,4-5y,4-5y,4-5y,4-5y,4-5y,RETRIEVABLE,RETRIEVABLE,RETRIEVABLE,RETRIEVABLE,RETRIEVABLE,INDETERMINATE
7019264619642440986,A,W-article,2021-10-15T12:11:39Z,4.8213,4-5y,4-5y,4-5y,4-5y,4-5y,4-5y,RETRIEVABLE,RETRIEVABLE,RETRIEVABLE,RETRIEVABLE,RETRIEVABLE,RETRIEVABLE
7019265324054809882,A,W-article,2021-10-15T12:14:23Z,4.8213,4-5y,4-5y,4-5y,4-5y,4-5y,4-5y,RETRIEVABLE,RETRIEVABLE,RETRIEVABLE,RETRIEVABLE,RETRIEVABLE,RETRIEVABLE
7019653012461341953,A,W-article,2021-10-16T13:18:49Z,4.8184,4-5y,4-5y,4-5y,4-5y,4-5y,4-5y,INDETERMINATE,RETRIEVABLE,RETRIEVABLE,RETRIEVABLE,RETRIEVABLE,RETRIEVABLE
7020298607031094529,A,W-article,2021-10-18T07:04:03Z,4.8136,4-5y,4-5y,4-5y,4-5y,4-5y,4-5y,NOT-RETRIEVABLE,NOT-RETRIEVABLE,NOT-RETRIEVABLE,NOT-RETRIEVABLE,NOT-RETRIEVABLE,NOT-RETRIEVABLE
7021931669397507329,A,W-article,2021-10-22T16:41:10Z,4.8016,4-5y,4-5y,4-5y,4-5y,4-5y,4-5y,NOT-RETRIEVABLE,NOT-RETRIEVABLE,NOT-RETRIEVABLE,NOT-RETRIEVABLE,NOT-RETRIEVABLE,NOT-RETRIEVABLE
7021943172959898885,A,W-article,2021-10-22T17:25:48Z,4.8015,4-5y,4-5y,4-5y,4-5y,4-5y,4-5y,INDETERMINATE,RETRIEVABLE,RETRIEVABLE,RETRIEVABLE,RETRIEVABLE,RETRIEVABLE
7022613048082828550,A,W-article,2021-10-24T12:45:16Z,4.7966,4-5y,4-5y,4-5y,4-5y,4-5y,4-5y,RETRIEVABLE,RETRIEVABLE,RETRIEVABLE,RETRIEVABLE,RETRIEVABLE,RETRIEVABLE
7023250856648740102,A,W-article,2021-10-26T06:00:17Z,4.7919,4-5y,4-5y,4-5y,4-5y,4-5y,4-5y,NOT-RETRIEVABLE,NOT-RETRIEVABLE,NOT-RETRIEVABLE,NOT-RETRIEVABLE,NOT-RETRIEVABLE,NOT-RETRIEVABLE
7023546031472135429,A,W-article,2021-10-27T01:05:43Z,4.7897,4-5y,4-5y,4-5y,4-5y,4-5y,4-5y,RETRIEVABLE,RETRIEVABLE,RETRIEVABLE,RETRIEVABLE,RETRIEVABLE,RETRIEVABLE
7024283341247515910,A,W-article,2021-10-29T00:46:51Z,4.7842,4-5y,4-5y,4-5y,4-5y,4-5y,4-5y,RETRIEVABLE,RETRIEVABLE,RETRIEVABLE,RETRIEVABLE,RETRIEVABLE,RETRIEVABLE
7026393502317727023,A,W-article,2021-11-03T17:15:21Z,4.7687,4-5y,4-5y,4-5y,4-5y,4-5y,4-5y,RETRIEVABLE,RETRIEVABLE,RETRIEVABLE,RETRIEVABLE,RETRIEVABLE,RETRIEVABLE
7026885595972652293,A,W-article,2021-11-05T01:04:56Z,4.7650,4-5y,4-5y,4-5y,4-5y,4-5y,4-5y,RETRIEVABLE,RETRIEVABLE,INDETERMINATE,RETRIEVABLE,RETRIEVABLE,RETRIEVABLE
7026932380703182081,A,W-article,2021-11-05T04:06:29Z,4.7647,4-5y,4-5y,4-5y,4-5y,4-5y,4-5y,RETRIEVABLE,RETRIEVABLE,RETRIEVABLE,RETRIEVABLE,RETRIEVABLE,RETRIEVABLE
7027633912205757742,A,W-article,2021-11-07T01:28:47Z,4.7595,4-5y,4-5y,4-5y,4-5y,4-5y,4-5y,NOT-RETRIEVABLE,NOT-RETRIEVABLE,NOT-RETRIEVABLE,NOT-RETRIEVABLE,NOT-RETRIEVABLE,NOT-RETRIEVABLE
7029284822690450690,A,W-article,2021-11-11T12:15:09Z,4.7473,4-5y,4-5y,4-5y,4-5y,4-5y,4-5y,RETRIEVABLE,RETRIEVABLE,RETRIEVABLE,RETRIEVABLE,RETRIEVABLE,RETRIEVABLE
7029359789217975558,A,W-article,2021-11-11T17:06:04Z,4.7468,4-5y,4-5y,4-5y,4-5y,4-5y,4-5y,RETRIEVABLE,RETRIEVABLE,RETRIEVABLE,RETRIEVABLE,RETRIEVABLE,RETRIEVABLE
7029688972909530373,A,W-article,2021-11-12T14:23:28Z,4.7444,4-5y,4-5y,4-5y,4-5y,4-5y,4-5y,RETRIEVABLE,RETRIEVABLE,RETRIEVABLE,RETRIEVABLE,RETRIEVABLE,RETRIEVABLE
7029961454740606209,A,W-article,2021-11-13T08:00:50Z,4.7423,4-5y,4-5y,4-5y,4-5y,4-5y,4-5y,RETRIEVABLE,RETRIEVABLE,RETRIEVABLE,RETRIEVABLE,RETRIEVABLE,RETRIEVABLE
7030088720833318149,A,W-article,2021-11-13T16:14:41Z,4.7414,4-5y,4-5y,4-5y,4-5y,4-5y,4-5y,NOT-RETRIEVABLE,NOT-RETRIEVABLE,NOT-RETRIEVABLE,INDETERMINATE,NOT-RETRIEVABLE,NOT-RETRIEVABLE
7032615160560897281,A,W-article,2021-11-20T11:38:34Z,4.7228,4-5y,4-5y,4-5y,4-5y,4-5y,4-5y,RETRIEVABLE,RETRIEVABLE,RETRIEVABLE,RETRIEVABLE,RETRIEVABLE,RETRIEVABLE
7033386261867924762,A,W-article,2021-11-22T13:30:50Z,4.7171,4-5y,4-5y,4-5y,4-5y,4-5y,4-5y,RETRIEVABLE,RETRIEVABLE,RETRIEVABLE,RETRIEVABLE,RETRIEVABLE,RETRIEVABLE
7033683359461166383,A,W-article,2021-11-23T08:43:43Z,4.7149,4-5y,4-5y,4-5y,4-5y,4-5y,4-5y,RETRIEVABLE,RETRIEVABLE,RETRIEVABLE,RETRIEVABLE,RETRIEVABLE,RETRIEVABLE
7033760946728307995,A,W-article,2021-11-23T13:44:48Z,4.7143,4-5y,4-5y,4-5y,4-5y,4-5y,4-5y,RETRIEVABLE,RETRIEVABLE,RETRIEVABLE,RETRIEVABLE,RETRIEVABLE,INDETERMINATE
7033827957672037637,A,W-article,2021-11-23T18:04:50Z,4.7138,4-5y,4-5y,4-5y,4-5y,4-5y,4-5y,RETRIEVABLE,RETRIEVABLE,RETRIEVABLE,RETRIEVABLE,RETRIEVABLE,RETRIEVABLE
7033893615227325742,A,W-article,2021-11-23T22:19:37Z,4.7133,4-5y,4-5y,4-5y,4-5y,4-5y,4-5y,NOT-RETRIEVABLE,NOT-RETRIEVABLE,NOT-RETRIEVABLE,NOT-RETRIEVABLE,NOT-RETRIEVABLE,NOT-RETRIEVABLE
7034513493009108230,A,W-article,2021-11-25T14:25:04Z,4.7088,4-5y,4-5y,4-5y,4-5y,4-5y,4-5y,RETRIEVABLE,RETRIEVABLE,RETRIEVABLE,RETRIEVABLE,RETRIEVABLE,RETRIEVABLE
7034668716998610181,A,W-article,2021-11-26T00:27:25Z,4.7076,4-5y,4-5y,4-5y,4-5y,4-5y,4-5y,NOT-RETRIEVABLE,NOT-RETRIEVABLE,NOT-RETRIEVABLE,NOT-RETRIEVABLE,NOT-RETRIEVABLE,NOT-RETRIEVABLE
7035527134965763329,A,W-article,2021-11-28T07:58:31Z,4.7013,4-5y,4-5y,4-5y,4-5y,4-5y,4-5y,RETRIEVABLE,RETRIEVABLE,RETRIEVABLE,RETRIEVABLE,RETRIEVABLE,RETRIEVABLE
7036139135664524549,A,W-article,2021-11-29T23:33:23Z,4.6968,4-5y,4-5y,4-5y,4-5y,4-5y,4-5y,RETRIEVABLE,RETRIEVABLE,RETRIEVABLE,RETRIEVABLE,RETRIEVABLE,RETRIEVABLE
7036148854370356527,A,W-article,2021-11-30T00:11:06Z,4.6967,4-5y,4-5y,4-5y,4-5y,4-5y,4-5y,RETRIEVABLE,RETRIEVABLE,RETRIEVABLE,RETRIEVABLE,RETRIEVABLE,RETRIEVABLE
7037536331047669038,A,W-article,2021-12-03T17:55:13Z,4.6865,4-5y,4-5y,4-5y,4-5y,4-5y,4-5y,RETRIEVABLE,RETRIEVABLE,RETRIEVABLE,RETRIEVABLE,INDETERMINATE,RETRIEVABLE
7038118711861120302,A,W-article,2021-12-05T07:35:09Z,4.6822,4-5y,4-5y,4-5y,4-5y,4-5y,4-5y,RETRIEVABLE,RETRIEVABLE,RETRIEVABLE,RETRIEVABLE,RETRIEVABLE,RETRIEVABLE
7039300302914243841,A,W-article,2021-12-08T12:00:20Z,4.6734,4-5y,4-5y,4-5y,4-5y,4-5y,4-5y,RETRIEVABLE,RETRIEVABLE,RETRIEVABLE,RETRIEVABLE,RETRIEVABLE,RETRIEVABLE
7039301877812563201,A,W-article,2021-12-08T12:06:27Z,4.6734,4-5y,4-5y,4-5y,4-5y,4-5y,4-5y,RETRIEVABLE,RETRIEVABLE,RETRIEVABLE,RETRIEVABLE,RETRIEVABLE,RETRIEVABLE
7039900146041343278,A,W-article,2021-12-10T02:48:02Z,4.6690,4-5y,4-5y,4-5y,4-5y,4-5y,4-5y,RETRIEVABLE,INDETERMINATE,RETRIEVABLE,RETRIEVABLE,RETRIEVABLE,RETRIEVABLE
7040019518411803930,A,W-article,2021-12-10T10:31:15Z,4.6681,4-5y,4-5y,4-5y,4-5y,4-5y,4-5y,RETRIEVABLE,RETRIEVABLE,RETRIEVABLE,RETRIEVABLE,RETRIEVABLE,RETRIEVABLE
7040134003688770863,A,W-article,2021-12-10T17:55:31Z,4.6673,4-5y,4-5y,4-5y,4-5y,4-5y,4-5y,RETRIEVABLE,RETRIEVABLE,RETRIEVABLE,RETRIEVABLE,RETRIEVABLE,RETRIEVABLE
7040447287419505922,A,W-article,2021-12-11T14:11:13Z,4.6650,4-5y,4-5y,4-5y,4-5y,4-5y,4-5y,RETRIEVABLE,RETRIEVABLE,RETRIEVABLE,RETRIEVABLE,RETRIEVABLE,RETRIEVABLE
7040546005691026694,A,W-article,2021-12-11T20:34:18Z,4.6643,4-5y,4-5y,4-5y,4-5y,4-5y,4-5y,RETRIEVABLE,RETRIEVABLE,RETRIEVABLE,RETRIEVABLE,RETRIEVABLE,RETRIEVABLE
7041653677291080966,A,W-article,2021-12-14T20:12:38Z,4.6561,4-5y,4-5y,4-5y,4-5y,4-5y,4-5y,NOT-RETRIEVABLE,NOT-RETRIEVABLE,NOT-RETRIEVABLE,NOT-RETRIEVABLE,NOT-RETRIEVABLE,NOT-RETRIEVABLE
7041867719377014017,A,W-article,2021-12-15T10:03:13Z,4.6545,4-5y,4-5y,4-5y,4-5y,4-5y,4-5y,NOT-RETRIEVABLE,NOT-RETRIEVABLE,NOT-RETRIEVABLE,NOT-RETRIEVABLE,NOT-RETRIEVABLE,NOT-RETRIEVABLE
7042722025949121839,A,W-article,2021-12-17T17:18:22Z,4.6482,4-5y,4-5y,4-5y,4-5y,4-5y,4-5y,NOT-RETRIEVABLE,NOT-RETRIEVABLE,NOT-RETRIEVABLE,NOT-RETRIEVABLE,NOT-RETRIEVABLE,NOT-RETRIEVABLE
7043907981393825071,A,W-article,2021-12-20T22:00:29Z,4.6394,4-5y,4-5y,4-5y,4-5y,4-5y,4-5y,RETRIEVABLE,RETRIEVABLE,RETRIEVABLE,RETRIEVABLE,RETRIEVABLE,RETRIEVABLE
7045251096901635330,A,W-article,2021-12-24T12:52:27Z,4.6295,4-5y,4-5y,4-5y,4-5y,4-5y,4-5y,RETRIEVABLE,RETRIEVABLE,RETRIEVABLE,RETRIEVABLE,RETRIEVABLE,RETRIEVABLE
7045325952066260230,A,W-article,2021-12-24T17:42:56Z,4.6290,4-5y,4-5y,4-5y,4-5y,4-5y,4-5y,RETRIEVABLE,RETRIEVABLE,RETRIEVABLE,RETRIEVABLE,RETRIEVABLE,RETRIEVABLE
7047804301661523201,A,W-article,2021-12-31T10:00:11Z,4.6107,4-5y,4-5y,4-5y,4-5y,4-5y,4-5y,RETRIEVABLE,RETRIEVABLE,RETRIEVABLE,RETRIEVABLE,RETRIEVABLE,RETRIEVABLE
7048742406308728070,A,W-article,2022-01-02T22:40:31Z,4.6038,4-5y,4-5y,4-5y,4-5y,4-5y,4-5y,NOT-RETRIEVABLE,NOT-RETRIEVABLE,NOT-RETRIEVABLE,NOT-RETRIEVABLE,NOT-RETRIEVABLE,NOT-RETRIEVABLE
7048931086629440769,A,W-article,2022-01-03T10:52:41Z,4.6024,4-5y,4-5y,4-5y,4-5y,4-5y,4-5y,RETRIEVABLE,RETRIEVABLE,RETRIEVABLE,RETRIEVABLE,RETRIEVABLE,RETRIEVABLE
7049015265966705925,A,W-article,2022-01-03T16:19:21Z,4.6018,4-5y,4-5y,4-5y,4-5y,4-5y,4-5y,RETRIEVABLE,RETRIEVABLE,RETRIEVABLE,RETRIEVABLE,RETRIEVABLE,RETRIEVABLE
7049145567330454789,A,W-article,2022-01-04T00:44:59Z,4.6008,4-5y,4-5y,4-5y,4-5y,4-5y,4-5y,RETRIEVABLE,RETRIEVABLE,INDETERMINATE,RETRIEVABLE,RETRIEVABLE,RETRIEVABLE
7049458771382340865,A,W-article,2022-01-04T21:00:23Z,4.5985,4-5y,4-5y,4-5y,4-5y,4-5y,4-5y,RETRIEVABLE,RETRIEVABLE,RETRIEVABLE,RETRIEVABLE,RETRIEVABLE,RETRIEVABLE
7049482094627638533,A,W-article,2022-01-04T22:30:53Z,4.5983,4-5y,4-5y,4-5y,4-5y,4-5y,4-5y,RETRIEVABLE,RETRIEVABLE,RETRIEVABLE,RETRIEVABLE,RETRIEVABLE,RETRIEVABLE
7050339038355639579,A,W-article,2022-01-07T05:56:16Z,4.5920,4-5y,4-5y,4-5y,4-5y,4-5y,4-5y,RETRIEVABLE,RETRIEVABLE,RETRIEVABLE,RETRIEVABLE,RETRIEVABLE,RETRIEVABLE
7050433668841475330,A,W-article,2022-01-07T12:03:29Z,4.5913,4-5y,4-5y,4-5y,4-5y,4-5y,4-5y,RETRIEVABLE,RETRIEVABLE,RETRIEVABLE,RETRIEVABLE,RETRIEVABLE,RETRIEVABLE
7051163700660538630,A,W-article,2022-01-09T11:16:22Z,4.5859,4-5y,4-5y,4-5y,4-5y,4-5y,4-5y,RETRIEVABLE,RETRIEVABLE,RETRIEVABLE,RETRIEVABLE,RETRIEVABLE,RETRIEVABLE
7051555682071481606,A,W-article,2022-01-10T12:37:28Z,4.5830,4-5y,4-5y,4-5y,4-5y,4-5y,4-5y,RETRIEVABLE,RETRIEVABLE,RETRIEVABLE,RETRIEVABLE,RETRIEVABLE,RETRIEVABLE
7052000950017379589,A,W-article,2022-01-11T17:25:20Z,4.5797,4-5y,4-5y,4-5y,4-5y,4-5y,4-5y,RETRIEVABLE,RETRIEVABLE,RETRIEVABLE,RETRIEVABLE,RETRIEVABLE,RETRIEVABLE
7052625024640961794,A,W-article,2022-01-13T09:47:03Z,4.5751,4-5y,4-5y,4-5y,4-5y,4-5y,4-5y,RETRIEVABLE,RETRIEVABLE,RETRIEVABLE,RETRIEVABLE,RETRIEVABLE,RETRIEVABLE
7052672840641875206,A,W-article,2022-01-13T12:52:36Z,4.5748,4-5y,4-5y,4-5y,4-5y,4-5y,4-5y,RETRIEVABLE,RETRIEVABLE,RETRIEVABLE,RETRIEVABLE,RETRIEVABLE,RETRIEVABLE
7053356619131915567,A,W-article,2022-01-15T09:06:01Z,4.5697,4-5y,4-5y,4-5y,4-5y,4-5y,4-5y,RETRIEVABLE,RETRIEVABLE,RETRIEVABLE,RETRIEVABLE,RETRIEVABLE,RETRIEVABLE
7053385664204655873,A,W-article,2022-01-15T10:58:44Z,4.5695,4-5y,4-5y,4-5y,4-5y,4-5y,4-5y,RETRIEVABLE,RETRIEVABLE,RETRIEVABLE,RETRIEVABLE,RETRIEVABLE,RETRIEVABLE
7053547419589545263,A,W-article,2022-01-15T21:26:25Z,4.5683,4-5y,4-5y,4-5y,4-5y,4-5y,4-5y,NOT-RETRIEVABLE,NOT-RETRIEVABLE,NOT-RETRIEVABLE,NOT-RETRIEVABLE,NOT-RETRIEVABLE,NOT-RETRIEVABLE
7053593109711867182,A,W-article,2022-01-16T00:23:43Z,4.5680,4-5y,4-5y,4-5y,4-5y,4-5y,4-5y,RETRIEVABLE,RETRIEVABLE,RETRIEVABLE,RETRIEVABLE,RETRIEVABLE,RETRIEVABLE
7053985993350794543,A,W-article,2022-01-17T01:48:19Z,4.5651,4-5y,4-5y,4-5y,4-5y,4-5y,4-5y,RETRIEVABLE,RETRIEVABLE,RETRIEVABLE,RETRIEVABLE,RETRIEVABLE,RETRIEVABLE
7054000765094006062,A,W-article,2022-01-17T02:45:38Z,4.5650,4-5y,4-5y,4-5y,4-5y,4-5y,4-5y,RETRIEVABLE,RETRIEVABLE,RETRIEVABLE,RETRIEVABLE,RETRIEVABLE,RETRIEVABLE
7055313121761627397,A,W-article,2022-01-20T15:38:15Z,4.5553,4-5y,4-5y,4-5y,4-5y,4-5y,4-5y,RETRIEVABLE,RETRIEVABLE,RETRIEVABLE,RETRIEVABLE,RETRIEVABLE,RETRIEVABLE
7055359629903203631,A,W-article,2022-01-20T18:38:43Z,4.5550,4-5y,4-5y,4-5y,4-5y,4-5y,4-5y,RETRIEVABLE,RETRIEVABLE,RETRIEVABLE,RETRIEVABLE,RETRIEVABLE,RETRIEVABLE
7055361921012256006,A,W-article,2022-01-20T18:47:37Z,4.5549,4-5y,4-5y,4-5y,4-5y,4-5y,4-5y,RETRIEVABLE,RETRIEVABLE,RETRIEVABLE,RETRIEVABLE,RETRIEVABLE,RETRIEVABLE
7055730280833010990,A,W-article,2022-01-21T18:37:02Z,4.5522,4-5y,4-5y,4-5y,4-5y,4-5y,4-5y,NOT-RETRIEVABLE,NOT-RETRIEVABLE,NOT-RETRIEVABLE,NOT-RETRIEVABLE,NOT-RETRIEVABLE,NOT-RETRIEVABLE
7056147884651203845,A,W-article,2022-01-22T21:37:33Z,4.5491,4-5y,4-5y,4-5y,4-5y,4-5y,4-5y,NOT-RETRIEVABLE,NOT-RETRIEVABLE,NOT-RETRIEVABLE,NOT-RETRIEVABLE,NOT-RETRIEVABLE,NOT-RETRIEVABLE
7056195093631372550,A,W-article,2022-01-23T00:40:45Z,4.5488,4-5y,4-5y,4-5y,4-5y,4-5y,4-5y,RETRIEVABLE,RETRIEVABLE,RETRIEVABLE,RETRIEVABLE,RETRIEVABLE,RETRIEVABLE
7056493830459231494,A,W-article,2022-01-23T20:00:00Z,4.5466,4-5y,4-5y,4-5y,4-5y,4-5y,4-5y,RETRIEVABLE,RETRIEVABLE,RETRIEVABLE,RETRIEVABLE,RETRIEVABLE,RETRIEVABLE
7057286699856170287,A,W-article,2022-01-25T23:16:44Z,4.5407,4-5y,4-5y,4-5y,4-5y,4-5y,4-5y,NOT-RETRIEVABLE,NOT-RETRIEVABLE,NOT-RETRIEVABLE,NOT-RETRIEVABLE,NOT-RETRIEVABLE,NOT-RETRIEVABLE
7057854587130236161,A,W-article,2022-01-27T12:00:26Z,4.5365,4-5y,4-5y,4-5y,4-5y,4-5y,4-5y,RETRIEVABLE,RETRIEVABLE,RETRIEVABLE,RETRIEVABLE,RETRIEVABLE,RETRIEVABLE
7058304537160994074,A,W-article,2022-01-28T17:06:28Z,4.5332,4-5y,4-5y,4-5y,4-5y,4-5y,4-5y,RETRIEVABLE,RETRIEVABLE,RETRIEVABLE,RETRIEVABLE,RETRIEVABLE,RETRIEVABLE
7058348708160834863,A,W-article,2022-01-28T19:57:52Z,4.5329,4-5y,4-5y,4-5y,4-5y,4-5y,4-5y,RETRIEVABLE,RETRIEVABLE,RETRIEVABLE,RETRIEVABLE,RETRIEVABLE,RETRIEVABLE
7059702268714618113,A,W-article,2022-02-01T11:30:23Z,4.5229,4-5y,4-5y,4-5y,4-5y,4-5y,4-5y,RETRIEVABLE,RETRIEVABLE,RETRIEVABLE,RETRIEVABLE,RETRIEVABLE,RETRIEVABLE
7059711025590947098,A,W-article,2022-02-01T12:04:22Z,4.5229,4-5y,4-5y,4-5y,4-5y,4-5y,4-5y,RETRIEVABLE,RETRIEVABLE,RETRIEVABLE,RETRIEVABLE,RETRIEVABLE,RETRIEVABLE
7060010341773610242,A,W-article,2022-02-02T07:25:52Z,4.5206,4-5y,4-5y,4-5y,4-5y,4-5y,4-5y,RETRIEVABLE,RETRIEVABLE,RETRIEVABLE,RETRIEVABLE,RETRIEVABLE,RETRIEVABLE
7062323149051923714,A,W-article,2022-02-08T13:00:44Z,4.5036,4-5y,4-5y,4-5y,4-5y,4-5y,4-5y,RETRIEVABLE,RETRIEVABLE,RETRIEVABLE,RETRIEVABLE,RETRIEVABLE,RETRIEVABLE
7062341726454795525,A,W-article,2022-02-08T14:12:49Z,4.5034,4-5y,4-5y,4-5y,4-5y,4-5y,4-5y,RETRIEVABLE,RETRIEVABLE,RETRIEVABLE,RETRIEVABLE,RETRIEVABLE,RETRIEVABLE
7062630067221974274,A,W-article,2022-02-09T08:51:44Z,4.5013,4-5y,4-5y,4-5y,4-5y,4-5y,4-5y,NOT-RETRIEVABLE,NOT-RETRIEVABLE,NOT-RETRIEVABLE,NOT-RETRIEVABLE,NOT-RETRIEVABLE,NOT-RETRIEVABLE
7062713122724826370,A,W-article,2022-02-09T14:14:02Z,4.5007,4-5y,4-5y,4-5y,4-5y,4-5y,4-5y,RETRIEVABLE,RETRIEVABLE,RETRIEVABLE,RETRIEVABLE,RETRIEVABLE,RETRIEVABLE
7062760187106495750,A,W-article,2022-02-09T17:16:40Z,4.5004,4-5y,4-5y,4-5y,4-5y,4-5y,4-5y,RETRIEVABLE,RETRIEVABLE,RETRIEVABLE,RETRIEVABLE,RETRIEVABLE,RETRIEVABLE
7064335306157378863,A,W-article,2022-02-13T23:08:56Z,4.4887,4-5y,4-5y,4-5y,4-5y,4-5y,4-5y,RETRIEVABLE,RETRIEVABLE,RETRIEVABLE,RETRIEVABLE,RETRIEVABLE,RETRIEVABLE
7064736869992484143,A,W-article,2022-02-15T01:07:12Z,4.4858,4-5y,4-5y,4-5y,4-5y,4-5y,4-5y,NOT-RETRIEVABLE,NOT-RETRIEVABLE,NOT-RETRIEVABLE,NOT-RETRIEVABLE,NOT-RETRIEVABLE,NOT-RETRIEVABLE
7069771865157389573,A,W-article,2022-02-28T14:45:33Z,4.4486,4-5y,4-5y,4-5y,4-5y,4-5y,4-5y,RETRIEVABLE,RETRIEVABLE,RETRIEVABLE,RETRIEVABLE,RETRIEVABLE,RETRIEVABLE
7069856474180128042,A,W-article,2022-02-28T20:13:53Z,4.4480,4-5y,4-5y,4-5y,4-5y,4-5y,4-5y,NOT-RETRIEVABLE,NOT-RETRIEVABLE,NOT-RETRIEVABLE,NOT-RETRIEVABLE,NOT-RETRIEVABLE,NOT-RETRIEVABLE
7070134166490336514,A,W-article,2022-03-01T14:11:28Z,4.4460,4-5y,4-5y,4-5y,4-5y,4-5y,4-5y,NOT-RETRIEVABLE,NOT-RETRIEVABLE,NOT-RETRIEVABLE,NOT-RETRIEVABLE,NOT-RETRIEVABLE,NOT-RETRIEVABLE
7070924148955942145,A,W-article,2022-03-03T17:17:00Z,4.4401,4-5y,4-5y,4-5y,4-5y,4-5y,4-5y,RETRIEVABLE,RETRIEVABLE,RETRIEVABLE,RETRIEVABLE,RETRIEVABLE,RETRIEVABLE
7072453347030371630,A,W-article,2022-03-07T20:11:05Z,4.4288,4-5y,4-5y,4-5y,4-5y,4-5y,4-5y,RETRIEVABLE,RETRIEVABLE,RETRIEVABLE,RETRIEVABLE,RETRIEVABLE,RETRIEVABLE
7072850234581306670,A,W-article,2022-03-08T21:51:12Z,4.4259,4-5y,4-5y,4-5y,4-5y,4-5y,4-5y,RETRIEVABLE,RETRIEVABLE,RETRIEVABLE,RETRIEVABLE,RETRIEVABLE,RETRIEVABLE
7073159619048230150,A,W-article,2022-03-09T17:51:46Z,4.4236,4-5y,4-5y,4-5y,4-5y,4-5y,4-5y,RETRIEVABLE,RETRIEVABLE,RETRIEVABLE,RETRIEVABLE,RETRIEVABLE,RETRIEVABLE
7073188844014669062,A,W-article,2022-03-09T19:45:11Z,4.4234,4-5y,4-5y,4-5y,4-5y,4-5y,4-5y,RETRIEVABLE,RETRIEVABLE,RETRIEVABLE,RETRIEVABLE,RETRIEVABLE,RETRIEVABLE
7073566091506715947,A,W-article,2022-03-10T20:09:06Z,4.4206,4-5y,4-5y,4-5y,4-5y,4-5y,4-5y,RETRIEVABLE,RETRIEVABLE,RETRIEVABLE,RETRIEVABLE,RETRIEVABLE,RETRIEVABLE
7074350413293554949,A,W-article,2022-03-12T22:52:40Z,4.4148,4-5y,4-5y,4-5y,4-5y,4-5y,4-5y,RETRIEVABLE,RETRIEVABLE,RETRIEVABLE,RETRIEVABLE,RETRIEVABLE,RETRIEVABLE
7074804024062561541,A,W-article,2022-03-14T04:12:54Z,4.4115,4-5y,4-5y,4-5y,4-5y,4-5y,4-5y,RETRIEVABLE,RETRIEVABLE,RETRIEVABLE,RETRIEVABLE,RETRIEVABLE,RETRIEVABLE
7075162487716613422,A,W-article,2022-03-15T03:23:55Z,4.4089,4-5y,4-5y,4-5y,4-5y,4-5y,4-5y,RETRIEVABLE,RETRIEVABLE,RETRIEVABLE,RETRIEVABLE,RETRIEVABLE,RETRIEVABLE
7075234052852239617,A,W-article,2022-03-15T08:01:38Z,4.4083,4-5y,4-5y,4-5y,4-5y,4-5y,4-5y,RETRIEVABLE,RETRIEVABLE,RETRIEVABLE,RETRIEVABLE,RETRIEVABLE,RETRIEVABLE
7075690042487868678,A,W-article,2022-03-16T13:31:06Z,4.4050,4-5y,4-5y,4-5y,4-5y,4-5y,4-5y,NOT-RETRIEVABLE,NOT-RETRIEVABLE,NOT-RETRIEVABLE,NOT-RETRIEVABLE,NOT-RETRIEVABLE,NOT-RETRIEVABLE
7075837319542033706,A,W-article,2022-03-16T23:02:37Z,4.4039,4-5y,4-5y,4-5y,4-5y,4-5y,4-5y,NOT-RETRIEVABLE,NOT-RETRIEVABLE,NOT-RETRIEVABLE,NOT-RETRIEVABLE,NOT-RETRIEVABLE,NOT-RETRIEVABLE
7076086443948412203,A,W-article,2022-03-17T15:09:21Z,4.4020,4-5y,4-5y,4-5y,4-5y,4-5y,4-5y,RETRIEVABLE,RETRIEVABLE,RETRIEVABLE,RETRIEVABLE,RETRIEVABLE,RETRIEVABLE
7076208389214358790,A,W-article,2022-03-17T23:02:33Z,4.4011,4-5y,4-5y,4-5y,4-5y,4-5y,4-5y,RETRIEVABLE,RETRIEVABLE,RETRIEVABLE,RETRIEVABLE,RETRIEVABLE,RETRIEVABLE
7076828019268242693,A,W-article,2022-03-19T15:07:02Z,4.3966,4-5y,4-5y,4-5y,4-5y,4-5y,4-5y,NOT-RETRIEVABLE,NOT-RETRIEVABLE,NOT-RETRIEVABLE,NOT-RETRIEVABLE,NOT-RETRIEVABLE,NOT-RETRIEVABLE
7078076023472016683,A,W-article,2022-03-22T23:49:56Z,4.3874,4-5y,4-5y,4-5y,4-5y,4-5y,4-5y,RETRIEVABLE,RETRIEVABLE,RETRIEVABLE,RETRIEVABLE,RETRIEVABLE,RETRIEVABLE
7078172439091399942,A,W-article,2022-03-23T06:04:04Z,4.3866,4-5y,4-5y,4-5y,4-5y,4-5y,4-5y,RETRIEVABLE,RETRIEVABLE,RETRIEVABLE,RETRIEVABLE,RETRIEVABLE,RETRIEVABLE
7078460782832454958,A,W-article,2022-03-24T00:43:00Z,4.3845,4-5y,4-5y,4-5y,4-5y,4-5y,4-5y,RETRIEVABLE,RETRIEVABLE,RETRIEVABLE,RETRIEVABLE,RETRIEVABLE,RETRIEVABLE
7078715628596612398,A,W-article,2022-03-24T17:11:56Z,4.3826,4-5y,4-5y,4-5y,4-5y,4-5y,4-5y,RETRIEVABLE,RETRIEVABLE,RETRIEVABLE,RETRIEVABLE,RETRIEVABLE,RETRIEVABLE
7079470338345651498,A,W-article,2022-03-26T18:00:35Z,4.3771,4-5y,4-5y,4-5y,4-5y,4-5y,4-5y,NOT-RETRIEVABLE,NOT-RETRIEVABLE,NOT-RETRIEVABLE,NOT-RETRIEVABLE,NOT-RETRIEVABLE,NOT-RETRIEVABLE
7079567869368896811,A,W-article,2022-03-27T00:19:03Z,4.3764,4-5y,4-5y,4-5y,4-5y,4-5y,4-5y,RETRIEVABLE,RETRIEVABLE,RETRIEVABLE,RETRIEVABLE,RETRIEVABLE,RETRIEVABLE
7079595183834139946,A,W-article,2022-03-27T02:05:03Z,4.3761,4-5y,4-5y,4-5y,4-5y,4-5y,4-5y,RETRIEVABLE,RETRIEVABLE,RETRIEVABLE,RETRIEVABLE,RETRIEVABLE,RETRIEVABLE
7079713562662407429,A,W-article,2022-03-27T09:44:25Z,4.3753,4-5y,4-5y,4-5y,4-5y,4-5y,4-5y,RETRIEVABLE,RETRIEVABLE,RETRIEVABLE,RETRIEVABLE,RETRIEVABLE,RETRIEVABLE
7080487162440928518,A,W-article,2022-03-29T11:46:23Z,4.3696,4-5y,4-5y,4-5y,4-5y,4-5y,4-5y,RETRIEVABLE,RETRIEVABLE,RETRIEVABLE,RETRIEVABLE,RETRIEVABLE,RETRIEVABLE
7080602811611843882,A,W-article,2022-03-29T19:15:10Z,4.3687,4-5y,4-5y,4-5y,4-5y,4-5y,4-5y,RETRIEVABLE,RETRIEVABLE,RETRIEVABLE,RETRIEVABLE,RETRIEVABLE,RETRIEVABLE
7080675877822025003,A,W-article,2022-03-29T23:58:42Z,4.3682,4-5y,4-5y,4-5y,4-5y,4-5y,4-5y,RETRIEVABLE,RETRIEVABLE,RETRIEVABLE,RETRIEVABLE,RETRIEVABLE,RETRIEVABLE
7081654931601526021,A,W-article,2022-04-01T15:17:55Z,4.3610,4-5y,4-5y,4-5y,4-5y,4-5y,4-5y,RETRIEVABLE,RETRIEVABLE,RETRIEVABLE,RETRIEVABLE,RETRIEVABLE,RETRIEVABLE
7081734684920581418,A,W-article,2022-04-01T20:27:24Z,4.3604,4-5y,4-5y,4-5y,4-5y,4-5y,4-5y,RETRIEVABLE,RETRIEVABLE,RETRIEVABLE,INDETERMINATE,RETRIEVABLE,RETRIEVABLE
7083428361929870594,A,W-article,2022-04-06T09:59:44Z,4.3479,4-5y,4-5y,4-5y,4-5y,4-5y,4-5y,RETRIEVABLE,RETRIEVABLE,RETRIEVABLE,RETRIEVABLE,RETRIEVABLE,RETRIEVABLE
7083476855000403201,A,W-article,2022-04-06T13:07:55Z,4.3475,4-5y,4-5y,4-5y,4-5y,4-5y,4-5y,RETRIEVABLE,RETRIEVABLE,RETRIEVABLE,RETRIEVABLE,RETRIEVABLE,RETRIEVABLE
7083477012471467265,A,W-article,2022-04-06T13:08:32Z,4.3475,4-5y,4-5y,4-5y,4-5y,4-5y,4-5y,RETRIEVABLE,RETRIEVABLE,RETRIEVABLE,RETRIEVABLE,RETRIEVABLE,RETRIEVABLE
7083477198874692866,A,W-article,2022-04-06T13:09:15Z,4.3475,4-5y,4-5y,4-5y,4-5y,4-5y,4-5y,RETRIEVABLE,RETRIEVABLE,RETRIEVABLE,RETRIEVABLE,RETRIEVABLE,RETRIEVABLE
7084694033456565546,A,W-article,2022-04-09T19:51:11Z,4.3385,4-5y,4-5y,4-5y,4-5y,4-5y,4-5y,RETRIEVABLE,RETRIEVABLE,RETRIEVABLE,RETRIEVABLE,INDETERMINATE,RETRIEVABLE
7085265102097681670,A,W-article,2022-04-11T08:47:14Z,4.3343,4-5y,4-5y,4-5y,4-5y,4-5y,4-5y,RETRIEVABLE,RETRIEVABLE,RETRIEVABLE,RETRIEVABLE,RETRIEVABLE,RETRIEVABLE
7085633248247713025,A,W-article,2022-04-12T08:35:49Z,4.3316,4-5y,4-5y,4-5y,4-5y,4-5y,4-5y,RETRIEVABLE,RETRIEVABLE,RETRIEVABLE,RETRIEVABLE,INDETERMINATE,RETRIEVABLE
7085663501808618753,A,W-article,2022-04-12T10:33:13Z,4.3314,4-5y,4-5y,4-5y,4-5y,4-5y,4-5y,RETRIEVABLE,RETRIEVABLE,RETRIEVABLE,RETRIEVABLE,RETRIEVABLE,RETRIEVABLE
7085663974573853953,A,W-article,2022-04-12T10:35:03Z,4.3314,4-5y,4-5y,4-5y,4-5y,4-5y,4-5y,RETRIEVABLE,RETRIEVABLE,RETRIEVABLE,RETRIEVABLE,RETRIEVABLE,RETRIEVABLE
7085897522467573038,A,W-article,2022-04-13T01:41:21Z,4.3297,4-5y,4-5y,4-5y,4-5y,4-5y,4-5y,NOT-RETRIEVABLE,NOT-RETRIEVABLE,NOT-RETRIEVABLE,NOT-RETRIEVABLE,NOT-RETRIEVABLE,NOT-RETRIEVABLE
7086573370849905925,A,W-article,2022-04-14T21:23:59Z,4.3247,4-5y,4-5y,4-5y,4-5y,4-5y,4-5y,RETRIEVABLE,RETRIEVABLE,RETRIEVABLE,RETRIEVABLE,RETRIEVABLE,RETRIEVABLE
7086860994625932586,A,W-article,2022-04-15T16:00:06Z,4.3225,4-5y,4-5y,4-5y,4-5y,4-5y,4-5y,RETRIEVABLE,RETRIEVABLE,RETRIEVABLE,RETRIEVABLE,RETRIEVABLE,RETRIEVABLE
7087162167480438021,A,W-article,2022-04-16T11:28:49Z,4.3203,4-5y,4-5y,4-5y,4-5y,4-5y,4-5y,RETRIEVABLE,RETRIEVABLE,RETRIEVABLE,RETRIEVABLE,RETRIEVABLE,RETRIEVABLE
7087308414417784107,A,W-article,2022-04-16T20:56:19Z,4.3192,4-5y,4-5y,4-5y,4-5y,4-5y,4-5y,NOT-RETRIEVABLE,NOT-RETRIEVABLE,NOT-RETRIEVABLE,NOT-RETRIEVABLE,NOT-RETRIEVABLE,NOT-RETRIEVABLE
7088712968992525573,A,W-article,2022-04-20T15:46:43Z,4.3089,4-5y,4-5y,4-5y,4-5y,4-5y,4-5y,RETRIEVABLE,RETRIEVABLE,RETRIEVABLE,RETRIEVABLE,RETRIEVABLE,RETRIEVABLE
7088717470554557742,A,W-article,2022-04-20T16:04:11Z,4.3088,4-5y,4-5y,4-5y,4-5y,4-5y,4-5y,RETRIEVABLE,RETRIEVABLE,RETRIEVABLE,RETRIEVABLE,RETRIEVABLE,RETRIEVABLE
7089395958735293697,A,W-article,2022-04-22T11:57:04Z,4.3038,4-5y,4-5y,4-5y,4-5y,4-5y,4-5y,NOT-RETRIEVABLE,NOT-RETRIEVABLE,NOT-RETRIEVABLE,NOT-RETRIEVABLE,NOT-RETRIEVABLE,NOT-RETRIEVABLE
7089505157322444074,A,W-article,2022-04-22T19:00:48Z,4.3030,4-5y,4-5y,4-5y,4-5y,4-5y,4-5y,NOT-RETRIEVABLE,NOT-RETRIEVABLE,INDETERMINATE,NOT-RETRIEVABLE,NOT-RETRIEVABLE,NOT-RETRIEVABLE
7089516558401293574,A,W-article,2022-04-22T19:45:03Z,4.3029,4-5y,4-5y,4-5y,4-5y,4-5y,4-5y,RETRIEVABLE,RETRIEVABLE,RETRIEVABLE,RETRIEVABLE,RETRIEVABLE,RETRIEVABLE
7090326727204949254,A,W-article,2022-04-25T00:08:55Z,4.2970,4-5y,4-5y,4-5y,4-5y,4-5y,4-5y,RETRIEVABLE,INDETERMINATE,RETRIEVABLE,RETRIEVABLE,RETRIEVABLE,RETRIEVABLE
7091330299065404678,A,W-article,2022-04-27T17:03:17Z,4.2896,4-5y,4-5y,4-5y,4-5y,4-5y,4-5y,RETRIEVABLE,RETRIEVABLE,RETRIEVABLE,RETRIEVABLE,RETRIEVABLE,RETRIEVABLE
7091762834467523845,A,W-article,2022-04-28T21:01:45Z,4.2864,4-5y,4-5y,4-5y,4-5y,4-5y,4-5y,RETRIEVABLE,RETRIEVABLE,RETRIEVABLE,RETRIEVABLE,RETRIEVABLE,RETRIEVABLE
7091943219403066629,A,W-article,2022-04-29T08:41:44Z,4.2850,4-5y,4-5y,4-5y,4-5y,4-5y,4-5y,RETRIEVABLE,RETRIEVABLE,RETRIEVABLE,RETRIEVABLE,RETRIEVABLE,RETRIEVABLE
7092986793460518150,A,W-article,2022-05-02T04:11:20Z,4.2773,4-5y,4-5y,4-5y,4-5y,4-5y,4-5y,RETRIEVABLE,RETRIEVABLE,RETRIEVABLE,RETRIEVABLE,RETRIEVABLE,RETRIEVABLE
7093416851073469698,A,W-article,2022-05-03T08:00:11Z,4.2742,4-5y,4-5y,4-5y,4-5y,4-5y,4-5y,RETRIEVABLE,RETRIEVABLE,RETRIEVABLE,RETRIEVABLE,RETRIEVABLE,RETRIEVABLE
7093755394480295174,A,W-article,2022-05-04T05:53:54Z,4.2717,4-5y,4-5y,4-5y,4-5y,4-5y,4-5y,RETRIEVABLE,RETRIEVABLE,RETRIEVABLE,RETRIEVABLE,RETRIEVABLE,RETRIEVABLE
7093777079631678725,A,W-article,2022-05-04T07:18:03Z,4.2715,4-5y,4-5y,4-5y,4-5y,4-5y,4-5y,RETRIEVABLE,RETRIEVABLE,RETRIEVABLE,RETRIEVABLE,RETRIEVABLE,RETRIEVABLE
7093787783092882689,A,W-article,2022-05-04T07:59:35Z,4.2714,4-5y,4-5y,4-5y,4-5y,4-5y,4-5y,RETRIEVABLE,RETRIEVABLE,RETRIEVABLE,RETRIEVABLE,RETRIEVABLE,RETRIEVABLE
7094159319591046401,A,W-article,2022-05-05T08:01:20Z,4.2687,4-5y,4-5y,4-5y,4-5y,4-5y,4-5y,RETRIEVABLE,RETRIEVABLE,RETRIEVABLE,RETRIEVABLE,RETRIEVABLE,RETRIEVABLE
7094531231764745474,A,W-article,2022-05-06T08:04:33Z,4.2660,4-5y,4-5y,4-5y,4-5y,4-5y,4-5y,RETRIEVABLE,RETRIEVABLE,RETRIEVABLE,RETRIEVABLE,RETRIEVABLE,RETRIEVABLE
7094901411195915522,A,W-article,2022-05-07T08:01:02Z,4.2632,4-5y,4-5y,4-5y,4-5y,4-5y,4-5y,RETRIEVABLE,RETRIEVABLE,RETRIEVABLE,RETRIEVABLE,RETRIEVABLE,RETRIEVABLE
7095278684201962753,A,W-article,2022-05-08T08:25:02Z,4.2604,4-5y,4-5y,4-5y,4-5y,4-5y,4-5y,RETRIEVABLE,RETRIEVABLE,RETRIEVABLE,RETRIEVABLE,RETRIEVABLE,RETRIEVABLE
7095736122596281646,A,W-article,2022-05-09T14:00:08Z,4.2571,4-5y,4-5y,4-5y,4-5y,4-5y,4-5y,RETRIEVABLE,RETRIEVABLE,RETRIEVABLE,RETRIEVABLE,RETRIEVABLE,RETRIEVABLE
7096543131830635782,A,W-article,2022-05-11T18:11:45Z,4.2511,4-5y,4-5y,4-5y,4-5y,4-5y,4-5y,RETRIEVABLE,RETRIEVABLE,RETRIEVABLE,RETRIEVABLE,RETRIEVABLE,RETRIEVABLE
7096869863930580229,A,W-article,2022-05-12T15:19:38Z,4.2487,4-5y,4-5y,4-5y,4-5y,4-5y,4-5y,RETRIEVABLE,RETRIEVABLE,RETRIEVABLE,RETRIEVABLE,RETRIEVABLE,RETRIEVABLE
7097529508651126018,A,W-article,2022-05-14T09:59:23Z,4.2438,4-5y,4-5y,4-5y,4-5y,4-5y,4-5y,RETRIEVABLE,RETRIEVABLE,RETRIEVABLE,RETRIEVABLE,RETRIEVABLE,RETRIEVABLE
7097962949943348481,A,W-article,2022-05-15T14:01:22Z,4.2406,4-5y,4-5y,4-5y,4-5y,4-5y,4-5y,RETRIEVABLE,RETRIEVABLE,RETRIEVABLE,RETRIEVABLE,RETRIEVABLE,RETRIEVABLE
7097993848168942894,A,W-article,2022-05-15T16:01:16Z,4.2404,4-5y,4-5y,4-5y,4-5y,4-5y,4-5y,NOT-RETRIEVABLE,NOT-RETRIEVABLE,NOT-RETRIEVABLE,NOT-RETRIEVABLE,NOT-RETRIEVABLE,NOT-RETRIEVABLE
7099023722740288773,A,W-article,2022-05-18T10:37:42Z,4.2328,4-5y,4-5y,4-5y,4-5y,4-5y,4-5y,RETRIEVABLE,RETRIEVABLE,RETRIEVABLE,RETRIEVABLE,RETRIEVABLE,RETRIEVABLE
7099142253297388806,A,W-article,2022-05-18T18:17:40Z,4.2319,4-5y,4-5y,4-5y,4-5y,4-5y,4-5y,RETRIEVABLE,RETRIEVABLE,RETRIEVABLE,RETRIEVABLE,RETRIEVABLE,RETRIEVABLE
7099483179341335813,A,W-article,2022-05-19T16:20:38Z,4.2294,4-5y,4-5y,4-5y,4-5y,4-5y,4-5y,RETRIEVABLE,RETRIEVABLE,RETRIEVABLE,RETRIEVABLE,RETRIEVABLE,RETRIEVABLE
7099607031044230443,A,W-article,2022-05-20T00:21:14Z,4.2285,4-5y,4-5y,4-5y,4-5y,4-5y,4-5y,RETRIEVABLE,RETRIEVABLE,RETRIEVABLE,RETRIEVABLE,RETRIEVABLE,RETRIEVABLE
7099929271157935406,A,W-article,2022-05-20T21:11:42Z,4.2261,4-5y,4-5y,4-5y,4-5y,4-5y,4-5y,RETRIEVABLE,RETRIEVABLE,RETRIEVABLE,RETRIEVABLE,RETRIEVABLE,RETRIEVABLE
7100061136866938158,A,W-article,2022-05-21T05:43:24Z,4.2252,4-5y,4-5y,4-5y,4-5y,4-5y,4-5y,RETRIEVABLE,RETRIEVABLE,RETRIEVABLE,RETRIEVABLE,RETRIEVABLE,RETRIEVABLE
7100167446480309510,A,W-article,2022-05-21T12:35:56Z,4.2244,4-5y,4-5y,4-5y,4-5y,4-5y,4-5y,RETRIEVABLE,RETRIEVABLE,RETRIEVABLE,RETRIEVABLE,RETRIEVABLE,RETRIEVABLE
7100167458538982662,A,W-article,2022-05-21T12:35:59Z,4.2244,4-5y,4-5y,4-5y,4-5y,4-5y,4-5y,RETRIEVABLE,RETRIEVABLE,RETRIEVABLE,RETRIEVABLE,INDETERMINATE,RETRIEVABLE
7101404719582563590,A,W-article,2022-05-24T20:37:11Z,4.2152,4-5y,4-5y,4-5y,4-5y,4-5y,4-5y,RETRIEVABLE,RETRIEVABLE,RETRIEVABLE,RETRIEVABLE,RETRIEVABLE,RETRIEVABLE
7101594491366296859,A,W-article,2022-05-25T08:53:36Z,4.2138,4-5y,4-5y,4-5y,4-5y,4-5y,4-5y,NOT-RETRIEVABLE,NOT-RETRIEVABLE,NOT-RETRIEVABLE,NOT-RETRIEVABLE,NOT-RETRIEVABLE,NOT-RETRIEVABLE
7103185517042257153,A,W-article,2022-05-29T15:47:35Z,4.2021,4-5y,4-5y,4-5y,4-5y,4-5y,4-5y,RETRIEVABLE,RETRIEVABLE,RETRIEVABLE,RETRIEVABLE,RETRIEVABLE,RETRIEVABLE
7103416016566308098,A,W-article,2022-05-30T06:42:03Z,4.2004,4-5y,4-5y,4-5y,4-5y,4-5y,4-5y,RETRIEVABLE,RETRIEVABLE,RETRIEVABLE,RETRIEVABLE,RETRIEVABLE,RETRIEVABLE
7103491566890667290,A,W-article,2022-05-30T11:35:13Z,4.1998,4-5y,4-5y,4-5y,4-5y,4-5y,4-5y,RETRIEVABLE,RETRIEVABLE,RETRIEVABLE,RETRIEVABLE,RETRIEVABLE,RETRIEVABLE
7103546675561516289,A,W-article,2022-05-30T15:09:04Z,4.1994,4-5y,4-5y,4-5y,4-5y,4-5y,4-5y,RETRIEVABLE,RETRIEVABLE,RETRIEVABLE,RETRIEVABLE,RETRIEVABLE,RETRIEVABLE
7103938557307325702,A,W-article,2022-05-31T16:29:46Z,4.1965,4-5y,4-5y,4-5y,4-5y,4-5y,4-5y,RETRIEVABLE,RETRIEVABLE,RETRIEVABLE,RETRIEVABLE,RETRIEVABLE,RETRIEVABLE
7104069572558490926,A,W-article,2022-06-01T00:58:11Z,4.1956,4-5y,4-5y,4-5y,4-5y,4-5y,4-5y,RETRIEVABLE,RETRIEVABLE,RETRIEVABLE,RETRIEVABLE,RETRIEVABLE,RETRIEVABLE
7104094129763798277,A,W-article,2022-06-01T02:33:28Z,4.1954,4-5y,4-5y,4-5y,4-5y,4-5y,4-5y,RETRIEVABLE,RETRIEVABLE,RETRIEVABLE,RETRIEVABLE,RETRIEVABLE,RETRIEVABLE
7104401848349625643,A,W-article,2022-06-01T22:27:35Z,4.1931,4-5y,4-5y,4-5y,4-5y,4-5y,4-5y,RETRIEVABLE,RETRIEVABLE,RETRIEVABLE,RETRIEVABLE,RETRIEVABLE,RETRIEVABLE
7104500404011961642,A,W-article,2022-06-02T04:50:01Z,4.1924,4-5y,4-5y,4-5y,4-5y,4-5y,4-5y,RETRIEVABLE,RETRIEVABLE,RETRIEVABLE,RETRIEVABLE,RETRIEVABLE,RETRIEVABLE
7104565440369708290,A,W-article,2022-06-02T09:02:24Z,4.1919,4-5y,4-5y,4-5y,4-5y,4-5y,4-5y,RETRIEVABLE,RETRIEVABLE,RETRIEVABLE,RETRIEVABLE,RETRIEVABLE,RETRIEVABLE
7106584143915470122,A,W-article,2022-06-07T19:36:00Z,4.1770,4-5y,4-5y,4-5y,4-5y,4-5y,4-5y,RETRIEVABLE,RETRIEVABLE,RETRIEVABLE,RETRIEVABLE,RETRIEVABLE,RETRIEVABLE
7107678490224332075,A,W-article,2022-06-10T18:22:37Z,4.1690,4-5y,4-5y,4-5y,4-5y,4-5y,4-5y,RETRIEVABLE,RETRIEVABLE,RETRIEVABLE,RETRIEVABLE,RETRIEVABLE,RETRIEVABLE
7108373201771580677,A,W-article,2022-06-12T15:18:27Z,4.1638,4-5y,4-5y,4-5y,4-5y,4-5y,4-5y,RETRIEVABLE,RETRIEVABLE,RETRIEVABLE,RETRIEVABLE,RETRIEVABLE,RETRIEVABLE
7108700495761444102,A,W-article,2022-06-13T12:28:31Z,4.1614,4-5y,4-5y,4-5y,4-5y,4-5y,4-5y,NOT-RETRIEVABLE,NOT-RETRIEVABLE,NOT-RETRIEVABLE,NOT-RETRIEVABLE,NOT-RETRIEVABLE,NOT-RETRIEVABLE
7108735790963854618,A,W-article,2022-06-13T14:45:29Z,4.1612,4-5y,4-5y,4-5y,4-5y,4-5y,4-5y,RETRIEVABLE,RETRIEVABLE,RETRIEVABLE,RETRIEVABLE,RETRIEVABLE,RETRIEVABLE
7108741865574370562,A,W-article,2022-06-13T15:09:04Z,4.1611,4-5y,4-5y,4-5y,4-5y,4-5y,4-5y,RETRIEVABLE,RETRIEVABLE,RETRIEVABLE,RETRIEVABLE,RETRIEVABLE,RETRIEVABLE
7108901835955506433,A,W-article,2022-06-14T01:29:50Z,4.1599,4-5y,4-5y,4-5y,4-5y,4-5y,4-5y,RETRIEVABLE,RETRIEVABLE,RETRIEVABLE,RETRIEVABLE,RETRIEVABLE,RETRIEVABLE
7109091024408005889,A,W-article,2022-06-14T13:43:59Z,4.1585,4-5y,4-5y,4-5y,4-5y,4-5y,4-5y,RETRIEVABLE,RETRIEVABLE,RETRIEVABLE,RETRIEVABLE,RETRIEVABLE,RETRIEVABLE
7109109374504799490,A,W-article,2022-06-14T14:55:11Z,4.1584,4-5y,4-5y,4-5y,4-5y,4-5y,4-5y,RETRIEVABLE,RETRIEVABLE,RETRIEVABLE,RETRIEVABLE,RETRIEVABLE,RETRIEVABLE
7109113724954299649,A,W-article,2022-06-14T15:12:04Z,4.1584,4-5y,4-5y,4-5y,4-5y,4-5y,4-5y,RETRIEVABLE,RETRIEVABLE,RETRIEVABLE,RETRIEVABLE,RETRIEVABLE,RETRIEVABLE
7109193971573820718,A,W-article,2022-06-14T20:23:28Z,4.1578,4-5y,4-5y,4-5y,4-5y,4-5y,4-5y,RETRIEVABLE,RETRIEVABLE,RETRIEVABLE,RETRIEVABLE,RETRIEVABLE,RETRIEVABLE
7109333291123199259,A,W-article,2022-06-15T05:24:06Z,4.1567,4-5y,4-5y,4-5y,4-5y,4-5y,4-5y,RETRIEVABLE,RETRIEVABLE,RETRIEVABLE,RETRIEVABLE,RETRIEVABLE,RETRIEVABLE
7109483669466713346,A,W-article,2022-06-15T15:07:38Z,4.1556,4-5y,4-5y,4-5y,4-5y,4-5y,4-5y,RETRIEVABLE,RETRIEVABLE,RETRIEVABLE,RETRIEVABLE,RETRIEVABLE,RETRIEVABLE
7109555794886085931,A,W-article,2022-06-15T19:47:31Z,4.1551,4-5y,4-5y,4-5y,4-5y,4-5y,4-5y,NOT-RETRIEVABLE,NOT-RETRIEVABLE,NOT-RETRIEVABLE,INDETERMINATE,NOT-RETRIEVABLE,NOT-RETRIEVABLE
7110000349154495750,A,W-article,2022-06-17T00:32:37Z,4.1518,4-5y,4-5y,4-5y,4-5y,4-5y,4-5y,RETRIEVABLE,RETRIEVABLE,RETRIEVABLE,RETRIEVABLE,RETRIEVABLE,RETRIEVABLE
7110237218026818821,A,W-article,2022-06-17T15:51:48Z,4.1501,4-5y,4-5y,4-5y,4-5y,4-5y,4-5y,RETRIEVABLE,RETRIEVABLE,RETRIEVABLE,RETRIEVABLE,RETRIEVABLE,RETRIEVABLE
7110425517274238209,A,W-article,2022-06-18T04:02:29Z,4.1487,4-5y,4-5y,4-5y,4-5y,4-5y,4-5y,RETRIEVABLE,RETRIEVABLE,RETRIEVABLE,RETRIEVABLE,RETRIEVABLE,RETRIEVABLE
7111401666074660101,A,W-article,2022-06-20T19:10:27Z,4.1415,4-5y,4-5y,4-5y,4-5y,4-5y,4-5y,RETRIEVABLE,RETRIEVABLE,RETRIEVABLE,RETRIEVABLE,RETRIEVABLE,RETRIEVABLE
7111477465758879018,A,W-article,2022-06-21T00:04:35Z,4.1409,4-5y,4-5y,4-5y,4-5y,4-5y,4-5y,NOT-RETRIEVABLE,NOT-RETRIEVABLE,NOT-RETRIEVABLE,NOT-RETRIEVABLE,NOT-RETRIEVABLE,NOT-RETRIEVABLE
7111509789062090030,A,W-article,2022-06-21T02:10:01Z,4.1407,4-5y,4-5y,4-5y,4-5y,4-5y,4-5y,INDETERMINATE,RETRIEVABLE,RETRIEVABLE,RETRIEVABLE,RETRIEVABLE,RETRIEVABLE
7111670701995642114,A,W-article,2022-06-21T12:34:27Z,4.1395,4-5y,4-5y,4-5y,4-5y,4-5y,4-5y,RETRIEVABLE,RETRIEVABLE,RETRIEVABLE,RETRIEVABLE,RETRIEVABLE,RETRIEVABLE
7111986952110460187,A,W-article,2022-06-22T09:01:39Z,4.1372,4-5y,4-5y,4-5y,4-5y,4-5y,4-5y,RETRIEVABLE,RETRIEVABLE,RETRIEVABLE,RETRIEVABLE,RETRIEVABLE,RETRIEVABLE
7112008055209970945,A,W-article,2022-06-22T10:23:33Z,4.1370,4-5y,4-5y,4-5y,4-5y,4-5y,4-5y,NOT-RETRIEVABLE,NOT-RETRIEVABLE,NOT-RETRIEVABLE,NOT-RETRIEVABLE,NOT-RETRIEVABLE,NOT-RETRIEVABLE
7112052022148599045,A,W-article,2022-06-22T13:14:10Z,4.1367,4-5y,4-5y,4-5y,4-5y,4-5y,4-5y,NOT-RETRIEVABLE,NOT-RETRIEVABLE,NOT-RETRIEVABLE,NOT-RETRIEVABLE,NOT-RETRIEVABLE,NOT-RETRIEVABLE
7112111409449716994,A,W-article,2022-06-22T17:04:37Z,4.1362,4-5y,4-5y,4-5y,4-5y,4-5y,4-5y,RETRIEVABLE,RETRIEVABLE,RETRIEVABLE,RETRIEVABLE,RETRIEVABLE,RETRIEVABLE
7112206197926890798,A,W-article,2022-06-22T23:12:26Z,4.1355,4-5y,4-5y,4-5y,4-5y,4-5y,4-5y,RETRIEVABLE,RETRIEVABLE,RETRIEVABLE,RETRIEVABLE,RETRIEVABLE,RETRIEVABLE
7113251611606011142,A,W-article,2022-06-25T18:49:11Z,4.1278,4-5y,4-5y,4-5y,4-5y,4-5y,4-5y,RETRIEVABLE,RETRIEVABLE,RETRIEVABLE,RETRIEVABLE,RETRIEVABLE,RETRIEVABLE
7113430490362776875,A,W-article,2022-06-26T06:23:19Z,4.1265,4-5y,4-5y,4-5y,4-5y,4-5y,4-5y,RETRIEVABLE,RETRIEVABLE,RETRIEVABLE,RETRIEVABLE,RETRIEVABLE,RETRIEVABLE
7113696180567035182,A,W-article,2022-06-26T23:34:20Z,4.1246,4-5y,4-5y,4-5y,4-5y,4-5y,4-5y,RETRIEVABLE,RETRIEVABLE,RETRIEVABLE,RETRIEVABLE,RETRIEVABLE,RETRIEVABLE
7114217771352853762,A,W-article,2022-06-28T09:18:22Z,4.1207,4-5y,4-5y,4-5y,4-5y,4-5y,4-5y,NOT-RETRIEVABLE,NOT-RETRIEVABLE,NOT-RETRIEVABLE,NOT-RETRIEVABLE,NOT-RETRIEVABLE,NOT-RETRIEVABLE
7114584873515486465,A,W-article,2022-06-29T09:02:55Z,4.1180,4-5y,4-5y,4-5y,4-5y,4-5y,4-5y,RETRIEVABLE,RETRIEVABLE,RETRIEVABLE,RETRIEVABLE,RETRIEVABLE,RETRIEVABLE
7114756278756363562,A,W-article,2022-06-29T20:08:03Z,4.1167,4-5y,4-5y,4-5y,4-5y,4-5y,4-5y,RETRIEVABLE,RETRIEVABLE,RETRIEVABLE,RETRIEVABLE,RETRIEVABLE,INDETERMINATE
7115137070070254854,A,W-article,2022-06-30T20:45:43Z,4.1139,4-5y,4-5y,4-5y,4-5y,4-5y,4-5y,RETRIEVABLE,RETRIEVABLE,RETRIEVABLE,RETRIEVABLE,RETRIEVABLE,RETRIEVABLE
7115358024885112065,A,W-article,2022-07-01T11:03:08Z,4.1123,4-5y,4-5y,4-5y,4-5y,4-5y,4-5y,RETRIEVABLE,RETRIEVABLE,RETRIEVABLE,RETRIEVABLE,RETRIEVABLE,RETRIEVABLE
7115358275905801473,A,W-article,2022-07-01T11:04:07Z,4.1123,4-5y,4-5y,4-5y,4-5y,4-5y,4-5y,RETRIEVABLE,RETRIEVABLE,RETRIEVABLE,RETRIEVABLE,RETRIEVABLE,INDETERMINATE
7115406252297030914,A,W-article,2022-07-01T14:10:17Z,4.1119,4-5y,4-5y,4-5y,4-5y,4-5y,4-5y,RETRIEVABLE,RETRIEVABLE,RETRIEVABLE,RETRIEVABLE,RETRIEVABLE,RETRIEVABLE
7116140526843235590,A,W-article,2022-07-03T13:39:39Z,4.1065,4-5y,4-5y,4-5y,4-5y,4-5y,4-5y,NOT-RETRIEVABLE,NOT-RETRIEVABLE,NOT-RETRIEVABLE,NOT-RETRIEVABLE,NOT-RETRIEVABLE,NOT-RETRIEVABLE
7116146659540618497,A,W-article,2022-07-03T14:03:27Z,4.1065,4-5y,4-5y,4-5y,4-5y,4-5y,4-5y,RETRIEVABLE,RETRIEVABLE,RETRIEVABLE,RETRIEVABLE,RETRIEVABLE,RETRIEVABLE
7117087756555226370,A,W-article,2022-07-06T02:55:23Z,4.0995,4-5y,4-5y,4-5y,4-5y,4-5y,4-5y,RETRIEVABLE,RETRIEVABLE,RETRIEVABLE,RETRIEVABLE,RETRIEVABLE,RETRIEVABLE
7117338544255061294,A,W-article,2022-07-06T19:08:34Z,4.0977,4-5y,4-5y,4-5y,4-5y,4-5y,4-5y,RETRIEVABLE,RETRIEVABLE,RETRIEVABLE,RETRIEVABLE,RETRIEVABLE,RETRIEVABLE
7117631135907073281,A,W-article,2022-07-07T14:03:58Z,4.0955,4-5y,4-5y,4-5y,4-5y,4-5y,4-5y,RETRIEVABLE,RETRIEVABLE,RETRIEVABLE,RETRIEVABLE,RETRIEVABLE,RETRIEVABLE
7118008692531875073,A,W-article,2022-07-08T14:29:05Z,4.0927,4-5y,4-5y,4-5y,4-5y,4-5y,4-5y,RETRIEVABLE,RETRIEVABLE,RETRIEVABLE,RETRIEVABLE,RETRIEVABLE,RETRIEVABLE
7118393136577023233,A,W-article,2022-07-09T15:20:55Z,4.0899,4-5y,4-5y,4-5y,4-5y,4-5y,4-5y,RETRIEVABLE,RETRIEVABLE,RETRIEVABLE,RETRIEVABLE,RETRIEVABLE,RETRIEVABLE
7120033340438170923,A,W-article,2022-07-14T01:25:45Z,4.0778,4-5y,4-5y,4-5y,4-5y,4-5y,4-5y,RETRIEVABLE,RETRIEVABLE,RETRIEVABLE,RETRIEVABLE,RETRIEVABLE,RETRIEVABLE
7120598574898908459,A,W-article,2022-07-15T13:59:09Z,4.0736,4-5y,4-5y,4-5y,4-5y,4-5y,4-5y,RETRIEVABLE,RETRIEVABLE,RETRIEVABLE,RETRIEVABLE,RETRIEVABLE,RETRIEVABLE
7121511291709164842,A,W-article,2022-07-18T01:00:57Z,4.0669,4-5y,4-5y,4-5y,4-5y,4-5y,4-5y,RETRIEVABLE,RETRIEVABLE,RETRIEVABLE,RETRIEVABLE,RETRIEVABLE,RETRIEVABLE
7121753581019024667,A,W-article,2022-07-18T16:41:10Z,4.0651,4-5y,4-5y,4-5y,4-5y,4-5y,4-5y,RETRIEVABLE,RETRIEVABLE,RETRIEVABLE,RETRIEVABLE,RETRIEVABLE,RETRIEVABLE
7122071386868239617,A,W-article,2022-07-19T13:14:25Z,4.0628,4-5y,4-5y,4-5y,4-5y,4-5y,4-5y,RETRIEVABLE,RETRIEVABLE,RETRIEVABLE,RETRIEVABLE,RETRIEVABLE,RETRIEVABLE
7122842145626541317,A,W-article,2022-07-21T15:05:21Z,4.0571,4-5y,4-5y,4-5y,4-5y,4-5y,4-5y,RETRIEVABLE,RETRIEVABLE,RETRIEVABLE,RETRIEVABLE,RETRIEVABLE,RETRIEVABLE
7123135164011531526,A,W-article,2022-07-22T10:02:25Z,4.0549,4-5y,4-5y,4-5y,4-5y,4-5y,4-5y,RETRIEVABLE,RETRIEVABLE,RETRIEVABLE,RETRIEVABLE,RETRIEVABLE,RETRIEVABLE
7123340357726719237,A,W-article,2022-07-22T23:18:40Z,4.0534,4-5y,4-5y,4-5y,4-5y,4-5y,4-5y,RETRIEVABLE,RETRIEVABLE,RETRIEVABLE,RETRIEVABLE,RETRIEVABLE,RETRIEVABLE
7123876512411028742,A,W-article,2022-07-24T09:59:13Z,4.0494,4-5y,4-5y,4-5y,4-5y,4-5y,4-5y,RETRIEVABLE,RETRIEVABLE,RETRIEVABLE,RETRIEVABLE,RETRIEVABLE,RETRIEVABLE
7123970011663813893,A,W-article,2022-07-24T16:02:03Z,4.0488,4-5y,4-5y,4-5y,4-5y,4-5y,4-5y,RETRIEVABLE,RETRIEVABLE,RETRIEVABLE,RETRIEVABLE,RETRIEVABLE,RETRIEVABLE
7124342829098339627,A,W-article,2022-07-25T16:08:46Z,4.0460,4-5y,4-5y,4-5y,4-5y,4-5y,4-5y,RETRIEVABLE,RETRIEVABLE,RETRIEVABLE,RETRIEVABLE,RETRIEVABLE,RETRIEVABLE
7124813007087029547,A,W-article,2022-07-26T22:33:18Z,4.0425,4-5y,4-5y,4-5y,4-5y,4-5y,4-5y,NOT-RETRIEVABLE,NOT-RETRIEVABLE,NOT-RETRIEVABLE,NOT-RETRIEVABLE,NOT-RETRIEVABLE,NOT-RETRIEVABLE
7125724981492862213,A,W-article,2022-07-29T09:32:13Z,4.0358,4-5y,4-5y,4-5y,4-5y,4-5y,4-5y,RETRIEVABLE,RETRIEVABLE,RETRIEVABLE,RETRIEVABLE,RETRIEVABLE,RETRIEVABLE
7127072454446419242,A,W-article,2022-08-02T00:41:06Z,4.0259,4-5y,4-5y,4-5y,4-5y,4-5y,4-5y,NOT-RETRIEVABLE,NOT-RETRIEVABLE,NOT-RETRIEVABLE,NOT-RETRIEVABLE,NOT-RETRIEVABLE,NOT-RETRIEVABLE
7127295310367329542,A,W-article,2022-08-02T15:05:54Z,4.0242,4-5y,4-5y,4-5y,4-5y,4-5y,4-5y,RETRIEVABLE,RETRIEVABLE,RETRIEVABLE,RETRIEVABLE,RETRIEVABLE,RETRIEVABLE
7127761069837323566,A,W-article,2022-08-03T21:13:17Z,4.0208,4-5y,4-5y,4-5y,4-5y,4-5y,4-5y,RETRIEVABLE,RETRIEVABLE,RETRIEVABLE,RETRIEVABLE,RETRIEVABLE,RETRIEVABLE
7128075275685891371,A,W-article,2022-08-04T17:32:34Z,4.0185,4-5y,4-5y,4-5y,4-5y,4-5y,4-5y,INDETERMINATE,RETRIEVABLE,RETRIEVABLE,RETRIEVABLE,INDETERMINATE,RETRIEVABLE
7128100532484427054,A,W-article,2022-08-04T19:10:35Z,4.0183,4-5y,4-5y,4-5y,4-5y,4-5y,4-5y,RETRIEVABLE,RETRIEVABLE,RETRIEVABLE,RETRIEVABLE,RETRIEVABLE,RETRIEVABLE
7129525082497551618,A,W-article,2022-08-08T15:18:33Z,4.0078,4-5y,4-5y,4-5y,4-5y,4-5y,4-5y,RETRIEVABLE,RETRIEVABLE,RETRIEVABLE,RETRIEVABLE,RETRIEVABLE,RETRIEVABLE
7129562034621959470,A,W-article,2022-08-08T17:41:57Z,4.0075,4-5y,4-5y,4-5y,4-5y,4-5y,4-5y,RETRIEVABLE,RETRIEVABLE,RETRIEVABLE,RETRIEVABLE,RETRIEVABLE,RETRIEVABLE
7129597869291621678,A,W-article,2022-08-08T20:01:00Z,4.0072,4-5y,4-5y,4-5y,4-5y,4-5y,4-5y,RETRIEVABLE,RETRIEVABLE,RETRIEVABLE,RETRIEVABLE,RETRIEVABLE,RETRIEVABLE
7129793871705312514,A,W-article,2022-08-09T08:41:36Z,4.0058,4-5y,4-5y,4-5y,4-5y,4-5y,4-5y,RETRIEVABLE,RETRIEVABLE,RETRIEVABLE,RETRIEVABLE,RETRIEVABLE,RETRIEVABLE
7130306196589890821,A,W-article,2022-08-10T17:49:41Z,4.0020,4-5y,4-5y,4-5y,4-5y,4-5y,4-5y,RETRIEVABLE,RETRIEVABLE,RETRIEVABLE,RETRIEVABLE,RETRIEVABLE,RETRIEVABLE
7130337852856077611,A,W-article,2022-08-10T19:52:31Z,4.0018,4-5y,4-5y,4-5y,4-5y,4-5y,4-5y,RETRIEVABLE,RETRIEVABLE,RETRIEVABLE,RETRIEVABLE,RETRIEVABLE,RETRIEVABLE
7130403845598891306,A,W-article,2022-08-11T00:08:36Z,4.0013,4-5y,4-5y,4-5y,4-5y,4-5y,4-5y,RETRIEVABLE,RETRIEVABLE,RETRIEVABLE,RETRIEVABLE,RETRIEVABLE,RETRIEVABLE
7130659288850189614,A,W-article,2022-08-11T16:39:51Z,3.9994,3-4y,4-5y,4-5y,4-5y,4-5y,4-5y,RETRIEVABLE,RETRIEVABLE,RETRIEVABLE,RETRIEVABLE,RETRIEVABLE,RETRIEVABLE
7131434117614292229,A,W-article,2022-08-13T18:46:35Z,3.9937,3-4y,3-4y,3-4y,4-5y,4-5y,4-5y,RETRIEVABLE,RETRIEVABLE,RETRIEVABLE,RETRIEVABLE,RETRIEVABLE,RETRIEVABLE
7131515608729931009,A,W-article,2022-08-14T00:02:49Z,3.9931,3-4y,3-4y,3-4y,4-5y,4-5y,4-5y,RETRIEVABLE,RETRIEVABLE,RETRIEVABLE,RETRIEVABLE,RETRIEVABLE,RETRIEVABLE
7131760929938722049,A,W-article,2022-08-14T15:54:47Z,3.9913,3-4y,3-4y,3-4y,3-4y,4-5y,4-5y,RETRIEVABLE,RETRIEVABLE,RETRIEVABLE,RETRIEVABLE,RETRIEVABLE,RETRIEVABLE
7132027707323337989,A,W-article,2022-08-15T09:10:01Z,3.9893,3-4y,3-4y,3-4y,3-4y,3-4y,4-5y,RETRIEVABLE,RETRIEVABLE,RETRIEVABLE,RETRIEVABLE,RETRIEVABLE,RETRIEVABLE
7132519161174985990,A,W-article,2022-08-16T16:57:07Z,3.9857,3-4y,3-4y,3-4y,3-4y,3-4y,3-4y,RETRIEVABLE,RETRIEVABLE,RETRIEVABLE,RETRIEVABLE,RETRIEVABLE,RETRIEVABLE
7132747728739650862,A,W-article,2022-08-17T07:44:04Z,3.9840,3-4y,3-4y,3-4y,3-4y,3-4y,3-4y,RETRIEVABLE,RETRIEVABLE,RETRIEVABLE,RETRIEVABLE,RETRIEVABLE,RETRIEVABLE
7133206487798795521,A,W-article,2022-08-18T13:24:17Z,3.9806,3-4y,3-4y,3-4y,3-4y,3-4y,3-4y,RETRIEVABLE,RETRIEVABLE,RETRIEVABLE,RETRIEVABLE,RETRIEVABLE,RETRIEVABLE
7133233128734280962,A,W-article,2022-08-18T15:07:40Z,3.9804,3-4y,3-4y,3-4y,3-4y,3-4y,3-4y,RETRIEVABLE,RETRIEVABLE,RETRIEVABLE,RETRIEVABLE,RETRIEVABLE,RETRIEVABLE
7133233410075561217,A,W-article,2022-08-18T15:08:46Z,3.9804,3-4y,3-4y,3-4y,3-4y,3-4y,3-4y,RETRIEVABLE,RETRIEVABLE,RETRIEVABLE,RETRIEVABLE,RETRIEVABLE,RETRIEVABLE
7133238514774314245,A,W-article,2022-08-18T15:28:34Z,3.9804,3-4y,3-4y,3-4y,3-4y,3-4y,3-4y,RETRIEVABLE,RETRIEVABLE,RETRIEVABLE,RETRIEVABLE,RETRIEVABLE,RETRIEVABLE
7133278087155961093,A,W-article,2022-08-18T18:02:08Z,3.9801,3-4y,3-4y,3-4y,3-4y,3-4y,3-4y,RETRIEVABLE,RETRIEVABLE,RETRIEVABLE,RETRIEVABLE,RETRIEVABLE,RETRIEVABLE
7133362838424341803,A,W-article,2022-08-18T23:31:01Z,3.9795,3-4y,3-4y,3-4y,3-4y,3-4y,3-4y,RETRIEVABLE,RETRIEVABLE,RETRIEVABLE,RETRIEVABLE,RETRIEVABLE,RETRIEVABLE
7133684241228942634,A,W-article,2022-08-19T20:18:13Z,3.9771,3-4y,3-4y,3-4y,3-4y,3-4y,3-4y,RETRIEVABLE,RETRIEVABLE,RETRIEVABLE,RETRIEVABLE,RETRIEVABLE,RETRIEVABLE
7135679477316701441,A,W-article,2022-08-25T05:20:45Z,3.9624,3-4y,3-4y,3-4y,3-4y,3-4y,3-4y,RETRIEVABLE,RETRIEVABLE,RETRIEVABLE,RETRIEVABLE,RETRIEVABLE,RETRIEVABLE
7135854415000423722,A,W-article,2022-08-25T16:39:36Z,3.9611,3-4y,3-4y,3-4y,3-4y,3-4y,3-4y,RETRIEVABLE,RETRIEVABLE,RETRIEVABLE,RETRIEVABLE,RETRIEVABLE,RETRIEVABLE
7135914556848622853,A,W-article,2022-08-25T20:32:59Z,3.9606,3-4y,3-4y,3-4y,3-4y,3-4y,3-4y,RETRIEVABLE,RETRIEVABLE,RETRIEVABLE,RETRIEVABLE,RETRIEVABLE,RETRIEVABLE
7136115738376441094,A,W-article,2022-08-26T09:33:40Z,3.9591,3-4y,3-4y,3-4y,3-4y,3-4y,3-4y,NOT-RETRIEVABLE,NOT-RETRIEVABLE,NOT-RETRIEVABLE,NOT-RETRIEVABLE,NOT-RETRIEVABLE,NOT-RETRIEVABLE
7136215678884924714,A,W-article,2022-08-26T16:01:29Z,3.9584,3-4y,3-4y,3-4y,3-4y,3-4y,3-4y,RETRIEVABLE,RETRIEVABLE,RETRIEVABLE,RETRIEVABLE,RETRIEVABLE,RETRIEVABLE
7137366343594134830,A,W-article,2022-08-29T18:26:39Z,3.9499,3-4y,3-4y,3-4y,3-4y,3-4y,3-4y,RETRIEVABLE,RETRIEVABLE,RETRIEVABLE,RETRIEVABLE,RETRIEVABLE,RETRIEVABLE
7137438518862974254,A,W-article,2022-08-29T23:06:44Z,3.9494,3-4y,3-4y,3-4y,3-4y,3-4y,3-4y,RETRIEVABLE,RETRIEVABLE,RETRIEVABLE,RETRIEVABLE,RETRIEVABLE,RETRIEVABLE
7137979259599064326,A,W-article,2022-08-31T10:05:05Z,3.9454,3-4y,3-4y,3-4y,3-4y,3-4y,3-4y,RETRIEVABLE,RETRIEVABLE,RETRIEVABLE,RETRIEVABLE,RETRIEVABLE,RETRIEVABLE
7138700887517629702,A,W-article,2022-09-02T08:45:22Z,3.9401,3-4y,3-4y,3-4y,3-4y,3-4y,3-4y,RETRIEVABLE,RETRIEVABLE,RETRIEVABLE,RETRIEVABLE,RETRIEVABLE,RETRIEVABLE
7138826195105221934,A,W-article,2022-09-02T16:51:37Z,3.9391,3-4y,3-4y,3-4y,3-4y,3-4y,3-4y,RETRIEVABLE,RETRIEVABLE,RETRIEVABLE,RETRIEVABLE,RETRIEVABLE,RETRIEVABLE
7139186979517877546,A,W-article,2022-09-03T16:11:39Z,3.9365,3-4y,3-4y,3-4y,3-4y,3-4y,3-4y,RETRIEVABLE,RETRIEVABLE,RETRIEVABLE,RETRIEVABLE,RETRIEVABLE,RETRIEVABLE
7140251654313561345,A,W-article,2022-09-06T13:03:08Z,3.9286,3-4y,3-4y,3-4y,3-4y,3-4y,3-4y,RETRIEVABLE,RETRIEVABLE,RETRIEVABLE,INDETERMINATE,RETRIEVABLE,RETRIEVABLE
7140756511441161514,A,W-article,2022-09-07T21:42:14Z,3.9249,3-4y,3-4y,3-4y,3-4y,3-4y,3-4y,RETRIEVABLE,RETRIEVABLE,RETRIEVABLE,RETRIEVABLE,RETRIEVABLE,RETRIEVABLE
7141705730565901569,A,W-article,2022-09-10T11:05:42Z,3.9179,3-4y,3-4y,3-4y,3-4y,3-4y,3-4y,RETRIEVABLE,RETRIEVABLE,RETRIEVABLE,RETRIEVABLE,RETRIEVABLE,RETRIEVABLE
7141706336957517061,A,W-article,2022-09-10T11:08:03Z,3.9179,3-4y,3-4y,3-4y,3-4y,3-4y,3-4y,RETRIEVABLE,RETRIEVABLE,RETRIEVABLE,RETRIEVABLE,RETRIEVABLE,RETRIEVABLE
7142190480086895915,A,W-article,2022-09-11T18:26:46Z,3.9143,3-4y,3-4y,3-4y,3-4y,3-4y,3-4y,RETRIEVABLE,RETRIEVABLE,RETRIEVABLE,RETRIEVABLE,RETRIEVABLE,RETRIEVABLE
7142466989271960875,A,W-article,2022-09-12T12:19:46Z,3.9123,3-4y,3-4y,3-4y,3-4y,3-4y,3-4y,RETRIEVABLE,RETRIEVABLE,RETRIEVABLE,RETRIEVABLE,RETRIEVABLE,RETRIEVABLE
7142648604891614507,A,W-article,2022-09-13T00:04:32Z,3.9109,3-4y,3-4y,3-4y,3-4y,3-4y,3-4y,RETRIEVABLE,RETRIEVABLE,RETRIEVABLE,RETRIEVABLE,RETRIEVABLE,RETRIEVABLE
7142987169022430510,A,W-article,2022-09-13T21:58:20Z,3.9084,3-4y,3-4y,3-4y,3-4y,3-4y,3-4y,NOT-RETRIEVABLE,NOT-RETRIEVABLE,NOT-RETRIEVABLE,NOT-RETRIEVABLE,NOT-RETRIEVABLE,NOT-RETRIEVABLE
7143269114818219270,A,W-article,2022-09-14T16:12:25Z,3.9064,3-4y,3-4y,3-4y,3-4y,3-4y,3-4y,RETRIEVABLE,RETRIEVABLE,RETRIEVABLE,RETRIEVABLE,RETRIEVABLE,RETRIEVABLE
7143338599176539398,A,W-article,2022-09-14T20:42:03Z,3.9059,3-4y,3-4y,3-4y,3-4y,3-4y,3-4y,NOT-RETRIEVABLE,NOT-RETRIEVABLE,NOT-RETRIEVABLE,NOT-RETRIEVABLE,NOT-RETRIEVABLE,NOT-RETRIEVABLE
7143980625287073030,A,W-article,2022-09-16T14:13:27Z,3.9011,3-4y,3-4y,3-4y,3-4y,3-4y,3-4y,NOT-RETRIEVABLE,NOT-RETRIEVABLE,NOT-RETRIEVABLE,NOT-RETRIEVABLE,NOT-RETRIEVABLE,NOT-RETRIEVABLE
7144366824652590342,A,W-article,2022-09-17T15:12:06Z,3.8983,3-4y,3-4y,3-4y,3-4y,3-4y,3-4y,RETRIEVABLE,RETRIEVABLE,RETRIEVABLE,RETRIEVABLE,RETRIEVABLE,RETRIEVABLE
7144660487119097089,A,W-article,2022-09-18T10:11:39Z,3.8961,3-4y,3-4y,3-4y,3-4y,3-4y,3-4y,RETRIEVABLE,RETRIEVABLE,RETRIEVABLE,RETRIEVABLE,RETRIEVABLE,RETRIEVABLE
7144785755565493547,A,W-article,2022-09-18T18:17:46Z,3.8952,3-4y,3-4y,3-4y,3-4y,3-4y,3-4y,RETRIEVABLE,RETRIEVABLE,RETRIEVABLE,RETRIEVABLE,RETRIEVABLE,RETRIEVABLE
7145501814182382849,A,W-article,2022-09-20T16:36:26Z,3.8899,3-4y,3-4y,3-4y,3-4y,3-4y,3-4y,NOT-RETRIEVABLE,NOT-RETRIEVABLE,NOT-RETRIEVABLE,NOT-RETRIEVABLE,NOT-RETRIEVABLE,NOT-RETRIEVABLE
7145578564333620523,A,W-article,2022-09-20T21:34:16Z,3.8893,3-4y,3-4y,3-4y,3-4y,3-4y,3-4y,RETRIEVABLE,RETRIEVABLE,RETRIEVABLE,RETRIEVABLE,RETRIEVABLE,RETRIEVABLE
7146563915592273153,A,W-article,2022-09-23T13:17:56Z,3.8821,3-4y,3-4y,3-4y,3-4y,3-4y,3-4y,RETRIEVABLE,RETRIEVABLE,RETRIEVABLE,RETRIEVABLE,RETRIEVABLE,RETRIEVABLE
7147870596355853610,A,W-article,2022-09-27T01:48:31Z,3.8724,3-4y,3-4y,3-4y,3-4y,3-4y,3-4y,RETRIEVABLE,RETRIEVABLE,RETRIEVABLE,RETRIEVABLE,RETRIEVABLE,RETRIEVABLE
7148382398214966530,A,W-article,2022-09-28T10:54:34Z,3.8686,3-4y,3-4y,3-4y,3-4y,3-4y,3-4y,RETRIEVABLE,RETRIEVABLE,RETRIEVABLE,RETRIEVABLE,RETRIEVABLE,RETRIEVABLE
7148471955249810693,A,W-article,2022-09-28T16:42:06Z,3.8680,3-4y,3-4y,3-4y,3-4y,3-4y,3-4y,RETRIEVABLE,RETRIEVABLE,RETRIEVABLE,RETRIEVABLE,RETRIEVABLE,RETRIEVABLE
7148745044005047553,A,W-article,2022-09-29T10:21:49Z,3.8660,3-4y,3-4y,3-4y,3-4y,3-4y,3-4y,RETRIEVABLE,RETRIEVABLE,RETRIEVABLE,RETRIEVABLE,RETRIEVABLE,RETRIEVABLE
7149879496848493825,A,W-article,2022-10-02T11:44:05Z,3.8576,3-4y,3-4y,3-4y,3-4y,3-4y,3-4y,RETRIEVABLE,RETRIEVABLE,RETRIEVABLE,RETRIEVABLE,RETRIEVABLE,RETRIEVABLE
7150234348850089222,A,W-article,2022-10-03T10:41:05Z,3.8550,3-4y,3-4y,3-4y,3-4y,3-4y,3-4y,RETRIEVABLE,RETRIEVABLE,RETRIEVABLE,RETRIEVABLE,RETRIEVABLE,RETRIEVABLE
7150611990443003141,A,W-article,2022-10-04T11:06:32Z,3.8522,3-4y,3-4y,3-4y,3-4y,3-4y,3-4y,RETRIEVABLE,RETRIEVABLE,RETRIEVABLE,RETRIEVABLE,RETRIEVABLE,RETRIEVABLE
7150821194457992491,A,W-article,2022-10-05T00:38:21Z,3.8506,3-4y,3-4y,3-4y,3-4y,3-4y,3-4y,RETRIEVABLE,RETRIEVABLE,RETRIEVABLE,RETRIEVABLE,RETRIEVABLE,RETRIEVABLE
7151055756068949294,A,W-article,2022-10-05T15:48:34Z,3.8489,3-4y,3-4y,3-4y,3-4y,3-4y,3-4y,RETRIEVABLE,RETRIEVABLE,RETRIEVABLE,RETRIEVABLE,RETRIEVABLE,RETRIEVABLE
7151399799277817093,A,W-article,2022-10-06T14:03:38Z,3.8464,3-4y,3-4y,3-4y,3-4y,3-4y,3-4y,RETRIEVABLE,RETRIEVABLE,RETRIEVABLE,RETRIEVABLE,RETRIEVABLE,RETRIEVABLE
7151677137337208110,A,W-article,2022-10-07T07:59:51Z,3.8443,3-4y,3-4y,3-4y,3-4y,3-4y,3-4y,RETRIEVABLE,RETRIEVABLE,RETRIEVABLE,RETRIEVABLE,RETRIEVABLE,RETRIEVABLE
7152199268063808774,A,W-article,2022-10-08T17:45:59Z,3.8405,3-4y,3-4y,3-4y,3-4y,3-4y,3-4y,RETRIEVABLE,RETRIEVABLE,RETRIEVABLE,RETRIEVABLE,RETRIEVABLE,RETRIEVABLE
7152435638862728450,A,W-article,2022-10-09T09:03:13Z,3.8387,3-4y,3-4y,3-4y,3-4y,3-4y,3-4y,RETRIEVABLE,RETRIEVABLE,RETRIEVABLE,RETRIEVABLE,RETRIEVABLE,RETRIEVABLE
7153136943264468225,A,W-article,2022-10-11T06:24:38Z,3.8336,3-4y,3-4y,3-4y,3-4y,3-4y,3-4y,RETRIEVABLE,RETRIEVABLE,RETRIEVABLE,RETRIEVABLE,RETRIEVABLE,RETRIEVABLE
7153375399236357422,A,W-article,2022-10-11T21:49:58Z,3.8318,3-4y,3-4y,3-4y,3-4y,3-4y,3-4y,RETRIEVABLE,RETRIEVABLE,RETRIEVABLE,RETRIEVABLE,RETRIEVABLE,RETRIEVABLE
7153414822422678830,A,W-article,2022-10-12T00:22:57Z,3.8315,3-4y,3-4y,3-4y,3-4y,3-4y,3-4y,RETRIEVABLE,RETRIEVABLE,RETRIEVABLE,RETRIEVABLE,RETRIEVABLE,RETRIEVABLE
7153934839241084162,A,W-article,2022-10-13T10:00:53Z,3.8277,3-4y,3-4y,3-4y,3-4y,3-4y,3-4y,RETRIEVABLE,RETRIEVABLE,RETRIEVABLE,RETRIEVABLE,RETRIEVABLE,RETRIEVABLE
7154306824286653698,A,W-article,2022-10-14T10:04:22Z,3.8249,3-4y,3-4y,3-4y,3-4y,3-4y,3-4y,NOT-RETRIEVABLE,NOT-RETRIEVABLE,NOT-RETRIEVABLE,NOT-RETRIEVABLE,NOT-RETRIEVABLE,NOT-RETRIEVABLE
7154927524324281646,A,W-article,2022-10-16T02:13:00Z,3.8203,3-4y,3-4y,3-4y,3-4y,3-4y,3-4y,RETRIEVABLE,RETRIEVABLE,RETRIEVABLE,RETRIEVABLE,RETRIEVABLE,RETRIEVABLE
7155621563805535531,A,W-article,2022-10-17T23:06:14Z,3.8152,3-4y,3-4y,3-4y,3-4y,3-4y,3-4y,NOT-RETRIEVABLE,NOT-RETRIEVABLE,NOT-RETRIEVABLE,NOT-RETRIEVABLE,NOT-RETRIEVABLE,NOT-RETRIEVABLE
7155668772534209835,A,W-article,2022-10-18T02:09:26Z,3.8149,3-4y,3-4y,3-4y,3-4y,3-4y,3-4y,NOT-RETRIEVABLE,NOT-RETRIEVABLE,NOT-RETRIEVABLE,NOT-RETRIEVABLE,NOT-RETRIEVABLE,NOT-RETRIEVABLE
7155875639910812933,A,W-article,2022-10-18T15:32:11Z,3.8134,3-4y,3-4y,3-4y,3-4y,3-4y,3-4y,RETRIEVABLE,RETRIEVABLE,RETRIEVABLE,RETRIEVABLE,RETRIEVABLE,RETRIEVABLE
7155898247565806854,A,W-article,2022-10-18T16:59:54Z,3.8132,3-4y,3-4y,3-4y,3-4y,3-4y,3-4y,RETRIEVABLE,RETRIEVABLE,RETRIEVABLE,RETRIEVABLE,RETRIEVABLE,RETRIEVABLE
7157318616247995654,A,W-article,2022-10-22T12:51:40Z,3.8027,3-4y,3-4y,3-4y,3-4y,3-4y,3-4y,NOT-RETRIEVABLE,NOT-RETRIEVABLE,NOT-RETRIEVABLE,NOT-RETRIEVABLE,NOT-RETRIEVABLE,NOT-RETRIEVABLE
7157801825989577990,A,W-article,2022-10-23T20:06:46Z,3.7991,3-4y,3-4y,3-4y,3-4y,3-4y,3-4y,RETRIEVABLE,RETRIEVABLE,RETRIEVABLE,RETRIEVABLE,RETRIEVABLE,RETRIEVABLE
7158220011901848878,A,W-article,2022-10-24T23:09:32Z,3.7961,3-4y,3-4y,3-4y,3-4y,3-4y,3-4y,RETRIEVABLE,RETRIEVABLE,RETRIEVABLE,RETRIEVABLE,RETRIEVABLE,RETRIEVABLE
7158230454523497774,A,W-article,2022-10-24T23:50:04Z,3.7960,3-4y,3-4y,3-4y,3-4y,3-4y,3-4y,RETRIEVABLE,RETRIEVABLE,RETRIEVABLE,RETRIEVABLE,RETRIEVABLE,RETRIEVABLE
7158861858844314886,A,W-article,2022-10-26T16:40:14Z,3.7913,3-4y,3-4y,3-4y,3-4y,3-4y,3-4y,RETRIEVABLE,RETRIEVABLE,RETRIEVABLE,RETRIEVABLE,RETRIEVABLE,RETRIEVABLE
7159503348645825794,A,W-article,2022-10-28T10:09:32Z,3.7866,3-4y,3-4y,3-4y,3-4y,3-4y,3-4y,RETRIEVABLE,RETRIEVABLE,RETRIEVABLE,RETRIEVABLE,INDETERMINATE,RETRIEVABLE
7160065627804192043,A,W-article,2022-10-29T22:31:28Z,3.7824,3-4y,3-4y,3-4y,3-4y,3-4y,3-4y,RETRIEVABLE,RETRIEVABLE,RETRIEVABLE,RETRIEVABLE,RETRIEVABLE,RETRIEVABLE
7160971198594108674,A,W-article,2022-11-01T09:05:33Z,3.7758,3-4y,3-4y,3-4y,3-4y,3-4y,3-4y,RETRIEVABLE,RETRIEVABLE,RETRIEVABLE,RETRIEVABLE,RETRIEVABLE,RETRIEVABLE
7161332026191219994,A,W-article,2022-11-02T08:25:45Z,3.7731,3-4y,3-4y,3-4y,3-4y,3-4y,3-4y,RETRIEVABLE,RETRIEVABLE,RETRIEVABLE,RETRIEVABLE,RETRIEVABLE,RETRIEVABLE
7162652716538334470,A,W-article,2022-11-05T21:50:42Z,3.7634,3-4y,3-4y,3-4y,3-4y,3-4y,3-4y,RETRIEVABLE,RETRIEVABLE,RETRIEVABLE,RETRIEVABLE,RETRIEVABLE,RETRIEVABLE
7163354748383431979,A,W-article,2022-11-07T19:14:56Z,3.7582,3-4y,3-4y,3-4y,3-4y,3-4y,3-4y,RETRIEVABLE,RETRIEVABLE,RETRIEVABLE,RETRIEVABLE,RETRIEVABLE,RETRIEVABLE
7163400883575819566,A,W-article,2022-11-07T22:13:58Z,3.7578,3-4y,3-4y,3-4y,3-4y,3-4y,3-4y,RETRIEVABLE,RETRIEVABLE,RETRIEVABLE,RETRIEVABLE,RETRIEVABLE,RETRIEVABLE
7163727132919663878,A,W-article,2022-11-08T19:19:59Z,3.7554,3-4y,3-4y,3-4y,3-4y,3-4y,3-4y,RETRIEVABLE,RETRIEVABLE,RETRIEVABLE,RETRIEVABLE,RETRIEVABLE,RETRIEVABLE
7163767159183707393,A,W-article,2022-11-08T21:55:18Z,3.7551,3-4y,3-4y,3-4y,3-4y,3-4y,3-4y,RETRIEVABLE,RETRIEVABLE,RETRIEVABLE,RETRIEVABLE,RETRIEVABLE,RETRIEVABLE
7164213285913480454,A,W-article,2022-11-10T02:46:30Z,3.7518,3-4y,3-4y,3-4y,3-4y,3-4y,3-4y,RETRIEVABLE,RETRIEVABLE,RETRIEVABLE,RETRIEVABLE,RETRIEVABLE,RETRIEVABLE
7164791770516032810,A,W-article,2022-11-11T16:11:19Z,3.7476,3-4y,3-4y,3-4y,3-4y,3-4y,3-4y,NOT-RETRIEVABLE,NOT-RETRIEVABLE,NOT-RETRIEVABLE,NOT-RETRIEVABLE,NOT-RETRIEVABLE,INDETERMINATE
7164867609668619525,A,W-article,2022-11-11T21:05:37Z,3.7470,3-4y,3-4y,3-4y,3-4y,3-4y,3-4y,RETRIEVABLE,RETRIEVABLE,RETRIEVABLE,RETRIEVABLE,RETRIEVABLE,RETRIEVABLE
7165764224512265473,A,W-article,2022-11-14T07:04:56Z,3.7404,3-4y,3-4y,3-4y,3-4y,3-4y,3-4y,INDETERMINATE,NOT-RETRIEVABLE,NOT-RETRIEVABLE,NOT-RETRIEVABLE,NOT-RETRIEVABLE,NOT-RETRIEVABLE
7165853687749840133,A,W-article,2022-11-14T12:52:06Z,3.7397,3-4y,3-4y,3-4y,3-4y,3-4y,3-4y,RETRIEVABLE,RETRIEVABLE,RETRIEVABLE,RETRIEVABLE,RETRIEVABLE,RETRIEVABLE
7166622495867604270,A,W-article,2022-11-16T14:35:28Z,3.7341,3-4y,3-4y,3-4y,3-4y,3-4y,3-4y,NOT-RETRIEVABLE,NOT-RETRIEVABLE,NOT-RETRIEVABLE,NOT-RETRIEVABLE,NOT-RETRIEVABLE,NOT-RETRIEVABLE
7166648042077064453,A,W-article,2022-11-16T16:14:36Z,3.7339,3-4y,3-4y,3-4y,3-4y,3-4y,3-4y,RETRIEVABLE,RETRIEVABLE,RETRIEVABLE,RETRIEVABLE,RETRIEVABLE,RETRIEVABLE
7168391790821657861,A,W-article,2022-11-21T09:01:14Z,3.7210,3-4y,3-4y,3-4y,3-4y,3-4y,3-4y,RETRIEVABLE,RETRIEVABLE,RETRIEVABLE,RETRIEVABLE,RETRIEVABLE,RETRIEVABLE
7169316764289895726,A,W-article,2022-11-23T20:50:36Z,3.7142,3-4y,3-4y,3-4y,3-4y,3-4y,3-4y,RETRIEVABLE,RETRIEVABLE,RETRIEVABLE,RETRIEVABLE,RETRIEVABLE,RETRIEVABLE
7169520410348866818,A,W-article,2022-11-24T10:00:51Z,3.7127,3-4y,3-4y,3-4y,3-4y,3-4y,3-4y,RETRIEVABLE,RETRIEVABLE,RETRIEVABLE,RETRIEVABLE,RETRIEVABLE,RETRIEVABLE
7169684322402700549,A,W-article,2022-11-24T20:36:55Z,3.7115,3-4y,3-4y,3-4y,3-4y,3-4y,3-4y,RETRIEVABLE,RETRIEVABLE,RETRIEVABLE,RETRIEVABLE,RETRIEVABLE,RETRIEVABLE
7170149227685793030,A,W-article,2022-11-26T02:40:59Z,3.7080,3-4y,3-4y,3-4y,3-4y,3-4y,3-4y,RETRIEVABLE,RETRIEVABLE,RETRIEVABLE,RETRIEVABLE,RETRIEVABLE,RETRIEVABLE
7170257413935795457,A,W-article,2022-11-26T09:40:48Z,3.7072,3-4y,3-4y,3-4y,3-4y,3-4y,3-4y,RETRIEVABLE,RETRIEVABLE,RETRIEVABLE,RETRIEVABLE,RETRIEVABLE,RETRIEVABLE
7172220613023599877,A,W-article,2022-12-01T16:39:01Z,3.6928,3-4y,3-4y,3-4y,3-4y,3-4y,3-4y,RETRIEVABLE,RETRIEVABLE,RETRIEVABLE,RETRIEVABLE,RETRIEVABLE,RETRIEVABLE
7173687443047189766,A,W-article,2022-12-05T15:31:04Z,3.6819,3-4y,3-4y,3-4y,3-4y,3-4y,3-4y,RETRIEVABLE,RETRIEVABLE,RETRIEVABLE,RETRIEVABLE,RETRIEVABLE,RETRIEVABLE
7174046344758267163,A,W-article,2022-12-06T14:43:48Z,3.6793,3-4y,3-4y,3-4y,3-4y,3-4y,3-4y,RETRIEVABLE,RETRIEVABLE,RETRIEVABLE,RETRIEVABLE,RETRIEVABLE,RETRIEVABLE
7174535575310175534,A,W-article,2022-12-07T22:22:15Z,3.6757,3-4y,3-4y,3-4y,3-4y,3-4y,3-4y,RETRIEVABLE,RETRIEVABLE,RETRIEVABLE,RETRIEVABLE,RETRIEVABLE,RETRIEVABLE
7174701064262896897,A,W-article,2022-12-08T09:04:26Z,3.6745,3-4y,3-4y,3-4y,3-4y,3-4y,3-4y,RETRIEVABLE,RETRIEVABLE,RETRIEVABLE,RETRIEVABLE,RETRIEVABLE,RETRIEVABLE
7174720472762830082,A,W-article,2022-12-08T10:19:45Z,3.6743,3-4y,3-4y,3-4y,3-4y,3-4y,3-4y,RETRIEVABLE,RETRIEVABLE,RETRIEVABLE,RETRIEVABLE,RETRIEVABLE,RETRIEVABLE
7174854318640663851,A,W-article,2022-12-08T18:59:09Z,3.6733,3-4y,3-4y,3-4y,3-4y,3-4y,3-4y,RETRIEVABLE,INDETERMINATE,RETRIEVABLE,RETRIEVABLE,RETRIEVABLE,RETRIEVABLE
7175086667491986690,A,W-article,2022-12-09T10:00:47Z,3.6716,3-4y,3-4y,3-4y,3-4y,3-4y,3-4y,RETRIEVABLE,RETRIEVABLE,INDETERMINATE,RETRIEVABLE,RETRIEVABLE,RETRIEVABLE
7175392822395194626,A,W-article,2022-12-10T05:48:49Z,3.6694,3-4y,3-4y,3-4y,3-4y,3-4y,3-4y,RETRIEVABLE,RETRIEVABLE,RETRIEVABLE,RETRIEVABLE,RETRIEVABLE,RETRIEVABLE
7176231652346187010,A,W-article,2022-12-12T12:03:54Z,3.6632,3-4y,3-4y,3-4y,3-4y,3-4y,3-4y,RETRIEVABLE,RETRIEVABLE,RETRIEVABLE,RETRIEVABLE,RETRIEVABLE,RETRIEVABLE
7177066208691309829,A,W-article,2022-12-14T18:02:24Z,3.6570,3-4y,3-4y,3-4y,3-4y,3-4y,3-4y,RETRIEVABLE,RETRIEVABLE,RETRIEVABLE,RETRIEVABLE,RETRIEVABLE,RETRIEVABLE
7177098506090433834,A,W-article,2022-12-14T20:07:44Z,3.6568,3-4y,3-4y,3-4y,3-4y,3-4y,3-4y,RETRIEVABLE,RETRIEVABLE,RETRIEVABLE,RETRIEVABLE,RETRIEVABLE,RETRIEVABLE
7177856876611161387,A,W-article,2022-12-16T21:10:36Z,3.6512,3-4y,3-4y,3-4y,3-4y,3-4y,3-4y,RETRIEVABLE,RETRIEVABLE,RETRIEVABLE,RETRIEVABLE,RETRIEVABLE,RETRIEVABLE
7178069329932504325,A,W-article,2022-12-17T10:55:02Z,3.6496,3-4y,3-4y,3-4y,3-4y,3-4y,3-4y,RETRIEVABLE,RETRIEVABLE,RETRIEVABLE,RETRIEVABLE,RETRIEVABLE,RETRIEVABLE
7178643022685523206,A,W-article,2022-12-19T00:01:15Z,3.6454,3-4y,3-4y,3-4y,3-4y,3-4y,3-4y,RETRIEVABLE,RETRIEVABLE,RETRIEVABLE,RETRIEVABLE,RETRIEVABLE,RETRIEVABLE
7179528159988124930,A,W-article,2022-12-21T09:16:02Z,3.6388,3-4y,3-4y,3-4y,3-4y,3-4y,3-4y,RETRIEVABLE,RETRIEVABLE,RETRIEVABLE,RETRIEVABLE,RETRIEVABLE,RETRIEVABLE
7179543776124259586,A,W-article,2022-12-21T10:16:38Z,3.6387,3-4y,3-4y,3-4y,3-4y,3-4y,3-4y,NOT-RETRIEVABLE,NOT-RETRIEVABLE,NOT-RETRIEVABLE,NOT-RETRIEVABLE,NOT-RETRIEVABLE,NOT-RETRIEVABLE
7180007868870020395,A,W-article,2022-12-22T16:17:33Z,3.6353,3-4y,3-4y,3-4y,3-4y,3-4y,3-4y,RETRIEVABLE,RETRIEVABLE,RETRIEVABLE,RETRIEVABLE,RETRIEVABLE,RETRIEVABLE
7180046031445429547,A,W-article,2022-12-22T18:45:38Z,3.6350,3-4y,3-4y,3-4y,3-4y,3-4y,3-4y,RETRIEVABLE,RETRIEVABLE,RETRIEVABLE,RETRIEVABLE,RETRIEVABLE,RETRIEVABLE
7180377267615354117,A,W-article,2022-12-23T16:11:00Z,3.6326,3-4y,3-4y,3-4y,3-4y,3-4y,3-4y,RETRIEVABLE,RETRIEVABLE,RETRIEVABLE,RETRIEVABLE,RETRIEVABLE,RETRIEVABLE
7180531791873412398,A,W-article,2022-12-24T02:10:38Z,3.6314,3-4y,3-4y,3-4y,3-4y,3-4y,3-4y,RETRIEVABLE,RETRIEVABLE,RETRIEVABLE,RETRIEVABLE,RETRIEVABLE,RETRIEVABLE
7180649643389226241,A,W-article,2022-12-24T09:47:58Z,3.6306,3-4y,3-4y,3-4y,3-4y,3-4y,3-4y,RETRIEVABLE,RETRIEVABLE,RETRIEVABLE,RETRIEVABLE,RETRIEVABLE,RETRIEVABLE
7180840852565134635,A,W-article,2022-12-24T22:09:57Z,3.6292,3-4y,3-4y,3-4y,3-4y,3-4y,3-4y,RETRIEVABLE,RETRIEVABLE,RETRIEVABLE,RETRIEVABLE,RETRIEVABLE,RETRIEVABLE
7180879234947239173,A,W-article,2022-12-25T00:38:54Z,3.6289,3-4y,3-4y,3-4y,3-4y,3-4y,3-4y,RETRIEVABLE,RETRIEVABLE,RETRIEVABLE,RETRIEVABLE,RETRIEVABLE,RETRIEVABLE
7181280960783093035,A,W-article,2022-12-26T02:37:48Z,3.6259,3-4y,3-4y,3-4y,3-4y,3-4y,3-4y,RETRIEVABLE,RETRIEVABLE,RETRIEVABLE,RETRIEVABLE,RETRIEVABLE,RETRIEVABLE
7181491277194611973,A,W-article,2022-12-26T16:13:56Z,3.6244,3-4y,3-4y,3-4y,3-4y,3-4y,3-4y,RETRIEVABLE,RETRIEVABLE,RETRIEVABLE,RETRIEVABLE,RETRIEVABLE,INDETERMINATE
7181667679475010862,A,W-article,2022-12-27T03:38:28Z,3.6231,3-4y,3-4y,3-4y,3-4y,3-4y,3-4y,RETRIEVABLE,RETRIEVABLE,RETRIEVABLE,RETRIEVABLE,RETRIEVABLE,RETRIEVABLE
7182064544536218922,A,W-article,2022-12-28T05:18:30Z,3.6201,3-4y,3-4y,3-4y,3-4y,3-4y,3-4y,RETRIEVABLE,RETRIEVABLE,RETRIEVABLE,RETRIEVABLE,RETRIEVABLE,RETRIEVABLE
7182477029697178922,A,W-article,2022-12-29T07:59:09Z,3.6171,3-4y,3-4y,3-4y,3-4y,3-4y,3-4y,RETRIEVABLE,RETRIEVABLE,RETRIEVABLE,RETRIEVABLE,RETRIEVABLE,RETRIEVABLE
7182793875168234794,A,W-article,2022-12-30T04:28:41Z,3.6148,3-4y,3-4y,3-4y,3-4y,3-4y,3-4y,RETRIEVABLE,RETRIEVABLE,RETRIEVABLE,RETRIEVABLE,RETRIEVABLE,RETRIEVABLE
7183059759266925866,A,W-article,2022-12-30T21:40:27Z,3.6128,3-4y,3-4y,3-4y,3-4y,3-4y,3-4y,RETRIEVABLE,RETRIEVABLE,RETRIEVABLE,RETRIEVABLE,RETRIEVABLE,RETRIEVABLE
7184027593249721606,A,W-article,2023-01-02T12:16:08Z,3.6057,3-4y,3-4y,3-4y,3-4y,3-4y,3-4y,RETRIEVABLE,RETRIEVABLE,RETRIEVABLE,RETRIEVABLE,RETRIEVABLE,RETRIEVABLE
7184472403060280622,A,W-article,2023-01-03T17:02:13Z,3.6024,3-4y,3-4y,3-4y,3-4y,3-4y,3-4y,RETRIEVABLE,RETRIEVABLE,RETRIEVABLE,RETRIEVABLE,RETRIEVABLE,RETRIEVABLE
7185105886845619458,A,W-article,2023-01-05T10:00:28Z,3.5977,3-4y,3-4y,3-4y,3-4y,3-4y,3-4y,NOT-RETRIEVABLE,NOT-RETRIEVABLE,NOT-RETRIEVABLE,NOT-RETRIEVABLE,NOT-RETRIEVABLE,NOT-RETRIEVABLE
7185290017672105259,A,W-article,2023-01-05T21:54:59Z,3.5963,3-4y,3-4y,3-4y,3-4y,3-4y,3-4y,RETRIEVABLE,RETRIEVABLE,RETRIEVABLE,RETRIEVABLE,RETRIEVABLE,RETRIEVABLE
7185612470415871274,A,W-article,2023-01-06T18:46:16Z,3.5940,3-4y,3-4y,3-4y,3-4y,3-4y,3-4y,RETRIEVABLE,RETRIEVABLE,RETRIEVABLE,RETRIEVABLE,RETRIEVABLE,RETRIEVABLE
7186094846795451691,A,W-article,2023-01-08T01:58:08Z,3.5904,3-4y,3-4y,3-4y,3-4y,3-4y,3-4y,INDETERMINATE,RETRIEVABLE,INDETERMINATE,RETRIEVABLE,RETRIEVABLE,RETRIEVABLE
7186329479541837061,A,W-article,2023-01-08T17:08:38Z,3.5887,3-4y,3-4y,3-4y,3-4y,3-4y,3-4y,RETRIEVABLE,RETRIEVABLE,RETRIEVABLE,RETRIEVABLE,RETRIEVABLE,RETRIEVABLE
7187237432612375813,A,W-article,2023-01-11T03:51:57Z,3.5820,3-4y,3-4y,3-4y,3-4y,3-4y,3-4y,RETRIEVABLE,RETRIEVABLE,RETRIEVABLE,RETRIEVABLE,RETRIEVABLE,RETRIEVABLE
7187815316133629189,A,W-article,2023-01-12T17:14:26Z,3.5777,3-4y,3-4y,3-4y,3-4y,3-4y,3-4y,RETRIEVABLE,RETRIEVABLE,RETRIEVABLE,RETRIEVABLE,RETRIEVABLE,RETRIEVABLE
7187997673054653697,A,W-article,2023-01-13T05:02:04Z,3.5764,3-4y,3-4y,3-4y,3-4y,3-4y,3-4y,RETRIEVABLE,RETRIEVABLE,RETRIEVABLE,RETRIEVABLE,RETRIEVABLE,RETRIEVABLE
7188221760536333614,A,W-article,2023-01-13T19:31:39Z,3.5747,3-4y,3-4y,3-4y,3-4y,3-4y,3-4y,RETRIEVABLE,RETRIEVABLE,RETRIEVABLE,RETRIEVABLE,RETRIEVABLE,RETRIEVABLE
7188755328044076334,A,W-article,2023-01-15T06:02:10Z,3.5708,3-4y,3-4y,3-4y,3-4y,3-4y,3-4y,NOT-RETRIEVABLE,NOT-RETRIEVABLE,NOT-RETRIEVABLE,NOT-RETRIEVABLE,NOT-RETRIEVABLE,NOT-RETRIEVABLE
7188930525061631278,A,W-article,2023-01-15T17:22:01Z,3.5695,3-4y,3-4y,3-4y,3-4y,3-4y,3-4y,RETRIEVABLE,RETRIEVABLE,RETRIEVABLE,RETRIEVABLE,RETRIEVABLE,RETRIEVABLE
7189109215040900353,A,W-article,2023-01-16T04:55:25Z,3.5682,3-4y,3-4y,3-4y,3-4y,3-4y,3-4y,RETRIEVABLE,RETRIEVABLE,RETRIEVABLE,RETRIEVABLE,RETRIEVABLE,RETRIEVABLE
7189173141451672833,A,W-article,2023-01-16T09:03:29Z,3.5677,3-4y,3-4y,3-4y,3-4y,3-4y,3-4y,RETRIEVABLE,RETRIEVABLE,RETRIEVABLE,RETRIEVABLE,RETRIEVABLE,RETRIEVABLE
7189342178710261034,A,W-article,2023-01-16T19:59:26Z,3.5664,3-4y,3-4y,3-4y,3-4y,3-4y,3-4y,RETRIEVABLE,RETRIEVABLE,RETRIEVABLE,RETRIEVABLE,RETRIEVABLE,RETRIEVABLE
7189466909899902250,A,W-article,2023-01-17T04:03:28Z,3.5655,3-4y,3-4y,3-4y,3-4y,3-4y,3-4y,RETRIEVABLE,RETRIEVABLE,RETRIEVABLE,RETRIEVABLE,RETRIEVABLE,RETRIEVABLE
7189730201499094315,A,W-article,2023-01-17T21:05:10Z,3.5636,3-4y,3-4y,3-4y,3-4y,3-4y,3-4y,NOT-RETRIEVABLE,NOT-RETRIEVABLE,NOT-RETRIEVABLE,NOT-RETRIEVABLE,NOT-RETRIEVABLE,NOT-RETRIEVABLE
7189935255413918981,A,W-article,2023-01-18T10:20:53Z,3.5621,3-4y,3-4y,3-4y,3-4y,3-4y,3-4y,RETRIEVABLE,RETRIEVABLE,RETRIEVABLE,RETRIEVABLE,RETRIEVABLE,RETRIEVABLE
7191702151503039746,A,W-article,2023-01-23T04:37:20Z,3.5490,3-4y,3-4y,3-4y,3-4y,3-4y,3-4y,RETRIEVABLE,RETRIEVABLE,RETRIEVABLE,RETRIEVABLE,RETRIEVABLE,RETRIEVABLE
7192599692423826690,A,W-article,2023-01-25T14:40:15Z,3.5424,3-4y,3-4y,3-4y,3-4y,3-4y,3-4y,RETRIEVABLE,RETRIEVABLE,RETRIEVABLE,RETRIEVABLE,RETRIEVABLE,RETRIEVABLE
7193104172198202625,A,W-article,2023-01-26T23:17:54Z,3.5387,3-4y,3-4y,3-4y,3-4y,3-4y,3-4y,RETRIEVABLE,RETRIEVABLE,RETRIEVABLE,RETRIEVABLE,RETRIEVABLE,RETRIEVABLE
7193107495542443306,A,W-article,2023-01-26T23:30:48Z,3.5387,3-4y,3-4y,3-4y,3-4y,3-4y,3-4y,RETRIEVABLE,RETRIEVABLE,RETRIEVABLE,RETRIEVABLE,RETRIEVABLE,RETRIEVABLE
7193884046449986822,A,W-article,2023-01-29T01:44:12Z,3.5329,3-4y,3-4y,3-4y,3-4y,3-4y,3-4y,RETRIEVABLE,RETRIEVABLE,RETRIEVABLE,RETRIEVABLE,RETRIEVABLE,RETRIEVABLE
7193928999444188418,A,W-article,2023-01-29T04:38:39Z,3.5326,3-4y,3-4y,3-4y,3-4y,3-4y,3-4y,RETRIEVABLE,RETRIEVABLE,RETRIEVABLE,RETRIEVABLE,RETRIEVABLE,RETRIEVABLE
7194030091414867226,A,W-article,2023-01-29T11:10:56Z,3.5319,3-4y,3-4y,3-4y,3-4y,3-4y,3-4y,RETRIEVABLE,RETRIEVABLE,RETRIEVABLE,RETRIEVABLE,RETRIEVABLE,RETRIEVABLE
7194871102378708267,A,W-article,2023-01-31T17:34:29Z,3.5256,3-4y,3-4y,3-4y,3-4y,3-4y,3-4y,RETRIEVABLE,RETRIEVABLE,RETRIEVABLE,RETRIEVABLE,RETRIEVABLE,RETRIEVABLE
7195166751586372891,A,W-article,2023-02-01T12:41:45Z,3.5235,3-4y,3-4y,3-4y,3-4y,3-4y,3-4y,RETRIEVABLE,RETRIEVABLE,RETRIEVABLE,RETRIEVABLE,RETRIEVABLE,RETRIEVABLE
7195220875010952454,A,W-article,2023-02-01T16:11:47Z,3.5231,3-4y,3-4y,3-4y,3-4y,3-4y,3-4y,NOT-RETRIEVABLE,NOT-RETRIEVABLE,NOT-RETRIEVABLE,NOT-RETRIEVABLE,NOT-RETRIEVABLE,NOT-RETRIEVABLE
7196024942536707333,A,W-article,2023-02-03T20:11:59Z,3.5171,3-4y,3-4y,3-4y,3-4y,3-4y,3-4y,RETRIEVABLE,RETRIEVABLE,RETRIEVABLE,RETRIEVABLE,RETRIEVABLE,RETRIEVABLE
7196259833790663938,A,W-article,2023-02-04T11:23:29Z,3.5154,3-4y,3-4y,3-4y,3-4y,3-4y,3-4y,RETRIEVABLE,RETRIEVABLE,RETRIEVABLE,RETRIEVABLE,RETRIEVABLE,RETRIEVABLE
7196383415153855749,A,W-article,2023-02-04T19:23:02Z,3.5145,3-4y,3-4y,3-4y,3-4y,3-4y,3-4y,RETRIEVABLE,RETRIEVABLE,RETRIEVABLE,RETRIEVABLE,RETRIEVABLE,RETRIEVABLE
7196444871274630442,A,W-article,2023-02-04T23:21:31Z,3.5140,3-4y,3-4y,3-4y,3-4y,3-4y,3-4y,NOT-RETRIEVABLE,NOT-RETRIEVABLE,NOT-RETRIEVABLE,NOT-RETRIEVABLE,NOT-RETRIEVABLE,NOT-RETRIEVABLE
7196722068883279147,A,W-article,2023-02-05T17:17:11Z,3.5120,3-4y,3-4y,3-4y,3-4y,3-4y,3-4y,RETRIEVABLE,RETRIEVABLE,RETRIEVABLE,RETRIEVABLE,RETRIEVABLE,RETRIEVABLE
7196877502604791046,A,W-article,2023-02-06T03:20:21Z,3.5108,3-4y,3-4y,3-4y,3-4y,3-4y,3-4y,RETRIEVABLE,RETRIEVABLE,RETRIEVABLE,RETRIEVABLE,RETRIEVABLE,RETRIEVABLE
7197931101342502150,A,W-article,2023-02-08T23:28:51Z,3.5031,3-4y,3-4y,3-4y,3-4y,3-4y,3-4y,RETRIEVABLE,RETRIEVABLE,RETRIEVABLE,RETRIEVABLE,RETRIEVABLE,RETRIEVABLE
7197937009938156842,A,W-article,2023-02-08T23:51:47Z,3.5030,3-4y,3-4y,3-4y,3-4y,3-4y,3-4y,RETRIEVABLE,RETRIEVABLE,RETRIEVABLE,RETRIEVABLE,RETRIEVABLE,RETRIEVABLE
7198218699449322795,A,W-article,2023-02-09T18:04:52Z,3.5009,3-4y,3-4y,3-4y,3-4y,3-4y,3-4y,RETRIEVABLE,RETRIEVABLE,RETRIEVABLE,RETRIEVABLE,RETRIEVABLE,RETRIEVABLE
7198270271319493934,A,W-article,2023-02-09T21:25:00Z,3.5006,3-4y,3-4y,3-4y,3-4y,3-4y,3-4y,RETRIEVABLE,RETRIEVABLE,RETRIEVABLE,RETRIEVABLE,RETRIEVABLE,RETRIEVABLE
7198524451665775877,A,W-article,2023-02-10T13:51:21Z,3.4987,3-4y,3-4y,3-4y,3-4y,3-4y,3-4y,RETRIEVABLE,RETRIEVABLE,RETRIEVABLE,RETRIEVABLE,RETRIEVABLE,RETRIEVABLE
7198853524741033221,A,W-article,2023-02-11T11:08:19Z,3.4963,3-4y,3-4y,3-4y,3-4y,3-4y,3-4y,RETRIEVABLE,RETRIEVABLE,RETRIEVABLE,RETRIEVABLE,RETRIEVABLE,RETRIEVABLE
7198969192681426181,A,W-article,2023-02-11T18:37:10Z,3.4954,3-4y,3-4y,3-4y,3-4y,3-4y,3-4y,NOT-RETRIEVABLE,NOT-RETRIEVABLE,INDETERMINATE,NOT-RETRIEVABLE,NOT-RETRIEVABLE,NOT-RETRIEVABLE
7199149763294645550,A,W-article,2023-02-12T06:17:53Z,3.4941,3-4y,3-4y,3-4y,3-4y,3-4y,3-4y,RETRIEVABLE,RETRIEVABLE,RETRIEVABLE,RETRIEVABLE,RETRIEVABLE,RETRIEVABLE
7199562418823941378,A,W-article,2023-02-13T08:59:12Z,3.4910,3-4y,3-4y,3-4y,3-4y,3-4y,3-4y,RETRIEVABLE,RETRIEVABLE,RETRIEVABLE,RETRIEVABLE,RETRIEVABLE,RETRIEVABLE
7200358355561434373,A,W-article,2023-02-15T12:27:50Z,3.4852,3-4y,3-4y,3-4y,3-4y,3-4y,3-4y,RETRIEVABLE,RETRIEVABLE,RETRIEVABLE,RETRIEVABLE,RETRIEVABLE,RETRIEVABLE
7201517620250561798,A,W-article,2023-02-18T15:26:22Z,3.4766,3-4y,3-4y,3-4y,3-4y,3-4y,3-4y,RETRIEVABLE,RETRIEVABLE,RETRIEVABLE,RETRIEVABLE,RETRIEVABLE,RETRIEVABLE
7201522831090273542,A,W-article,2023-02-18T15:46:36Z,3.4766,3-4y,3-4y,3-4y,3-4y,3-4y,3-4y,RETRIEVABLE,RETRIEVABLE,RETRIEVABLE,RETRIEVABLE,RETRIEVABLE,RETRIEVABLE
7201526013241707782,A,W-article,2023-02-18T15:58:56Z,3.4765,3-4y,3-4y,3-4y,3-4y,3-4y,3-4y,RETRIEVABLE,RETRIEVABLE,RETRIEVABLE,RETRIEVABLE,RETRIEVABLE,RETRIEVABLE
7201548876870880517,A,W-article,2023-02-18T17:27:40Z,3.4764,3-4y,3-4y,3-4y,3-4y,3-4y,3-4y,RETRIEVABLE,RETRIEVABLE,RETRIEVABLE,RETRIEVABLE,RETRIEVABLE,RETRIEVABLE
7201895749464935686,A,W-article,2023-02-19T15:53:42Z,3.4738,3-4y,3-4y,3-4y,3-4y,3-4y,3-4y,RETRIEVABLE,RETRIEVABLE,RETRIEVABLE,RETRIEVABLE,RETRIEVABLE,RETRIEVABLE
7202099150123535618,A,W-article,2023-02-20T05:03:00Z,3.4723,3-4y,3-4y,3-4y,3-4y,3-4y,3-4y,RETRIEVABLE,RETRIEVABLE,RETRIEVABLE,RETRIEVABLE,RETRIEVABLE,RETRIEVABLE
7202099617528319234,A,W-article,2023-02-20T05:04:49Z,3.4723,3-4y,3-4y,3-4y,3-4y,3-4y,3-4y,RETRIEVABLE,RETRIEVABLE,RETRIEVABLE,RETRIEVABLE,RETRIEVABLE,RETRIEVABLE
7202285153090161925,A,W-article,2023-02-20T17:04:47Z,3.4709,3-4y,3-4y,3-4y,3-4y,3-4y,3-4y,RETRIEVABLE,RETRIEVABLE,RETRIEVABLE,RETRIEVABLE,RETRIEVABLE,RETRIEVABLE
7202305606957468933,A,W-article,2023-02-20T18:24:10Z,3.4708,3-4y,3-4y,3-4y,3-4y,3-4y,3-4y,RETRIEVABLE,RETRIEVABLE,RETRIEVABLE,RETRIEVABLE,RETRIEVABLE,RETRIEVABLE
7202706396314373381,A,W-article,2023-02-21T20:19:26Z,3.4678,3-4y,3-4y,3-4y,3-4y,3-4y,3-4y,RETRIEVABLE,RETRIEVABLE,RETRIEVABLE,RETRIEVABLE,RETRIEVABLE,RETRIEVABLE
7202995470858341634,A,W-article,2023-02-22T15:01:11Z,3.4657,3-4y,3-4y,3-4y,3-4y,3-4y,3-4y,RETRIEVABLE,RETRIEVABLE,RETRIEVABLE,RETRIEVABLE,RETRIEVABLE,RETRIEVABLE
7203265473163627777,A,W-article,2023-02-23T08:28:56Z,3.4637,3-4y,3-4y,3-4y,3-4y,3-4y,3-4y,RETRIEVABLE,RETRIEVABLE,RETRIEVABLE,RETRIEVABLE,RETRIEVABLE,RETRIEVABLE
7203297597874900225,A,W-article,2023-02-23T10:33:36Z,3.4635,3-4y,3-4y,3-4y,3-4y,3-4y,3-4y,RETRIEVABLE,RETRIEVABLE,RETRIEVABLE,RETRIEVABLE,RETRIEVABLE,RETRIEVABLE
7203376395353853185,A,W-article,2023-02-23T15:39:22Z,3.4629,3-4y,3-4y,3-4y,3-4y,3-4y,3-4y,RETRIEVABLE,RETRIEVABLE,RETRIEVABLE,RETRIEVABLE,RETRIEVABLE,RETRIEVABLE
7204604907792485678,A,W-article,2023-02-26T23:06:37Z,3.4538,3-4y,3-4y,3-4y,3-4y,3-4y,3-4y,RETRIEVABLE,RETRIEVABLE,RETRIEVABLE,RETRIEVABLE,RETRIEVABLE,RETRIEVABLE
7204627080946961690,A,W-article,2023-02-27T00:32:40Z,3.4537,3-4y,3-4y,3-4y,3-4y,3-4y,3-4y,RETRIEVABLE,RETRIEVABLE,RETRIEVABLE,INDETERMINATE,RETRIEVABLE,RETRIEVABLE
7205230875842219270,A,W-article,2023-02-28T15:35:42Z,3.4492,3-4y,3-4y,3-4y,3-4y,3-4y,3-4y,RETRIEVABLE,RETRIEVABLE,RETRIEVABLE,RETRIEVABLE,RETRIEVABLE,RETRIEVABLE
7205453030572051713,A,W-article,2023-03-01T05:57:46Z,3.4476,3-4y,3-4y,3-4y,3-4y,3-4y,3-4y,RETRIEVABLE,RETRIEVABLE,RETRIEVABLE,RETRIEVABLE,RETRIEVABLE,RETRIEVABLE
7205647517655108869,A,W-article,2023-03-01T18:32:29Z,3.4461,3-4y,3-4y,3-4y,3-4y,3-4y,3-4y,RETRIEVABLE,RETRIEVABLE,RETRIEVABLE,RETRIEVABLE,RETRIEVABLE,RETRIEVABLE
7205725476634053893,A,W-article,2023-03-01T23:35:00Z,3.4456,3-4y,3-4y,3-4y,3-4y,3-4y,3-4y,RETRIEVABLE,RETRIEVABLE,RETRIEVABLE,RETRIEVABLE,RETRIEVABLE,RETRIEVABLE
7205980459442932998,A,W-article,2023-03-02T16:04:28Z,3.4437,3-4y,3-4y,3-4y,3-4y,3-4y,3-4y,RETRIEVABLE,RETRIEVABLE,RETRIEVABLE,RETRIEVABLE,RETRIEVABLE,RETRIEVABLE
7206222303422631173,A,W-article,2023-03-03T07:42:57Z,3.4419,3-4y,3-4y,3-4y,3-4y,3-4y,3-4y,RETRIEVABLE,RETRIEVABLE,RETRIEVABLE,RETRIEVABLE,RETRIEVABLE,RETRIEVABLE
7206613916615462145,A,W-article,2023-03-04T09:02:36Z,3.4390,3-4y,3-4y,3-4y,3-4y,3-4y,3-4y,RETRIEVABLE,RETRIEVABLE,RETRIEVABLE,RETRIEVABLE,RETRIEVABLE,RETRIEVABLE
7206644263126338818,A,W-article,2023-03-04T11:00:22Z,3.4388,3-4y,3-4y,3-4y,3-4y,3-4y,3-4y,RETRIEVABLE,RETRIEVABLE,RETRIEVABLE,RETRIEVABLE,RETRIEVABLE,RETRIEVABLE
7206696753284877569,A,W-article,2023-03-04T14:24:03Z,3.4384,3-4y,3-4y,3-4y,3-4y,3-4y,3-4y,RETRIEVABLE,RETRIEVABLE,RETRIEVABLE,RETRIEVABLE,RETRIEVABLE,RETRIEVABLE
7206987105212337409,A,W-article,2023-03-05T09:10:46Z,3.4363,3-4y,3-4y,3-4y,3-4y,3-4y,3-4y,RETRIEVABLE,RETRIEVABLE,RETRIEVABLE,RETRIEVABLE,RETRIEVABLE,RETRIEVABLE
7207370881956351233,A,W-article,2023-03-06T10:00:01Z,3.4334,3-4y,3-4y,3-4y,3-4y,3-4y,3-4y,NOT-RETRIEVABLE,NOT-RETRIEVABLE,NOT-RETRIEVABLE,NOT-RETRIEVABLE,NOT-RETRIEVABLE,NOT-RETRIEVABLE
7207571535068974341,A,W-article,2023-03-06T22:58:39Z,3.4319,3-4y,3-4y,3-4y,3-4y,3-4y,3-4y,RETRIEVABLE,RETRIEVABLE,RETRIEVABLE,RETRIEVABLE,RETRIEVABLE,RETRIEVABLE
7207578825356791086,A,W-article,2023-03-06T23:26:57Z,3.4319,3-4y,3-4y,3-4y,3-4y,3-4y,3-4y,RETRIEVABLE,INDETERMINATE,RETRIEVABLE,RETRIEVABLE,INDETERMINATE,RETRIEVABLE
7208163233406946566,A,W-article,2023-03-08T13:14:45Z,3.4276,3-4y,3-4y,3-4y,3-4y,3-4y,3-4y,RETRIEVABLE,RETRIEVABLE,RETRIEVABLE,RETRIEVABLE,RETRIEVABLE,RETRIEVABLE
7208297918472686890,A,W-article,2023-03-08T21:57:24Z,3.4266,3-4y,3-4y,3-4y,3-4y,3-4y,3-4y,RETRIEVABLE,RETRIEVABLE,RETRIEVABLE,RETRIEVABLE,RETRIEVABLE,RETRIEVABLE
7208303292974238981,A,W-article,2023-03-08T22:18:15Z,3.4265,3-4y,3-4y,3-4y,3-4y,3-4y,3-4y,RETRIEVABLE,RETRIEVABLE,RETRIEVABLE,RETRIEVABLE,RETRIEVABLE,RETRIEVABLE
7209679058807016750,A,W-article,2023-03-12T15:16:55Z,3.4164,3-4y,3-4y,3-4y,3-4y,3-4y,3-4y,NOT-RETRIEVABLE,NOT-RETRIEVABLE,NOT-RETRIEVABLE,NOT-RETRIEVABLE,NOT-RETRIEVABLE,NOT-RETRIEVABLE
7209976878512327938,A,W-article,2023-03-13T10:32:37Z,3.4142,3-4y,3-4y,3-4y,3-4y,3-4y,3-4y,RETRIEVABLE,RETRIEVABLE,RETRIEVABLE,RETRIEVABLE,RETRIEVABLE,RETRIEVABLE
7210011435491921157,A,W-article,2023-03-13T12:46:43Z,3.4139,3-4y,3-4y,3-4y,3-4y,3-4y,3-4y,RETRIEVABLE,RETRIEVABLE,RETRIEVABLE,RETRIEVABLE,RETRIEVABLE,RETRIEVABLE
7210085358522944774,A,W-article,2023-03-13T17:33:34Z,3.4134,3-4y,3-4y,3-4y,3-4y,3-4y,3-4y,NOT-RETRIEVABLE,NOT-RETRIEVABLE,NOT-RETRIEVABLE,NOT-RETRIEVABLE,NOT-RETRIEVABLE,NOT-RETRIEVABLE
7210108356143451397,A,W-article,2023-03-13T19:02:49Z,3.4132,3-4y,3-4y,3-4y,3-4y,3-4y,3-4y,RETRIEVABLE,RETRIEVABLE,RETRIEVABLE,RETRIEVABLE,RETRIEVABLE,RETRIEVABLE
7210172928468520238,A,W-article,2023-03-13T23:13:23Z,3.4128,3-4y,3-4y,3-4y,3-4y,3-4y,3-4y,RETRIEVABLE,RETRIEVABLE,RETRIEVABLE,RETRIEVABLE,RETRIEVABLE,RETRIEVABLE
7210845996941610282,A,W-article,2023-03-15T18:45:14Z,3.4078,3-4y,3-4y,3-4y,3-4y,3-4y,3-4y,RETRIEVABLE,RETRIEVABLE,RETRIEVABLE,RETRIEVABLE,RETRIEVABLE,RETRIEVABLE
7210868370667769094,A,W-article,2023-03-15T20:12:04Z,3.4076,3-4y,3-4y,3-4y,3-4y,3-4y,3-4y,RETRIEVABLE,RETRIEVABLE,RETRIEVABLE,RETRIEVABLE,RETRIEVABLE,RETRIEVABLE
7211261183142284550,A,W-article,2023-03-16T21:36:22Z,3.4047,3-4y,3-4y,3-4y,3-4y,3-4y,3-4y,NOT-RETRIEVABLE,NOT-RETRIEVABLE,NOT-RETRIEVABLE,NOT-RETRIEVABLE,NOT-RETRIEVABLE,NOT-RETRIEVABLE
7211457029737565446,A,W-article,2023-03-17T10:16:21Z,3.4033,3-4y,3-4y,3-4y,3-4y,3-4y,3-4y,NOT-RETRIEVABLE,NOT-RETRIEVABLE,NOT-RETRIEVABLE,NOT-RETRIEVABLE,NOT-RETRIEVABLE,NOT-RETRIEVABLE
7211676657294314794,A,W-article,2023-03-18T00:28:37Z,3.4017,3-4y,3-4y,3-4y,3-4y,3-4y,3-4y,RETRIEVABLE,RETRIEVABLE,RETRIEVABLE,RETRIEVABLE,RETRIEVABLE,RETRIEVABLE
7212403024801598726,A,W-article,2023-03-19T23:27:18Z,3.3963,3-4y,3-4y,3-4y,3-4y,3-4y,3-4y,RETRIEVABLE,RETRIEVABLE,RETRIEVABLE,RETRIEVABLE,RETRIEVABLE,RETRIEVABLE
7212888818725227781,A,W-article,2023-03-21T06:52:26Z,3.3927,3-4y,3-4y,3-4y,3-4y,3-4y,3-4y,RETRIEVABLE,RETRIEVABLE,RETRIEVABLE,RETRIEVABLE,RETRIEVABLE,RETRIEVABLE
7214772426348023048,A,W-article,2023-03-26T08:41:47Z,3.3788,3-4y,3-4y,3-4y,3-4y,3-4y,3-4y,RETRIEVABLE,RETRIEVABLE,RETRIEVABLE,RETRIEVABLE,RETRIEVABLE,RETRIEVABLE
7215643552930483461,A,W-article,2023-03-28T17:02:12Z,3.3724,3-4y,3-4y,3-4y,3-4y,3-4y,3-4y,RETRIEVABLE,RETRIEVABLE,RETRIEVABLE,RETRIEVABLE,RETRIEVABLE,RETRIEVABLE
7215652306082123014,A,W-article,2023-03-28T17:36:10Z,3.3723,3-4y,3-4y,3-4y,3-4y,3-4y,3-4y,RETRIEVABLE,RETRIEVABLE,RETRIEVABLE,RETRIEVABLE,RETRIEVABLE,RETRIEVABLE
7216049872946973957,A,W-article,2023-03-29T19:18:56Z,3.3694,3-4y,3-4y,3-4y,3-4y,3-4y,3-4y,RETRIEVABLE,RETRIEVABLE,RETRIEVABLE,RETRIEVABLE,RETRIEVABLE,RETRIEVABLE
7216377906744921349,A,W-article,2023-03-30T16:31:52Z,3.3670,3-4y,3-4y,3-4y,3-4y,3-4y,3-4y,RETRIEVABLE,RETRIEVABLE,RETRIEVABLE,RETRIEVABLE,RETRIEVABLE,RETRIEVABLE
7216608753460808961,A,W-article,2023-03-31T07:27:41Z,3.3653,3-4y,3-4y,3-4y,3-4y,3-4y,3-4y,RETRIEVABLE,RETRIEVABLE,RETRIEVABLE,RETRIEVABLE,RETRIEVABLE,RETRIEVABLE
7216638545144909058,A,W-article,2023-03-31T09:23:17Z,3.3650,3-4y,3-4y,3-4y,3-4y,3-4y,3-4y,RETRIEVABLE,RETRIEVABLE,RETRIEVABLE,RETRIEVABLE,RETRIEVABLE,RETRIEVABLE
7217024822117797146,A,W-article,2023-04-01T10:22:14Z,3.3622,3-4y,3-4y,3-4y,3-4y,3-4y,3-4y,RETRIEVABLE,RETRIEVABLE,RETRIEVABLE,RETRIEVABLE,RETRIEVABLE,RETRIEVABLE
7217393316415966469,A,W-article,2023-04-02T10:12:11Z,3.3595,3-4y,3-4y,3-4y,3-4y,3-4y,3-4y,RETRIEVABLE,RETRIEVABLE,RETRIEVABLE,RETRIEVABLE,RETRIEVABLE,RETRIEVABLE
7218515461137239297,A,W-article,2023-04-05T10:46:41Z,3.3512,3-4y,3-4y,3-4y,3-4y,3-4y,3-4y,RETRIEVABLE,RETRIEVABLE,RETRIEVABLE,RETRIEVABLE,RETRIEVABLE,RETRIEVABLE
7218948252786232618,A,W-article,2023-04-06T14:46:08Z,3.3480,3-4y,3-4y,3-4y,3-4y,3-4y,3-4y,RETRIEVABLE,RETRIEVABLE,RETRIEVABLE,INDETERMINATE,RETRIEVABLE,RETRIEVABLE
7219616709714382082,A,W-article,2023-04-08T10:00:05Z,3.3431,3-4y,3-4y,3-4y,3-4y,3-4y,3-4y,RETRIEVABLE,RETRIEVABLE,RETRIEVABLE,RETRIEVABLE,RETRIEVABLE,RETRIEVABLE
7220312176362376450,A,W-article,2023-04-10T06:58:51Z,3.3379,3-4y,3-4y,3-4y,3-4y,3-4y,3-4y,NOT-RETRIEVABLE,NOT-RETRIEVABLE,NOT-RETRIEVABLE,NOT-RETRIEVABLE,NOT-RETRIEVABLE,NOT-RETRIEVABLE
7220389901680856347,A,W-article,2023-04-10T12:00:28Z,3.3374,3-4y,3-4y,3-4y,3-4y,3-4y,3-4y,RETRIEVABLE,RETRIEVABLE,RETRIEVABLE,RETRIEVABLE,RETRIEVABLE,RETRIEVABLE
7220842587320519942,A,W-article,2023-04-11T17:17:07Z,3.3340,3-4y,3-4y,3-4y,3-4y,3-4y,3-4y,RETRIEVABLE,RETRIEVABLE,RETRIEVABLE,RETRIEVABLE,RETRIEVABLE,RETRIEVABLE
7221322126475660571,A,W-article,2023-04-13T00:17:58Z,3.3305,3-4y,3-4y,3-4y,3-4y,3-4y,3-4y,RETRIEVABLE,RETRIEVABLE,RETRIEVABLE,RETRIEVABLE,RETRIEVABLE,RETRIEVABLE
7222603090174676225,A,W-article,2023-04-16T11:08:46Z,3.3210,3-4y,3-4y,3-4y,3-4y,3-4y,3-4y,NOT-RETRIEVABLE,NOT-RETRIEVABLE,NOT-RETRIEVABLE,NOT-RETRIEVABLE,NOT-RETRIEVABLE,NOT-RETRIEVABLE
7223280276716260635,A,W-article,2023-04-18T06:56:36Z,3.3160,3-4y,3-4y,3-4y,3-4y,3-4y,3-4y,RETRIEVABLE,RETRIEVABLE,RETRIEVABLE,RETRIEVABLE,RETRIEVABLE,RETRIEVABLE
7223825336151117061,A,W-article,2023-04-19T18:11:42Z,3.3120,3-4y,3-4y,3-4y,3-4y,3-4y,3-4y,NOT-RETRIEVABLE,NOT-RETRIEVABLE,NOT-RETRIEVABLE,NOT-RETRIEVABLE,NOT-RETRIEVABLE,NOT-RETRIEVABLE
7225172831384997122,A,W-article,2023-04-23T09:20:40Z,3.3021,3-4y,3-4y,3-4y,3-4y,3-4y,3-4y,RETRIEVABLE,RETRIEVABLE,RETRIEVABLE,RETRIEVABLE,INDETERMINATE,RETRIEVABLE
7225281805098781995,A,W-article,2023-04-23T16:23:33Z,3.3013,3-4y,3-4y,3-4y,3-4y,3-4y,3-4y,RETRIEVABLE,RETRIEVABLE,RETRIEVABLE,RETRIEVABLE,RETRIEVABLE,RETRIEVABLE
7225612658941218075,A,W-article,2023-04-24T13:47:26Z,3.2988,3-4y,3-4y,3-4y,3-4y,3-4y,3-4y,RETRIEVABLE,RETRIEVABLE,INDETERMINATE,RETRIEVABLE,RETRIEVABLE,RETRIEVABLE
7225943949951716634,A,W-article,2023-04-25T11:13:00Z,3.2964,3-4y,3-4y,3-4y,3-4y,3-4y,3-4y,RETRIEVABLE,RETRIEVABLE,RETRIEVABLE,RETRIEVABLE,RETRIEVABLE,RETRIEVABLE
7225987789492374810,A,W-article,2023-04-25T14:03:08Z,3.2961,3-4y,3-4y,3-4y,3-4y,3-4y,3-4y,RETRIEVABLE,RETRIEVABLE,RETRIEVABLE,RETRIEVABLE,RETRIEVABLE,RETRIEVABLE
7226246895847427354,A,W-article,2023-04-26T06:48:35Z,3.2942,3-4y,3-4y,3-4y,3-4y,3-4y,3-4y,RETRIEVABLE,RETRIEVABLE,RETRIEVABLE,RETRIEVABLE,RETRIEVABLE,RETRIEVABLE
7226443604905037064,A,W-article,2023-04-26T19:31:55Z,3.2927,3-4y,3-4y,3-4y,3-4y,3-4y,3-4y,RETRIEVABLE,RETRIEVABLE,RETRIEVABLE,RETRIEVABLE,RETRIEVABLE,RETRIEVABLE
7226720042354789638,A,W-article,2023-04-27T13:24:38Z,3.2907,3-4y,3-4y,3-4y,3-4y,3-4y,3-4y,RETRIEVABLE,RETRIEVABLE,RETRIEVABLE,RETRIEVABLE,RETRIEVABLE,RETRIEVABLE
7226765303391259931,A,W-article,2023-04-27T16:20:17Z,3.2903,3-4y,3-4y,3-4y,3-4y,3-4y,3-4y,RETRIEVABLE,RETRIEVABLE,RETRIEVABLE,RETRIEVABLE,RETRIEVABLE,RETRIEVABLE
7226923471563918610,A,W-article,2023-04-28T02:34:03Z,3.2892,3-4y,3-4y,3-4y,3-4y,3-4y,3-4y,RETRIEVABLE,RETRIEVABLE,RETRIEVABLE,RETRIEVABLE,RETRIEVABLE,RETRIEVABLE
7226981466780060930,A,W-article,2023-04-28T06:19:06Z,3.2887,3-4y,3-4y,3-4y,3-4y,3-4y,3-4y,RETRIEVABLE,RETRIEVABLE,RETRIEVABLE,RETRIEVABLE,RETRIEVABLE,RETRIEVABLE
7227134358556052782,A,W-article,2023-04-28T16:12:24Z,3.2876,3-4y,3-4y,3-4y,3-4y,3-4y,3-4y,RETRIEVABLE,RETRIEVABLE,RETRIEVABLE,RETRIEVABLE,RETRIEVABLE,RETRIEVABLE
7228497243483983105,A,W-article,2023-05-02T08:21:05Z,3.2776,3-4y,3-4y,3-4y,3-4y,3-4y,3-4y,RETRIEVABLE,RETRIEVABLE,RETRIEVABLE,RETRIEVABLE,RETRIEVABLE,RETRIEVABLE
7228548406883437850,A,W-article,2023-05-02T11:39:38Z,3.2772,3-4y,3-4y,3-4y,3-4y,3-4y,3-4y,RETRIEVABLE,RETRIEVABLE,RETRIEVABLE,RETRIEVABLE,RETRIEVABLE,RETRIEVABLE
7228580935606734107,A,W-article,2023-05-02T13:45:51Z,3.2769,3-4y,3-4y,3-4y,3-4y,3-4y,3-4y,RETRIEVABLE,RETRIEVABLE,RETRIEVABLE,RETRIEVABLE,RETRIEVABLE,RETRIEVABLE
7228616977554607365,A,W-article,2023-05-02T16:05:43Z,3.2767,3-4y,3-4y,3-4y,3-4y,3-4y,3-4y,NOT-RETRIEVABLE,NOT-RETRIEVABLE,NOT-RETRIEVABLE,NOT-RETRIEVABLE,NOT-RETRIEVABLE,NOT-RETRIEVABLE
7228637080052714758,A,W-article,2023-05-02T17:23:44Z,3.2765,3-4y,3-4y,3-4y,3-4y,3-4y,3-4y,NOT-RETRIEVABLE,NOT-RETRIEVABLE,NOT-RETRIEVABLE,NOT-RETRIEVABLE,NOT-RETRIEVABLE,NOT-RETRIEVABLE
7228640196877651205,A,W-article,2023-05-02T17:35:49Z,3.2765,3-4y,3-4y,3-4y,3-4y,3-4y,3-4y,NOT-RETRIEVABLE,NOT-RETRIEVABLE,NOT-RETRIEVABLE,NOT-RETRIEVABLE,NOT-RETRIEVABLE,NOT-RETRIEVABLE
7228644968477379845,A,W-article,2023-05-02T17:54:20Z,3.2765,3-4y,3-4y,3-4y,3-4y,3-4y,3-4y,RETRIEVABLE,RETRIEVABLE,RETRIEVABLE,RETRIEVABLE,RETRIEVABLE,RETRIEVABLE
7228680058662030598,A,W-article,2023-05-02T20:10:30Z,3.2762,3-4y,3-4y,3-4y,3-4y,3-4y,3-4y,RETRIEVABLE,RETRIEVABLE,RETRIEVABLE,RETRIEVABLE,RETRIEVABLE,RETRIEVABLE
7228718965843840262,A,W-article,2023-05-02T22:41:29Z,3.2759,3-4y,3-4y,3-4y,3-4y,3-4y,3-4y,NOT-RETRIEVABLE,NOT-RETRIEVABLE,NOT-RETRIEVABLE,NOT-RETRIEVABLE,NOT-RETRIEVABLE,NOT-RETRIEVABLE
7228741383975095558,A,W-article,2023-05-03T00:08:29Z,3.2758,3-4y,3-4y,3-4y,3-4y,3-4y,3-4y,RETRIEVABLE,RETRIEVABLE,RETRIEVABLE,RETRIEVABLE,RETRIEVABLE,RETRIEVABLE
7228743556028976390,A,W-article,2023-05-03T00:16:54Z,3.2757,3-4y,3-4y,3-4y,3-4y,3-4y,3-4y,NOT-RETRIEVABLE,NOT-RETRIEVABLE,NOT-RETRIEVABLE,NOT-RETRIEVABLE,NOT-RETRIEVABLE,NOT-RETRIEVABLE
7228775822222724357,A,W-article,2023-05-03T02:22:07Z,3.2755,3-4y,3-4y,3-4y,3-4y,3-4y,3-4y,RETRIEVABLE,RETRIEVABLE,RETRIEVABLE,RETRIEVABLE,RETRIEVABLE,RETRIEVABLE
7228799085623414021,A,W-article,2023-05-03T03:52:23Z,3.2753,3-4y,3-4y,3-4y,3-4y,3-4y,3-4y,NOT-RETRIEVABLE,NOT-RETRIEVABLE,NOT-RETRIEVABLE,NOT-RETRIEVABLE,NOT-RETRIEVABLE,NOT-RETRIEVABLE
7228830727180242182,A,W-article,2023-05-03T05:55:11Z,3.2751,3-4y,3-4y,3-4y,3-4y,3-4y,3-4y,NOT-RETRIEVABLE,NOT-RETRIEVABLE,NOT-RETRIEVABLE,NOT-RETRIEVABLE,NOT-RETRIEVABLE,NOT-RETRIEVABLE
7228863177524628738,A,W-article,2023-05-03T08:01:06Z,3.2749,3-4y,3-4y,3-4y,3-4y,3-4y,3-4y,RETRIEVABLE,RETRIEVABLE,RETRIEVABLE,RETRIEVABLE,RETRIEVABLE,RETRIEVABLE
7228938913941867777,A,W-article,2023-05-03T12:55:00Z,3.2743,3-4y,3-4y,3-4y,3-4y,3-4y,3-4y,RETRIEVABLE,RETRIEVABLE,RETRIEVABLE,RETRIEVABLE,RETRIEVABLE,RETRIEVABLE
7228956569176689925,A,W-article,2023-05-03T14:03:30Z,3.2742,3-4y,3-4y,3-4y,3-4y,3-4y,3-4y,NOT-RETRIEVABLE,NOT-RETRIEVABLE,NOT-RETRIEVABLE,NOT-RETRIEVABLE,NOT-RETRIEVABLE,NOT-RETRIEVABLE
7228972825103600902,A,W-article,2023-05-03T15:06:35Z,3.2740,3-4y,3-4y,3-4y,3-4y,3-4y,3-4y,NOT-RETRIEVABLE,NOT-RETRIEVABLE,NOT-RETRIEVABLE,NOT-RETRIEVABLE,NOT-RETRIEVABLE,NOT-RETRIEVABLE
7228982733396135174,A,W-article,2023-05-03T15:45:02Z,3.2740,3-4y,3-4y,3-4y,3-4y,3-4y,3-4y,NOT-RETRIEVABLE,NOT-RETRIEVABLE,NOT-RETRIEVABLE,NOT-RETRIEVABLE,NOT-RETRIEVABLE,NOT-RETRIEVABLE
7228998595347844358,A,W-article,2023-05-03T16:46:35Z,3.2739,3-4y,3-4y,3-4y,3-4y,3-4y,3-4y,NOT-RETRIEVABLE,NOT-RETRIEVABLE,NOT-RETRIEVABLE,NOT-RETRIEVABLE,NOT-RETRIEVABLE,NOT-RETRIEVABLE
7229034112345034027,A,W-article,2023-05-03T19:04:25Z,3.2736,3-4y,3-4y,3-4y,3-4y,3-4y,3-4y,RETRIEVABLE,RETRIEVABLE,RETRIEVABLE,RETRIEVABLE,RETRIEVABLE,RETRIEVABLE
7229174779125763371,A,W-article,2023-05-04T04:10:16Z,3.2726,3-4y,3-4y,3-4y,3-4y,3-4y,3-4y,RETRIEVABLE,RETRIEVABLE,RETRIEVABLE,RETRIEVABLE,RETRIEVABLE,RETRIEVABLE
7229283254254177562,A,W-article,2023-05-04T11:11:13Z,3.2718,3-4y,3-4y,3-4y,3-4y,3-4y,3-4y,RETRIEVABLE,RETRIEVABLE,RETRIEVABLE,RETRIEVABLE,RETRIEVABLE,RETRIEVABLE
7229638559848795398,A,W-article,2023-05-05T10:09:59Z,3.2691,3-4y,3-4y,3-4y,3-4y,3-4y,3-4y,RETRIEVABLE,RETRIEVABLE,RETRIEVABLE,RETRIEVABLE,RETRIEVABLE,RETRIEVABLE
7229789454267927835,A,W-article,2023-05-05T19:55:32Z,3.2680,3-4y,3-4y,3-4y,3-4y,3-4y,3-4y,RETRIEVABLE,RETRIEVABLE,RETRIEVABLE,RETRIEVABLE,RETRIEVABLE,RETRIEVABLE
7229825405388164358,A,W-article,2023-05-05T22:15:02Z,3.2678,3-4y,3-4y,3-4y,3-4y,3-4y,3-4y,RETRIEVABLE,RETRIEVABLE,RETRIEVABLE,RETRIEVABLE,RETRIEVABLE,RETRIEVABLE
7230073879811640577,A,W-article,2023-05-06T14:19:15Z,3.2659,3-4y,3-4y,3-4y,3-4y,3-4y,3-4y,RETRIEVABLE,RETRIEVABLE,RETRIEVABLE,RETRIEVABLE,RETRIEVABLE,RETRIEVABLE
7230128819863178502,A,W-article,2023-05-06T17:52:26Z,3.2655,3-4y,3-4y,3-4y,3-4y,3-4y,3-4y,INDETERMINATE,NOT-RETRIEVABLE,NOT-RETRIEVABLE,NOT-RETRIEVABLE,NOT-RETRIEVABLE,NOT-RETRIEVABLE
7230168662945189126,A,W-article,2023-05-06T20:27:03Z,3.2652,3-4y,3-4y,3-4y,3-4y,3-4y,3-4y,RETRIEVABLE,RETRIEVABLE,RETRIEVABLE,RETRIEVABLE,RETRIEVABLE,RETRIEVABLE
7230206878653877509,A,W-article,2023-05-06T22:55:21Z,3.2649,3-4y,3-4y,3-4y,3-4y,3-4y,3-4y,NOT-RETRIEVABLE,NOT-RETRIEVABLE,INDETERMINATE,NOT-RETRIEVABLE,NOT-RETRIEVABLE,NOT-RETRIEVABLE
7230294910551772422,A,W-article,2023-05-07T04:36:57Z,3.2643,3-4y,3-4y,3-4y,3-4y,3-4y,3-4y,NOT-RETRIEVABLE,NOT-RETRIEVABLE,NOT-RETRIEVABLE,NOT-RETRIEVABLE,NOT-RETRIEVABLE,NOT-RETRIEVABLE
7231672815823490330,A,W-article,2023-05-10T21:43:56Z,3.2541,3-4y,3-4y,3-4y,3-4y,3-4y,3-4y,RETRIEVABLE,RETRIEVABLE,RETRIEVABLE,RETRIEVABLE,RETRIEVABLE,RETRIEVABLE
7231985669374037290,A,W-article,2023-05-11T17:57:58Z,3.2518,3-4y,3-4y,3-4y,3-4y,3-4y,3-4y,NOT-RETRIEVABLE,NOT-RETRIEVABLE,NOT-RETRIEVABLE,NOT-RETRIEVABLE,NOT-RETRIEVABLE,NOT-RETRIEVABLE
7232108300467244331,A,W-article,2023-05-12T01:53:50Z,3.2509,3-4y,3-4y,3-4y,3-4y,3-4y,3-4y,RETRIEVABLE,RETRIEVABLE,RETRIEVABLE,RETRIEVABLE,RETRIEVABLE,RETRIEVABLE
7232439286342126890,A,W-article,2023-05-12T23:18:14Z,3.2485,3-4y,3-4y,3-4y,3-4y,3-4y,3-4y,RETRIEVABLE,RETRIEVABLE,RETRIEVABLE,RETRIEVABLE,RETRIEVABLE,RETRIEVABLE
7232679401089928474,A,W-article,2023-05-13T14:50:00Z,3.2467,3-4y,3-4y,3-4y,3-4y,3-4y,3-4y,RETRIEVABLE,RETRIEVABLE,RETRIEVABLE,RETRIEVABLE,RETRIEVABLE,RETRIEVABLE
7233289354494430469,A,W-article,2023-05-15T06:16:56Z,3.2422,3-4y,3-4y,3-4y,3-4y,3-4y,3-4y,INDETERMINATE,RETRIEVABLE,RETRIEVABLE,RETRIEVABLE,RETRIEVABLE,RETRIEVABLE
7233435234098777386,A,W-article,2023-05-15T15:43:01Z,3.2411,3-4y,3-4y,3-4y,3-4y,3-4y,3-4y,NOT-RETRIEVABLE,NOT-RETRIEVABLE,NOT-RETRIEVABLE,NOT-RETRIEVABLE,NOT-RETRIEVABLE,NOT-RETRIEVABLE
7233535974863670534,A,W-article,2023-05-15T22:13:56Z,3.2404,3-4y,3-4y,3-4y,3-4y,3-4y,3-4y,RETRIEVABLE,RETRIEVABLE,RETRIEVABLE,RETRIEVABLE,RETRIEVABLE,RETRIEVABLE
7233596879462862085,A,W-article,2023-05-16T02:10:17Z,3.2399,3-4y,3-4y,3-4y,3-4y,3-4y,3-4y,RETRIEVABLE,RETRIEVABLE,RETRIEVABLE,RETRIEVABLE,RETRIEVABLE,RETRIEVABLE
7234091079065357573,A,W-article,2023-05-17T10:08:02Z,3.2363,3-4y,3-4y,3-4y,3-4y,3-4y,3-4y,NOT-RETRIEVABLE,NOT-RETRIEVABLE,NOT-RETRIEVABLE,NOT-RETRIEVABLE,NOT-RETRIEVABLE,NOT-RETRIEVABLE
7234106298021727515,A,W-article,2023-05-17T11:07:05Z,3.2362,3-4y,3-4y,3-4y,3-4y,3-4y,3-4y,RETRIEVABLE,RETRIEVABLE,RETRIEVABLE,RETRIEVABLE,NOT-RETRIEVABLE,NOT-RETRIEVABLE
7234121532635761926,A,W-article,2023-05-17T12:06:12Z,3.2361,3-4y,3-4y,3-4y,3-4y,3-4y,3-4y,RETRIEVABLE,RETRIEVABLE,RETRIEVABLE,RETRIEVABLE,RETRIEVABLE,RETRIEVABLE
7234134054667390214,A,W-article,2023-05-17T12:54:48Z,3.2360,3-4y,3-4y,3-4y,3-4y,3-4y,3-4y,NOT-RETRIEVABLE,NOT-RETRIEVABLE,NOT-RETRIEVABLE,NOT-RETRIEVABLE,NOT-RETRIEVABLE,NOT-RETRIEVABLE
7234137946016828699,A,W-article,2023-05-17T13:09:54Z,3.2359,3-4y,3-4y,3-4y,3-4y,3-4y,3-4y,RETRIEVABLE,RETRIEVABLE,RETRIEVABLE,RETRIEVABLE,RETRIEVABLE,RETRIEVABLE
7234147908206071045,A,W-article,2023-05-17T13:48:33Z,3.2359,3-4y,3-4y,3-4y,3-4y,3-4y,3-4y,NOT-RETRIEVABLE,NOT-RETRIEVABLE,NOT-RETRIEVABLE,NOT-RETRIEVABLE,NOT-RETRIEVABLE,NOT-RETRIEVABLE
7234194720484904219,A,W-article,2023-05-17T16:50:13Z,3.2355,3-4y,3-4y,3-4y,3-4y,3-4y,3-4y,RETRIEVABLE,RETRIEVABLE,RETRIEVABLE,RETRIEVABLE,RETRIEVABLE,RETRIEVABLE
7234622505607040299,A,W-article,2023-05-18T20:30:14Z,3.2324,3-4y,3-4y,3-4y,3-4y,3-4y,3-4y,RETRIEVABLE,RETRIEVABLE,RETRIEVABLE,RETRIEVABLE,RETRIEVABLE,RETRIEVABLE
7234797191280413957,A,W-article,2023-05-19T07:48:06Z,3.2311,3-4y,3-4y,3-4y,3-4y,3-4y,3-4y,RETRIEVABLE,RETRIEVABLE,RETRIEVABLE,RETRIEVABLE,RETRIEVABLE,RETRIEVABLE
7234907447809346843,A,W-article,2023-05-19T14:55:57Z,3.2303,3-4y,3-4y,3-4y,3-4y,3-4y,3-4y,RETRIEVABLE,RETRIEVABLE,RETRIEVABLE,RETRIEVABLE,RETRIEVABLE,RETRIEVABLE
7234910671752793346,A,W-article,2023-05-19T15:08:28Z,3.2302,3-4y,3-4y,3-4y,3-4y,3-4y,3-4y,RETRIEVABLE,RETRIEVABLE,RETRIEVABLE,RETRIEVABLE,RETRIEVABLE,RETRIEVABLE
7234925089228148010,A,W-article,2023-05-19T16:04:25Z,3.2301,3-4y,3-4y,3-4y,3-4y,3-4y,3-4y,NOT-RETRIEVABLE,NOT-RETRIEVABLE,NOT-RETRIEVABLE,NOT-RETRIEVABLE,NOT-RETRIEVABLE,NOT-RETRIEVABLE
7235036070209932590,A,W-article,2023-05-19T23:15:05Z,3.2293,3-4y,3-4y,3-4y,3-4y,3-4y,3-4y,RETRIEVABLE,RETRIEVABLE,RETRIEVABLE,RETRIEVABLE,RETRIEVABLE,RETRIEVABLE
7235103067975208234,A,W-article,2023-05-20T03:35:04Z,3.2288,3-4y,3-4y,3-4y,3-4y,3-4y,3-4y,RETRIEVABLE,RETRIEVABLE,RETRIEVABLE,RETRIEVABLE,RETRIEVABLE,RETRIEVABLE
7235527851968122114,A,W-article,2023-05-21T07:03:26Z,3.2257,3-4y,3-4y,3-4y,3-4y,3-4y,3-4y,RETRIEVABLE,RETRIEVABLE,RETRIEVABLE,RETRIEVABLE,RETRIEVABLE,RETRIEVABLE
7235578791072894213,A,W-article,2023-05-21T10:21:07Z,3.2253,3-4y,3-4y,3-4y,3-4y,3-4y,3-4y,RETRIEVABLE,RETRIEVABLE,RETRIEVABLE,RETRIEVABLE,RETRIEVABLE,RETRIEVABLE
7235670777650236718,A,W-article,2023-05-21T16:18:04Z,3.2246,3-4y,3-4y,3-4y,3-4y,3-4y,3-4y,RETRIEVABLE,RETRIEVABLE,RETRIEVABLE,RETRIEVABLE,RETRIEVABLE,RETRIEVABLE
7235877279488822529,A,W-article,2023-05-22T05:39:24Z,3.2231,3-4y,3-4y,3-4y,3-4y,3-4y,3-4y,RETRIEVABLE,RETRIEVABLE,RETRIEVABLE,RETRIEVABLE,RETRIEVABLE,RETRIEVABLE
7236129804066524459,A,W-article,2023-05-22T21:59:19Z,3.2212,3-4y,3-4y,3-4y,3-4y,3-4y,3-4y,RETRIEVABLE,RETRIEVABLE,RETRIEVABLE,RETRIEVABLE,RETRIEVABLE,RETRIEVABLE
7236402636537351450,A,W-article,2023-05-23T15:38:03Z,3.2192,3-4y,3-4y,3-4y,3-4y,3-4y,3-4y,INDETERMINATE,RETRIEVABLE,RETRIEVABLE,RETRIEVABLE,RETRIEVABLE,RETRIEVABLE
7237282014611787051,A,W-article,2023-05-26T00:30:29Z,3.2127,3-4y,3-4y,3-4y,3-4y,3-4y,3-4y,RETRIEVABLE,RETRIEVABLE,RETRIEVABLE,RETRIEVABLE,RETRIEVABLE,RETRIEVABLE
7237287568369274118,A,W-article,2023-05-26T00:52:02Z,3.2127,3-4y,3-4y,3-4y,3-4y,3-4y,3-4y,RETRIEVABLE,RETRIEVABLE,RETRIEVABLE,RETRIEVABLE,RETRIEVABLE,RETRIEVABLE
7237362509152390426,A,W-article,2023-05-26T05:42:51Z,3.2121,3-4y,3-4y,3-4y,3-4y,3-4y,3-4y,RETRIEVABLE,RETRIEVABLE,RETRIEVABLE,RETRIEVABLE,RETRIEVABLE,RETRIEVABLE
7237500513355402523,A,W-article,2023-05-26T14:38:22Z,3.2111,3-4y,3-4y,3-4y,3-4y,3-4y,3-4y,NOT-RETRIEVABLE,NOT-RETRIEVABLE,NOT-RETRIEVABLE,NOT-RETRIEVABLE,NOT-RETRIEVABLE,NOT-RETRIEVABLE
7238028050246405382,A,W-article,2023-05-28T00:45:29Z,3.2072,3-4y,3-4y,3-4y,3-4y,3-4y,3-4y,RETRIEVABLE,RETRIEVABLE,RETRIEVABLE,RETRIEVABLE,RETRIEVABLE,RETRIEVABLE
7238374505260043566,A,W-article,2023-05-28T23:09:55Z,3.2047,3-4y,3-4y,3-4y,3-4y,3-4y,3-4y,RETRIEVABLE,RETRIEVABLE,RETRIEVABLE,RETRIEVABLE,RETRIEVABLE,RETRIEVABLE
7238396255410343210,A,W-article,2023-05-29T00:34:19Z,3.2045,3-4y,3-4y,3-4y,3-4y,3-4y,3-4y,NOT-RETRIEVABLE,NOT-RETRIEVABLE,NOT-RETRIEVABLE,NOT-RETRIEVABLE,NOT-RETRIEVABLE,NOT-RETRIEVABLE
7238532794425920774,A,W-article,2023-05-29T09:24:09Z,3.2035,3-4y,3-4y,3-4y,3-4y,3-4y,3-4y,NOT-RETRIEVABLE,NOT-RETRIEVABLE,NOT-RETRIEVABLE,NOT-RETRIEVABLE,NOT-RETRIEVABLE,NOT-RETRIEVABLE
7238695449190763818,A,W-article,2023-05-29T19:55:20Z,3.2023,3-4y,3-4y,3-4y,3-4y,3-4y,3-4y,NOT-RETRIEVABLE,NOT-RETRIEVABLE,NOT-RETRIEVABLE,NOT-RETRIEVABLE,NOT-RETRIEVABLE,NOT-RETRIEVABLE
7239086835421465899,A,W-article,2023-05-30T21:14:07Z,3.1994,3-4y,3-4y,3-4y,3-4y,3-4y,3-4y,RETRIEVABLE,RETRIEVABLE,RETRIEVABLE,RETRIEVABLE,RETRIEVABLE,RETRIEVABLE
7239168275911888170,A,W-article,2023-05-31T02:30:09Z,3.1988,3-4y,3-4y,3-4y,3-4y,3-4y,3-4y,RETRIEVABLE,RETRIEVABLE,RETRIEVABLE,RETRIEVABLE,RETRIEVABLE,RETRIEVABLE
7239365835972889861,A,W-article,2023-05-31T15:16:47Z,3.1974,3-4y,3-4y,3-4y,3-4y,3-4y,3-4y,RETRIEVABLE,RETRIEVABLE,RETRIEVABLE,RETRIEVABLE,RETRIEVABLE,RETRIEVABLE
7239460239156710661,A,W-article,2023-05-31T21:23:07Z,3.1967,3-4y,3-4y,3-4y,3-4y,3-4y,3-4y,NOT-RETRIEVABLE,NOT-RETRIEVABLE,NOT-RETRIEVABLE,NOT-RETRIEVABLE,NOT-RETRIEVABLE,NOT-RETRIEVABLE
7239779006340681006,A,W-article,2023-06-01T18:00:05Z,3.1943,3-4y,3-4y,3-4y,3-4y,3-4y,3-4y,NOT-RETRIEVABLE,NOT-RETRIEVABLE,NOT-RETRIEVABLE,NOT-RETRIEVABLE,NOT-RETRIEVABLE,NOT-RETRIEVABLE
7240074066227481857,A,W-article,2023-06-02T13:05:04Z,3.1921,3-4y,3-4y,3-4y,3-4y,3-4y,3-4y,RETRIEVABLE,RETRIEVABLE,RETRIEVABLE,RETRIEVABLE,RETRIEVABLE,RETRIEVABLE
7240456753341828398,A,W-article,2023-06-03T13:50:06Z,3.1893,3-4y,3-4y,3-4y,3-4y,3-4y,3-4y,RETRIEVABLE,RETRIEVABLE,RETRIEVABLE,RETRIEVABLE,RETRIEVABLE,RETRIEVABLE
7241041468922596634,A,W-article,2023-06-05T03:39:05Z,3.1850,3-4y,3-4y,3-4y,3-4y,3-4y,3-4y,RETRIEVABLE,RETRIEVABLE,RETRIEVABLE,RETRIEVABLE,RETRIEVABLE,RETRIEVABLE
7241045564236893448,A,W-article,2023-06-05T03:54:59Z,3.1850,3-4y,3-4y,3-4y,3-4y,3-4y,3-4y,RETRIEVABLE,RETRIEVABLE,RETRIEVABLE,RETRIEVABLE,RETRIEVABLE,RETRIEVABLE
7241062868215467270,A,W-article,2023-06-05T05:02:08Z,3.1848,3-4y,3-4y,3-4y,3-4y,3-4y,3-4y,RETRIEVABLE,RETRIEVABLE,RETRIEVABLE,RETRIEVABLE,RETRIEVABLE,RETRIEVABLE
7241485728029363458,A,W-article,2023-06-06T08:23:03Z,3.1817,3-4y,3-4y,3-4y,3-4y,3-4y,3-4y,RETRIEVABLE,RETRIEVABLE,RETRIEVABLE,RETRIEVABLE,RETRIEVABLE,RETRIEVABLE
7241505119295016219,A,W-article,2023-06-06T09:38:17Z,3.1816,3-4y,3-4y,3-4y,3-4y,3-4y,3-4y,RETRIEVABLE,RETRIEVABLE,RETRIEVABLE,INDETERMINATE,RETRIEVABLE,RETRIEVABLE
7241808506611977477,A,W-article,2023-06-07T05:15:35Z,3.1793,3-4y,3-4y,3-4y,3-4y,3-4y,3-4y,RETRIEVABLE,RETRIEVABLE,RETRIEVABLE,RETRIEVABLE,RETRIEVABLE,RETRIEVABLE
7242002519809854763,A,W-article,2023-06-07T17:48:28Z,3.1779,3-4y,3-4y,3-4y,3-4y,3-4y,3-4y,RETRIEVABLE,RETRIEVABLE,RETRIEVABLE,RETRIEVABLE,RETRIEVABLE,RETRIEVABLE
7242035915881712922,A,W-article,2023-06-07T19:58:03Z,3.1777,3-4y,3-4y,3-4y,3-4y,3-4y,3-4y,RETRIEVABLE,RETRIEVABLE,RETRIEVABLE,RETRIEVABLE,RETRIEVABLE,RETRIEVABLE
7242404476873739526,A,W-article,2023-06-08T19:48:15Z,3.1749,3-4y,3-4y,3-4y,3-4y,3-4y,3-4y,RETRIEVABLE,RETRIEVABLE,RETRIEVABLE,RETRIEVABLE,RETRIEVABLE,RETRIEVABLE
7242457120841420074,A,W-article,2023-06-08T23:12:33Z,3.1746,3-4y,3-4y,3-4y,3-4y,3-4y,3-4y,RETRIEVABLE,RETRIEVABLE,RETRIEVABLE,RETRIEVABLE,RETRIEVABLE,RETRIEVABLE
7243559897135172891,A,W-article,2023-06-11T22:31:53Z,3.1664,3-4y,3-4y,3-4y,3-4y,3-4y,3-4y,RETRIEVABLE,RETRIEVABLE,RETRIEVABLE,RETRIEVABLE,RETRIEVABLE,RETRIEVABLE
7244834261595901186,A,W-article,2023-06-15T08:57:04Z,3.1570,3-4y,3-4y,3-4y,3-4y,3-4y,3-4y,RETRIEVABLE,RETRIEVABLE,RETRIEVABLE,RETRIEVABLE,RETRIEVABLE,RETRIEVABLE
7244977171343609094,A,W-article,2023-06-15T18:11:38Z,3.1560,3-4y,3-4y,3-4y,3-4y,3-4y,3-4y,RETRIEVABLE,RETRIEVABLE,RETRIEVABLE,RETRIEVABLE,RETRIEVABLE,RETRIEVABLE
7245005914795789573,A,W-article,2023-06-15T20:03:10Z,3.1558,3-4y,3-4y,3-4y,3-4y,3-4y,3-4y,RETRIEVABLE,RETRIEVABLE,RETRIEVABLE,RETRIEVABLE,RETRIEVABLE,RETRIEVABLE
7245085873711189249,A,W-article,2023-06-16T01:13:27Z,3.1552,3-4y,3-4y,3-4y,3-4y,3-4y,3-4y,RETRIEVABLE,RETRIEVABLE,RETRIEVABLE,RETRIEVABLE,RETRIEVABLE,RETRIEVABLE
7245089967767178502,A,W-article,2023-06-16T01:29:20Z,3.1551,3-4y,3-4y,3-4y,3-4y,3-4y,3-4y,RETRIEVABLE,RETRIEVABLE,RETRIEVABLE,RETRIEVABLE,RETRIEVABLE,RETRIEVABLE
7245375730178084102,A,W-article,2023-06-16T19:58:14Z,3.1530,3-4y,3-4y,3-4y,3-4y,3-4y,3-4y,RETRIEVABLE,RETRIEVABLE,RETRIEVABLE,RETRIEVABLE,RETRIEVABLE,RETRIEVABLE
7245444723656150280,A,W-article,2023-06-17T00:25:58Z,3.1525,3-4y,3-4y,3-4y,3-4y,3-4y,3-4y,RETRIEVABLE,RETRIEVABLE,RETRIEVABLE,RETRIEVABLE,RETRIEVABLE,RETRIEVABLE
7245582192628288794,A,W-article,2023-06-17T09:19:25Z,3.1515,3-4y,3-4y,3-4y,3-4y,3-4y,3-4y,RETRIEVABLE,RETRIEVABLE,RETRIEVABLE,RETRIEVABLE,RETRIEVABLE,RETRIEVABLE
7246875651393719595,A,W-article,2023-06-20T20:58:42Z,3.1420,3-4y,3-4y,3-4y,3-4y,3-4y,3-4y,RETRIEVABLE,RETRIEVABLE,RETRIEVABLE,RETRIEVABLE,RETRIEVABLE,RETRIEVABLE
7247201417897856262,A,W-article,2023-06-21T18:02:50Z,3.1396,3-4y,3-4y,3-4y,3-4y,3-4y,3-4y,NOT-RETRIEVABLE,NOT-RETRIEVABLE,NOT-RETRIEVABLE,NOT-RETRIEVABLE,NOT-RETRIEVABLE,NOT-RETRIEVABLE
7248279600579513646,A,W-article,2023-06-24T15:46:44Z,3.1316,3-4y,3-4y,3-4y,3-4y,3-4y,3-4y,RETRIEVABLE,RETRIEVABLE,INDETERMINATE,RETRIEVABLE,RETRIEVABLE,RETRIEVABLE
7248396763537722629,A,W-article,2023-06-24T23:21:23Z,3.1307,3-4y,3-4y,3-4y,3-4y,3-4y,3-4y,RETRIEVABLE,RETRIEVABLE,RETRIEVABLE,RETRIEVABLE,RETRIEVABLE,RETRIEVABLE
7249052902810029318,A,W-article,2023-06-26T17:47:33Z,3.1259,3-4y,3-4y,3-4y,3-4y,3-4y,3-4y,RETRIEVABLE,RETRIEVABLE,RETRIEVABLE,RETRIEVABLE,RETRIEVABLE,RETRIEVABLE
7249430629727751430,A,W-article,2023-06-27T18:13:19Z,3.1231,3-4y,3-4y,3-4y,3-4y,3-4y,3-4y,RETRIEVABLE,RETRIEVABLE,RETRIEVABLE,RETRIEVABLE,RETRIEVABLE,RETRIEVABLE
7249449428342410538,A,W-article,2023-06-27T19:26:16Z,3.1230,3-4y,3-4y,3-4y,3-4y,3-4y,3-4y,RETRIEVABLE,RETRIEVABLE,RETRIEVABLE,RETRIEVABLE,RETRIEVABLE,RETRIEVABLE
7249691079417531649,A,W-article,2023-06-28T11:04:00Z,3.1212,3-4y,3-4y,3-4y,3-4y,3-4y,3-4y,RETRIEVABLE,RETRIEVABLE,RETRIEVABLE,RETRIEVABLE,RETRIEVABLE,RETRIEVABLE
7250433301805141249,A,W-article,2023-06-30T11:04:12Z,3.1157,3-4y,3-4y,3-4y,3-4y,3-4y,3-4y,RETRIEVABLE,RETRIEVABLE,RETRIEVABLE,RETRIEVABLE,RETRIEVABLE,RETRIEVABLE
7250735738008931586,A,W-article,2023-07-01T06:37:48Z,3.1135,3-4y,3-4y,3-4y,3-4y,3-4y,3-4y,INDETERMINATE,NOT-RETRIEVABLE,NOT-RETRIEVABLE,NOT-RETRIEVABLE,NOT-RETRIEVABLE,NOT-RETRIEVABLE
7251174240920161538,A,W-article,2023-07-02T10:59:25Z,3.1102,3-4y,3-4y,3-4y,3-4y,3-4y,3-4y,RETRIEVABLE,RETRIEVABLE,RETRIEVABLE,RETRIEVABLE,RETRIEVABLE,RETRIEVABLE
7251381646195297578,A,W-article,2023-07-03T00:24:16Z,3.1087,3-4y,3-4y,3-4y,3-4y,3-4y,3-4y,NOT-RETRIEVABLE,INDETERMINATE,NOT-RETRIEVABLE,NOT-RETRIEVABLE,NOT-RETRIEVABLE,NOT-RETRIEVABLE
7251608610772389147,A,W-article,2023-07-03T15:05:00Z,3.1070,3-4y,3-4y,3-4y,3-4y,3-4y,3-4y,RETRIEVABLE,RETRIEVABLE,RETRIEVABLE,RETRIEVABLE,RETRIEVABLE,RETRIEVABLE
7251623512144743686,A,W-article,2023-07-03T16:02:49Z,3.1069,3-4y,3-4y,3-4y,3-4y,3-4y,3-4y,RETRIEVABLE,RETRIEVABLE,RETRIEVABLE,RETRIEVABLE,RETRIEVABLE,RETRIEVABLE
7251916658489462018,A,W-article,2023-07-04T11:00:23Z,3.1048,3-4y,3-4y,3-4y,3-4y,3-4y,3-4y,RETRIEVABLE,RETRIEVABLE,RETRIEVABLE,RETRIEVABLE,RETRIEVABLE,RETRIEVABLE
7251916708292644098,A,W-article,2023-07-04T11:00:34Z,3.1048,3-4y,3-4y,3-4y,3-4y,3-4y,3-4y,RETRIEVABLE,RETRIEVABLE,RETRIEVABLE,RETRIEVABLE,RETRIEVABLE,RETRIEVABLE
7252497350378261765,A,W-article,2023-07-06T00:33:46Z,3.1005,3-4y,3-4y,3-4y,3-4y,3-4y,3-4y,RETRIEVABLE,RETRIEVABLE,RETRIEVABLE,RETRIEVABLE,RETRIEVABLE,RETRIEVABLE
7252657232603663659,A,W-article,2023-07-06T10:54:11Z,3.0993,3-4y,3-4y,3-4y,3-4y,3-4y,3-4y,RETRIEVABLE,RETRIEVABLE,RETRIEVABLE,RETRIEVABLE,RETRIEVABLE,RETRIEVABLE
7253433469001305349,A,W-article,2023-07-08T13:06:23Z,3.0936,3-4y,3-4y,3-4y,3-4y,3-4y,3-4y,RETRIEVABLE,RETRIEVABLE,RETRIEVABLE,RETRIEVABLE,RETRIEVABLE,RETRIEVABLE
7254480153269554434,A,W-article,2023-07-11T08:48:03Z,3.0859,3-4y,3-4y,3-4y,3-4y,3-4y,3-4y,RETRIEVABLE,RETRIEVABLE,RETRIEVABLE,RETRIEVABLE,RETRIEVABLE,RETRIEVABLE
7254524566859549953,A,W-article,2023-07-11T11:40:24Z,3.0855,3-4y,3-4y,3-4y,3-4y,3-4y,3-4y,NOT-RETRIEVABLE,NOT-RETRIEVABLE,NOT-RETRIEVABLE,NOT-RETRIEVABLE,NOT-RETRIEVABLE,NOT-RETRIEVABLE
7256507844512484650,A,W-article,2023-07-16T19:56:32Z,3.0709,3-4y,3-4y,3-4y,3-4y,3-4y,3-4y,NOT-RETRIEVABLE,NOT-RETRIEVABLE,NOT-RETRIEVABLE,NOT-RETRIEVABLE,NOT-RETRIEVABLE,NOT-RETRIEVABLE
7256716670717234433,A,W-article,2023-07-17T09:26:53Z,3.0694,3-4y,3-4y,3-4y,3-4y,3-4y,3-4y,RETRIEVABLE,RETRIEVABLE,RETRIEVABLE,RETRIEVABLE,RETRIEVABLE,RETRIEVABLE
7256750778726010114,A,W-article,2023-07-17T11:39:14Z,3.0691,3-4y,3-4y,3-4y,3-4y,3-4y,3-4y,RETRIEVABLE,RETRIEVABLE,RETRIEVABLE,RETRIEVABLE,RETRIEVABLE,RETRIEVABLE
7256977561547443502,A,W-article,2023-07-18T02:19:16Z,3.0674,3-4y,3-4y,3-4y,3-4y,3-4y,3-4y,RETRIEVABLE,RETRIEVABLE,RETRIEVABLE,RETRIEVABLE,RETRIEVABLE,RETRIEVABLE
7259088274944232731,A,W-article,2023-07-23T18:49:55Z,3.0519,3-4y,3-4y,3-4y,3-4y,3-4y,3-4y,RETRIEVABLE,RETRIEVABLE,RETRIEVABLE,RETRIEVABLE,RETRIEVABLE,RETRIEVABLE
7259400748855872810,A,W-article,2023-07-24T15:02:28Z,3.0496,3-4y,3-4y,3-4y,3-4y,3-4y,3-4y,RETRIEVABLE,RETRIEVABLE,RETRIEVABLE,RETRIEVABLE,RETRIEVABLE,RETRIEVABLE
7259426865159359770,A,W-article,2023-07-24T16:43:49Z,3.0494,3-4y,3-4y,3-4y,3-4y,3-4y,3-4y,RETRIEVABLE,RETRIEVABLE,RETRIEVABLE,RETRIEVABLE,RETRIEVABLE,RETRIEVABLE
7259709890719993090,A,W-article,2023-07-25T11:02:06Z,3.0473,3-4y,3-4y,3-4y,3-4y,3-4y,3-4y,RETRIEVABLE,RETRIEVABLE,RETRIEVABLE,RETRIEVABLE,RETRIEVABLE,RETRIEVABLE
7259858657855294721,A,W-article,2023-07-25T20:39:24Z,3.0462,3-4y,3-4y,3-4y,3-4y,3-4y,3-4y,RETRIEVABLE,RETRIEVABLE,RETRIEVABLE,RETRIEVABLE,RETRIEVABLE,INDETERMINATE
7259900493495815429,A,W-article,2023-07-25T23:21:44Z,3.0459,3-4y,3-4y,3-4y,3-4y,3-4y,3-4y,RETRIEVABLE,RETRIEVABLE,RETRIEVABLE,RETRIEVABLE,RETRIEVABLE,RETRIEVABLE
7260072045831048474,A,W-article,2023-07-26T10:27:27Z,3.0446,3-4y,3-4y,3-4y,3-4y,3-4y,3-4y,RETRIEVABLE,RETRIEVABLE,RETRIEVABLE,INDETERMINATE,RETRIEVABLE,RETRIEVABLE
7260079556940336385,A,W-article,2023-07-26T10:56:36Z,3.0445,3-4y,3-4y,3-4y,3-4y,3-4y,3-4y,RETRIEVABLE,RETRIEVABLE,RETRIEVABLE,RETRIEVABLE,RETRIEVABLE,RETRIEVABLE
7260655364759211307,A,W-article,2023-07-28T00:11:01Z,3.0403,3-4y,3-4y,3-4y,3-4y,3-4y,3-4y,RETRIEVABLE,RETRIEVABLE,RETRIEVABLE,RETRIEVABLE,RETRIEVABLE,RETRIEVABLE
7261010235295386907,A,W-article,2023-07-28T23:08:06Z,3.0377,3-4y,3-4y,3-4y,3-4y,3-4y,3-4y,RETRIEVABLE,RETRIEVABLE,RETRIEVABLE,RETRIEVABLE,RETRIEVABLE,RETRIEVABLE
7261213110176992518,A,W-article,2023-07-29T12:15:22Z,3.0362,3-4y,3-4y,3-4y,3-4y,3-4y,3-4y,RETRIEVABLE,RETRIEVABLE,INDETERMINATE,RETRIEVABLE,RETRIEVABLE,RETRIEVABLE
7261220818208804123,A,W-article,2023-07-29T12:45:16Z,3.0361,3-4y,3-4y,3-4y,3-4y,3-4y,3-4y,RETRIEVABLE,RETRIEVABLE,RETRIEVABLE,RETRIEVABLE,RETRIEVABLE,RETRIEVABLE
7261627575326248200,A,W-article,2023-07-30T15:03:42Z,3.0331,3-4y,3-4y,3-4y,3-4y,3-4y,3-4y,RETRIEVABLE,RETRIEVABLE,RETRIEVABLE,RETRIEVABLE,RETRIEVABLE,RETRIEVABLE
7262013087568645422,A,W-article,2023-07-31T15:59:41Z,3.0303,3-4y,3-4y,3-4y,3-4y,3-4y,3-4y,RETRIEVABLE,RETRIEVABLE,RETRIEVABLE,RETRIEVABLE,RETRIEVABLE,RETRIEVABLE
7262438190735314218,A,W-article,2023-08-01T19:29:18Z,3.0271,3-4y,3-4y,3-4y,3-4y,3-4y,3-4y,RETRIEVABLE,RETRIEVABLE,RETRIEVABLE,RETRIEVABLE,RETRIEVABLE,RETRIEVABLE
7262888081236282630,A,W-article,2023-08-03T00:35:06Z,3.0238,3-4y,3-4y,3-4y,3-4y,3-4y,3-4y,RETRIEVABLE,RETRIEVABLE,RETRIEVABLE,RETRIEVABLE,RETRIEVABLE,RETRIEVABLE
7262892989553315078,A,W-article,2023-08-03T00:54:09Z,3.0238,3-4y,3-4y,3-4y,3-4y,3-4y,3-4y,RETRIEVABLE,RETRIEVABLE,RETRIEVABLE,RETRIEVABLE,RETRIEVABLE,RETRIEVABLE
7263369853023702304,A,W-article,2023-08-04T07:44:37Z,3.0203,3-4y,3-4y,3-4y,3-4y,3-4y,3-4y,RETRIEVABLE,RETRIEVABLE,RETRIEVABLE,RETRIEVABLE,RETRIEVABLE,RETRIEVABLE
7263428144718302466,A,W-article,2023-08-04T11:30:50Z,3.0198,3-4y,3-4y,3-4y,3-4y,3-4y,3-4y,RETRIEVABLE,RETRIEVABLE,RETRIEVABLE,RETRIEVABLE,RETRIEVABLE,RETRIEVABLE
7263753922345454850,A,W-article,2023-08-05T08:35:01Z,3.0174,3-4y,3-4y,3-4y,3-4y,3-4y,3-4y,RETRIEVABLE,RETRIEVABLE,RETRIEVABLE,RETRIEVABLE,RETRIEVABLE,RETRIEVABLE
7263823572349570337,A,W-article,2023-08-05T13:05:17Z,3.0169,3-4y,3-4y,3-4y,3-4y,3-4y,3-4y,NOT-RETRIEVABLE,NOT-RETRIEVABLE,NOT-RETRIEVABLE,NOT-RETRIEVABLE,NOT-RETRIEVABLE,NOT-RETRIEVABLE
7263947887653047584,A,W-article,2023-08-05T21:07:42Z,3.0160,3-4y,3-4y,3-4y,3-4y,3-4y,3-4y,RETRIEVABLE,RETRIEVABLE,RETRIEVABLE,RETRIEVABLE,RETRIEVABLE,RETRIEVABLE
7264476779220307246,A,W-article,2023-08-07T07:20:04Z,3.0121,3-4y,3-4y,3-4y,3-4y,3-4y,3-4y,RETRIEVABLE,RETRIEVABLE,RETRIEVABLE,RETRIEVABLE,RETRIEVABLE,RETRIEVABLE
726459750741134635,A,W-article,,,,,,,,,NOT-RETRIEVABLE,NOT-RETRIEVABLE,NOT-RETRIEVABLE,NOT-RETRIEVABLE,NOT-RETRIEVABLE,NOT-RETRIEVABLE
7264975888033271073,A,W-article,2023-08-08T15:36:52Z,3.0084,3-4y,3-4y,3-4y,3-4y,3-4y,3-4y,RETRIEVABLE,RETRIEVABLE,RETRIEVABLE,RETRIEVABLE,RETRIEVABLE,RETRIEVABLE
7265013180684897568,A,W-article,2023-08-08T18:01:35Z,3.0081,3-4y,3-4y,3-4y,3-4y,3-4y,3-4y,RETRIEVABLE,RETRIEVABLE,RETRIEVABLE,RETRIEVABLE,RETRIEVABLE,RETRIEVABLE
7265224746852175122,A,W-article,2023-08-09T07:42:34Z,3.0066,3-4y,3-4y,3-4y,3-4y,3-4y,3-4y,RETRIEVABLE,RETRIEVABLE,RETRIEVABLE,RETRIEVABLE,RETRIEVABLE,RETRIEVABLE
7265244766638558482,A,W-article,2023-08-09T09:00:15Z,3.0064,3-4y,3-4y,3-4y,3-4y,3-4y,3-4y,RETRIEVABLE,RETRIEVABLE,RETRIEVABLE,RETRIEVABLE,RETRIEVABLE,RETRIEVABLE
7265653123367161094,A,W-article,2023-08-10T11:24:53Z,3.0034,3-4y,3-4y,3-4y,3-4y,3-4y,3-4y,RETRIEVABLE,RETRIEVABLE,RETRIEVABLE,RETRIEVABLE,RETRIEVABLE,RETRIEVABLE
7265809186339048710,A,W-article,2023-08-10T21:30:29Z,3.0023,3-4y,3-4y,3-4y,3-4y,3-4y,3-4y,NOT-RETRIEVABLE,NOT-RETRIEVABLE,NOT-RETRIEVABLE,NOT-RETRIEVABLE,NOT-RETRIEVABLE,NOT-RETRIEVABLE
7265925422196575489,A,W-article,2023-08-11T05:01:32Z,3.0014,3-4y,3-4y,3-4y,3-4y,3-4y,3-4y,RETRIEVABLE,RETRIEVABLE,RETRIEVABLE,RETRIEVABLE,RETRIEVABLE,RETRIEVABLE
7266216756283215109,A,W-article,2023-08-11T23:52:04Z,2.9993,2-3y,3-4y,3-4y,3-4y,3-4y,3-4y,RETRIEVABLE,RETRIEVABLE,RETRIEVABLE,RETRIEVABLE,RETRIEVABLE,RETRIEVABLE
7266367987555339525,A,W-article,2023-08-12T09:38:55Z,2.9981,2-3y,3-4y,3-4y,3-4y,3-4y,3-4y,RETRIEVABLE,RETRIEVABLE,RETRIEVABLE,RETRIEVABLE,RETRIEVABLE,RETRIEVABLE
7266462570666560810,A,W-article,2023-08-12T15:45:57Z,2.9974,2-3y,2-3y,3-4y,3-4y,3-4y,3-4y,RETRIEVABLE,RETRIEVABLE,RETRIEVABLE,RETRIEVABLE,RETRIEVABLE,RETRIEVABLE
7266708898239745281,A,W-article,2023-08-13T07:41:50Z,2.9956,2-3y,2-3y,3-4y,3-4y,3-4y,3-4y,RETRIEVABLE,RETRIEVABLE,RETRIEVABLE,RETRIEVABLE,RETRIEVABLE,RETRIEVABLE
7267334721947061550,A,W-article,2023-08-15T00:10:20Z,2.9910,2-3y,2-3y,2-3y,2-3y,3-4y,3-4y,RETRIEVABLE,RETRIEVABLE,RETRIEVABLE,RETRIEVABLE,RETRIEVABLE,RETRIEVABLE
7267607358912662817,A,W-article,2023-08-15T17:48:19Z,2.9890,2-3y,2-3y,2-3y,2-3y,2-3y,3-4y,RETRIEVABLE,RETRIEVABLE,RETRIEVABLE,RETRIEVABLE,RETRIEVABLE,RETRIEVABLE
7268520321496501546,A,W-article,2023-08-18T04:51:04Z,2.9823,2-3y,2-3y,2-3y,2-3y,2-3y,2-3y,RETRIEVABLE,RETRIEVABLE,RETRIEVABLE,RETRIEVABLE,RETRIEVABLE,RETRIEVABLE
7268598951702531346,A,W-article,2023-08-18T09:56:12Z,2.9817,2-3y,2-3y,2-3y,2-3y,2-3y,2-3y,RETRIEVABLE,RETRIEVABLE,RETRIEVABLE,RETRIEVABLE,RETRIEVABLE,RETRIEVABLE
7268616758339194120,A,W-article,2023-08-18T11:05:18Z,2.9816,2-3y,2-3y,2-3y,2-3y,2-3y,2-3y,RETRIEVABLE,RETRIEVABLE,RETRIEVABLE,RETRIEVABLE,RETRIEVABLE,RETRIEVABLE
7268954996199132418,A,W-article,2023-08-19T08:57:50Z,2.9791,2-3y,2-3y,2-3y,2-3y,2-3y,2-3y,RETRIEVABLE,RETRIEVABLE,RETRIEVABLE,RETRIEVABLE,RETRIEVABLE,RETRIEVABLE
7269603327321689387,A,W-article,2023-08-21T02:53:41Z,2.9743,2-3y,2-3y,2-3y,2-3y,2-3y,2-3y,NOT-RETRIEVABLE,NOT-RETRIEVABLE,NOT-RETRIEVABLE,NOT-RETRIEVABLE,NOT-RETRIEVABLE,NOT-RETRIEVABLE
7269778628316056838,A,W-article,2023-08-21T14:13:57Z,2.9730,2-3y,2-3y,2-3y,2-3y,2-3y,2-3y,RETRIEVABLE,RETRIEVABLE,RETRIEVABLE,RETRIEVABLE,RETRIEVABLE,RETRIEVABLE
7269924078474104070,A,W-article,2023-08-21T23:38:22Z,2.9719,2-3y,2-3y,2-3y,2-3y,2-3y,2-3y,RETRIEVABLE,RETRIEVABLE,RETRIEVABLE,RETRIEVABLE,RETRIEVABLE,RETRIEVABLE
7270117925925752066,A,W-article,2023-08-22T12:10:36Z,2.9705,2-3y,2-3y,2-3y,2-3y,2-3y,2-3y,RETRIEVABLE,RETRIEVABLE,RETRIEVABLE,RETRIEVABLE,RETRIEVABLE,RETRIEVABLE
7270204570503056672,A,W-article,2023-08-22T17:46:49Z,2.9698,2-3y,2-3y,2-3y,2-3y,2-3y,2-3y,RETRIEVABLE,RETRIEVABLE,RETRIEVABLE,RETRIEVABLE,RETRIEVABLE,RETRIEVABLE
7270452491257449760,A,W-article,2023-08-23T09:48:53Z,2.9680,2-3y,2-3y,2-3y,2-3y,2-3y,2-3y,RETRIEVABLE,RETRIEVABLE,RETRIEVABLE,RETRIEVABLE,INDETERMINATE,RETRIEVABLE
7270478925434834178,A,W-article,2023-08-23T11:31:27Z,2.9678,2-3y,2-3y,2-3y,2-3y,2-3y,2-3y,RETRIEVABLE,RETRIEVABLE,RETRIEVABLE,RETRIEVABLE,RETRIEVABLE,RETRIEVABLE
7270811016781384978,A,W-article,2023-08-24T09:00:08Z,2.9654,2-3y,2-3y,2-3y,2-3y,2-3y,2-3y,RETRIEVABLE,RETRIEVABLE,RETRIEVABLE,RETRIEVABLE,RETRIEVABLE,RETRIEVABLE
7271098574128172293,A,W-article,2023-08-25T03:36:01Z,2.9632,2-3y,2-3y,2-3y,2-3y,2-3y,2-3y,RETRIEVABLE,RETRIEVABLE,RETRIEVABLE,RETRIEVABLE,RETRIEVABLE,RETRIEVABLE
7271320739402222854,A,W-article,2023-08-25T17:58:07Z,2.9616,2-3y,2-3y,2-3y,2-3y,2-3y,2-3y,RETRIEVABLE,RETRIEVABLE,RETRIEVABLE,RETRIEVABLE,RETRIEVABLE,RETRIEVABLE
7271931144688520466,A,W-article,2023-08-27T09:26:49Z,2.9571,2-3y,2-3y,2-3y,2-3y,2-3y,2-3y,RETRIEVABLE,RETRIEVABLE,RETRIEVABLE,RETRIEVABLE,RETRIEVABLE,RETRIEVABLE
7272286806865988865,A,W-article,2023-08-28T08:26:58Z,2.9545,2-3y,2-3y,2-3y,2-3y,2-3y,2-3y,RETRIEVABLE,RETRIEVABLE,RETRIEVABLE,RETRIEVABLE,RETRIEVABLE,RETRIEVABLE
7272355016856341792,A,W-article,2023-08-28T12:51:39Z,2.9540,2-3y,2-3y,2-3y,2-3y,2-3y,2-3y,NOT-RETRIEVABLE,NOT-RETRIEVABLE,NOT-RETRIEVABLE,NOT-RETRIEVABLE,NOT-RETRIEVABLE,NOT-RETRIEVABLE
7272405612699356422,A,W-article,2023-08-28T16:07:59Z,2.9536,2-3y,2-3y,2-3y,2-3y,2-3y,2-3y,RETRIEVABLE,RETRIEVABLE,RETRIEVABLE,RETRIEVABLE,RETRIEVABLE,RETRIEVABLE
7272468687066647850,A,W-article,2023-08-28T20:12:45Z,2.9531,2-3y,2-3y,2-3y,2-3y,2-3y,2-3y,RETRIEVABLE,RETRIEVABLE,RETRIEVABLE,RETRIEVABLE,RETRIEVABLE,RETRIEVABLE
7272773316438428971,A,W-article,2023-08-29T15:54:52Z,2.9509,2-3y,2-3y,2-3y,2-3y,2-3y,2-3y,RETRIEVABLE,RETRIEVABLE,RETRIEVABLE,RETRIEVABLE,RETRIEVABLE,RETRIEVABLE
7273161552360901906,A,W-article,2023-08-30T17:01:25Z,2.9480,2-3y,2-3y,2-3y,2-3y,2-3y,2-3y,RETRIEVABLE,RETRIEVABLE,RETRIEVABLE,RETRIEVABLE,RETRIEVABLE,RETRIEVABLE
7273599873868369194,A,W-article,2023-08-31T21:22:20Z,2.9448,2-3y,2-3y,2-3y,2-3y,2-3y,2-3y,NOT-RETRIEVABLE,NOT-RETRIEVABLE,NOT-RETRIEVABLE,NOT-RETRIEVABLE,NOT-RETRIEVABLE,NOT-RETRIEVABLE
7273621932631723294,A,W-article,2023-08-31T22:47:56Z,2.9446,2-3y,2-3y,2-3y,2-3y,2-3y,2-3y,RETRIEVABLE,RETRIEVABLE,RETRIEVABLE,RETRIEVABLE,RETRIEVABLE,RETRIEVABLE
7274134733829770501,A,W-article,2023-09-02T07:57:52Z,2.9408,2-3y,2-3y,2-3y,2-3y,2-3y,2-3y,RETRIEVABLE,RETRIEVABLE,RETRIEVABLE,RETRIEVABLE,RETRIEVABLE,RETRIEVABLE
7274181429477575937,A,W-article,2023-09-02T10:59:04Z,2.9405,2-3y,2-3y,2-3y,2-3y,2-3y,2-3y,RETRIEVABLE,RETRIEVABLE,RETRIEVABLE,RETRIEVABLE,RETRIEVABLE,RETRIEVABLE
7274209184877432065,A,W-article,2023-09-02T12:46:46Z,2.9403,2-3y,2-3y,2-3y,2-3y,2-3y,2-3y,RETRIEVABLE,RETRIEVABLE,RETRIEVABLE,RETRIEVABLE,RETRIEVABLE,RETRIEVABLE
7274487476675284225,A,W-article,2023-09-03T06:46:41Z,2.9382,2-3y,2-3y,2-3y,2-3y,2-3y,2-3y,RETRIEVABLE,RETRIEVABLE,RETRIEVABLE,RETRIEVABLE,RETRIEVABLE,RETRIEVABLE
7274794307599502598,A,W-article,2023-09-04T02:37:21Z,2.9360,2-3y,2-3y,2-3y,2-3y,2-3y,2-3y,RETRIEVABLE,RETRIEVABLE,RETRIEVABLE,RETRIEVABLE,RETRIEVABLE,RETRIEVABLE
7274986448476982530,A,W-article,2023-09-04T15:02:57Z,2.9346,2-3y,2-3y,2-3y,2-3y,2-3y,2-3y,RETRIEVABLE,RETRIEVABLE,RETRIEVABLE,RETRIEVABLE,RETRIEVABLE,RETRIEVABLE
7275426446577896747,A,W-article,2023-09-05T19:30:22Z,2.9313,2-3y,2-3y,2-3y,2-3y,2-3y,2-3y,RETRIEVABLE,RETRIEVABLE,RETRIEVABLE,RETRIEVABLE,RETRIEVABLE,RETRIEVABLE
7275453319017975046,A,W-article,2023-09-05T21:14:39Z,2.9311,2-3y,2-3y,2-3y,2-3y,2-3y,2-3y,RETRIEVABLE,RETRIEVABLE,RETRIEVABLE,RETRIEVABLE,RETRIEVABLE,RETRIEVABLE
7275503675886324998,A,W-article,2023-09-06T00:30:03Z,2.9307,2-3y,2-3y,2-3y,2-3y,2-3y,2-3y,RETRIEVABLE,RETRIEVABLE,RETRIEVABLE,RETRIEVABLE,RETRIEVABLE,RETRIEVABLE
7275604957930228998,A,W-article,2023-09-06T07:03:05Z,2.9300,2-3y,2-3y,2-3y,2-3y,2-3y,2-3y,RETRIEVABLE,RETRIEVABLE,RETRIEVABLE,RETRIEVABLE,RETRIEVABLE,RETRIEVABLE
7275775448737402144,A,W-article,2023-09-06T18:04:40Z,2.9287,2-3y,2-3y,2-3y,2-3y,2-3y,2-3y,RETRIEVABLE,RETRIEVABLE,RETRIEVABLE,RETRIEVABLE,RETRIEVABLE,RETRIEVABLE
7276445524335627528,A,W-article,2023-09-08T13:24:54Z,2.9238,2-3y,2-3y,2-3y,2-3y,2-3y,2-3y,NOT-RETRIEVABLE,NOT-RETRIEVABLE,NOT-RETRIEVABLE,NOT-RETRIEVABLE,NOT-RETRIEVABLE,NOT-RETRIEVABLE
7276530330650103046,A,W-article,2023-09-08T18:54:00Z,2.9232,2-3y,2-3y,2-3y,2-3y,2-3y,2-3y,RETRIEVABLE,RETRIEVABLE,RETRIEVABLE,RETRIEVABLE,RETRIEVABLE,RETRIEVABLE
7276681932988058881,A,W-article,2023-09-09T04:42:18Z,2.9221,2-3y,2-3y,2-3y,2-3y,2-3y,2-3y,RETRIEVABLE,RETRIEVABLE,RETRIEVABLE,RETRIEVABLE,RETRIEVABLE,RETRIEVABLE
7277048083345673477,A,W-article,2023-09-10T04:23:09Z,2.9193,2-3y,2-3y,2-3y,2-3y,2-3y,2-3y,RETRIEVABLE,RETRIEVABLE,RETRIEVABLE,RETRIEVABLE,RETRIEVABLE,RETRIEVABLE
7277194041404493089,A,W-article,2023-09-10T13:49:32Z,2.9183,2-3y,2-3y,2-3y,2-3y,2-3y,2-3y,NOT-RETRIEVABLE,NOT-RETRIEVABLE,NOT-RETRIEVABLE,NOT-RETRIEVABLE,NOT-RETRIEVABLE,NOT-RETRIEVABLE
7277422765559368966,A,W-article,2023-09-11T04:37:06Z,2.9166,2-3y,2-3y,2-3y,2-3y,2-3y,2-3y,RETRIEVABLE,RETRIEVABLE,RETRIEVABLE,RETRIEVABLE,RETRIEVABLE,RETRIEVABLE
7277711276694965505,A,W-article,2023-09-11T23:16:40Z,2.9145,2-3y,2-3y,2-3y,2-3y,2-3y,2-3y,RETRIEVABLE,RETRIEVABLE,RETRIEVABLE,RETRIEVABLE,RETRIEVABLE,RETRIEVABLE
7277839994163711240,A,W-article,2023-09-12T07:36:10Z,2.9135,2-3y,2-3y,2-3y,2-3y,2-3y,2-3y,RETRIEVABLE,RETRIEVABLE,RETRIEVABLE,RETRIEVABLE,RETRIEVABLE,RETRIEVABLE
7277937383671090437,A,W-article,2023-09-12T13:54:05Z,2.9128,2-3y,2-3y,2-3y,2-3y,2-3y,2-3y,RETRIEVABLE,RETRIEVABLE,RETRIEVABLE,RETRIEVABLE,RETRIEVABLE,RETRIEVABLE
7278023033443601707,A,W-article,2023-09-12T19:26:27Z,2.9122,2-3y,2-3y,2-3y,2-3y,2-3y,2-3y,RETRIEVABLE,RETRIEVABLE,RETRIEVABLE,RETRIEVABLE,RETRIEVABLE,RETRIEVABLE
7278140752310324481,A,W-article,2023-09-13T03:03:15Z,2.9113,2-3y,2-3y,2-3y,2-3y,2-3y,2-3y,NOT-RETRIEVABLE,NOT-RETRIEVABLE,NOT-RETRIEVABLE,NOT-RETRIEVABLE,NOT-RETRIEVABLE,NOT-RETRIEVABLE
7278190562753154346,A,W-article,2023-09-13T06:16:33Z,2.9109,2-3y,2-3y,2-3y,2-3y,2-3y,2-3y,RETRIEVABLE,RETRIEVABLE,RETRIEVABLE,RETRIEVABLE,RETRIEVABLE,RETRIEVABLE
7278405417548516613,A,W-article,2023-09-13T20:10:18Z,2.9093,2-3y,2-3y,2-3y,2-3y,2-3y,2-3y,RETRIEVABLE,RETRIEVABLE,RETRIEVABLE,RETRIEVABLE,RETRIEVABLE,RETRIEVABLE
7278983929778965768,A,W-article,2023-09-15T09:35:13Z,2.9051,2-3y,2-3y,2-3y,2-3y,2-3y,2-3y,RETRIEVABLE,RETRIEVABLE,RETRIEVABLE,RETRIEVABLE,RETRIEVABLE,RETRIEVABLE
7279035337249164546,A,W-article,2023-09-15T12:54:42Z,2.9047,2-3y,2-3y,2-3y,2-3y,2-3y,2-3y,RETRIEVABLE,RETRIEVABLE,RETRIEVABLE,RETRIEVABLE,RETRIEVABLE,RETRIEVABLE
7279069532948385056,A,W-article,2023-09-15T15:07:24Z,2.9044,2-3y,2-3y,2-3y,2-3y,2-3y,2-3y,RETRIEVABLE,RETRIEVABLE,RETRIEVABLE,RETRIEVABLE,RETRIEVABLE,RETRIEVABLE
7279205800122305798,A,W-article,2023-09-15T23:56:11Z,2.9034,2-3y,2-3y,2-3y,2-3y,2-3y,2-3y,RETRIEVABLE,RETRIEVABLE,RETRIEVABLE,RETRIEVABLE,RETRIEVABLE,RETRIEVABLE
7279319330314046728,A,W-article,2023-09-16T07:16:45Z,2.9026,2-3y,2-3y,2-3y,2-3y,2-3y,2-3y,RETRIEVABLE,RETRIEVABLE,RETRIEVABLE,RETRIEVABLE,RETRIEVABLE,RETRIEVABLE
7279566770506108165,A,W-article,2023-09-16T23:16:56Z,2.9008,2-3y,2-3y,2-3y,2-3y,2-3y,2-3y,NOT-RETRIEVABLE,NOT-RETRIEVABLE,NOT-RETRIEVABLE,NOT-RETRIEVABLE,NOT-RETRIEVABLE,NOT-RETRIEVABLE
7279618076780334378,A,W-article,2023-09-17T02:36:02Z,2.9004,2-3y,2-3y,2-3y,2-3y,2-3y,2-3y,RETRIEVABLE,RETRIEVABLE,RETRIEVABLE,RETRIEVABLE,RETRIEVABLE,RETRIEVABLE
7279703389951233282,A,W-article,2023-09-17T08:07:05Z,2.8998,2-3y,2-3y,2-3y,2-3y,2-3y,2-3y,RETRIEVABLE,RETRIEVABLE,RETRIEVABLE,RETRIEVABLE,RETRIEVABLE,RETRIEVABLE
7279719285650394375,A,W-article,2023-09-17T09:08:46Z,2.8996,2-3y,2-3y,2-3y,2-3y,2-3y,2-3y,INDETERMINATE,RETRIEVABLE,RETRIEVABLE,RETRIEVABLE,RETRIEVABLE,RETRIEVABLE
7280012345678901234,A,W-article,2023-09-18T04:06:00Z,2.8975,2-3y,2-3y,2-3y,2-3y,2-3y,2-3y,NOT-RETRIEVABLE,NOT-RETRIEVABLE,NOT-RETRIEVABLE,NOT-RETRIEVABLE,NOT-RETRIEVABLE,NOT-RETRIEVABLE
7280123544279797025,A,W-article,2023-09-18T11:17:30Z,2.8967,2-3y,2-3y,2-3y,2-3y,2-3y,2-3y,RETRIEVABLE,RETRIEVABLE,RETRIEVABLE,RETRIEVABLE,RETRIEVABLE,RETRIEVABLE
7280186084422683937,A,W-article,2023-09-18T15:20:11Z,2.8962,2-3y,2-3y,2-3y,2-3y,2-3y,2-3y,RETRIEVABLE,RETRIEVABLE,RETRIEVABLE,RETRIEVABLE,RETRIEVABLE,RETRIEVABLE
7280422589653142790,A,W-article,2023-09-19T06:37:57Z,2.8945,2-3y,2-3y,2-3y,2-3y,2-3y,2-3y,RETRIEVABLE,RETRIEVABLE,RETRIEVABLE,RETRIEVABLE,RETRIEVABLE,RETRIEVABLE
7281251757022301473,A,W-article,2023-09-21T12:15:33Z,2.8883,2-3y,2-3y,2-3y,2-3y,2-3y,2-3y,RETRIEVABLE,RETRIEVABLE,RETRIEVABLE,RETRIEVABLE,RETRIEVABLE,RETRIEVABLE
7281572656925707538,A,W-article,2023-09-22T09:00:48Z,2.8860,2-3y,2-3y,2-3y,2-3y,2-3y,2-3y,RETRIEVABLE,RETRIEVABLE,RETRIEVABLE,RETRIEVABLE,RETRIEVABLE,RETRIEVABLE
7281628785772940576,A,W-article,2023-09-22T12:38:37Z,2.8856,2-3y,2-3y,2-3y,2-3y,2-3y,2-3y,RETRIEVABLE,RETRIEVABLE,RETRIEVABLE,RETRIEVABLE,RETRIEVABLE,RETRIEVABLE
7281635827434671362,A,W-article,2023-09-22T13:05:56Z,2.8855,2-3y,2-3y,2-3y,2-3y,2-3y,2-3y,RETRIEVABLE,RETRIEVABLE,RETRIEVABLE,RETRIEVABLE,RETRIEVABLE,RETRIEVABLE
7281691723917495557,A,W-article,2023-09-22T16:42:50Z,2.8851,2-3y,2-3y,2-3y,2-3y,2-3y,2-3y,NOT-RETRIEVABLE,NOT-RETRIEVABLE,NOT-RETRIEVABLE,NOT-RETRIEVABLE,NOT-RETRIEVABLE,NOT-RETRIEVABLE
7282541151960206594,A,W-article,2023-09-24T23:39:03Z,2.8788,2-3y,2-3y,2-3y,2-3y,2-3y,2-3y,RETRIEVABLE,RETRIEVABLE,RETRIEVABLE,RETRIEVABLE,RETRIEVABLE,RETRIEVABLE
7282775270044601606,A,W-article,2023-09-25T14:47:33Z,2.8771,2-3y,2-3y,2-3y,2-3y,2-3y,2-3y,RETRIEVABLE,RETRIEVABLE,RETRIEVABLE,RETRIEVABLE,RETRIEVABLE,RETRIEVABLE
7284024970680814890,A,W-article,2023-09-28T23:37:02Z,2.8679,2-3y,2-3y,2-3y,2-3y,2-3y,2-3y,RETRIEVABLE,RETRIEVABLE,RETRIEVABLE,RETRIEVABLE,RETRIEVABLE,RETRIEVABLE
7284177614435142919,A,W-article,2023-09-29T09:29:22Z,2.8667,2-3y,2-3y,2-3y,2-3y,2-3y,2-3y,RETRIEVABLE,RETRIEVABLE,RETRIEVABLE,RETRIEVABLE,RETRIEVABLE,RETRIEVABLE
7284233199947926786,A,W-article,2023-09-29T13:05:04Z,2.8663,2-3y,2-3y,2-3y,2-3y,2-3y,2-3y,RETRIEVABLE,RETRIEVABLE,RETRIEVABLE,RETRIEVABLE,RETRIEVABLE,INDETERMINATE
7284689964598627617,A,W-article,2023-09-30T18:37:33Z,2.8630,2-3y,2-3y,2-3y,2-3y,2-3y,2-3y,RETRIEVABLE,RETRIEVABLE,RETRIEVABLE,RETRIEVABLE,RETRIEVABLE,RETRIEVABLE
7284926197900037383,A,W-article,2023-10-01T09:54:15Z,2.8612,2-3y,2-3y,2-3y,2-3y,2-3y,2-3y,RETRIEVABLE,RETRIEVABLE,RETRIEVABLE,INDETERMINATE,RETRIEVABLE,RETRIEVABLE
7284984331972513025,A,W-article,2023-10-01T13:39:51Z,2.8608,2-3y,2-3y,2-3y,2-3y,2-3y,2-3y,RETRIEVABLE,RETRIEVABLE,RETRIEVABLE,RETRIEVABLE,RETRIEVABLE,RETRIEVABLE
7284998698923347205,A,W-article,2023-10-01T14:35:36Z,2.8607,2-3y,2-3y,2-3y,2-3y,2-3y,2-3y,NOT-RETRIEVABLE,NOT-RETRIEVABLE,NOT-RETRIEVABLE,NOT-RETRIEVABLE,NOT-RETRIEVABLE,NOT-RETRIEVABLE
7285273480222772512,A,W-article,2023-10-02T08:21:53Z,2.8587,2-3y,2-3y,2-3y,2-3y,2-3y,2-3y,RETRIEVABLE,RETRIEVABLE,RETRIEVABLE,RETRIEVABLE,RETRIEVABLE,RETRIEVABLE
7285301937795370241,A,W-article,2023-10-02T10:12:19Z,2.8585,2-3y,2-3y,2-3y,2-3y,2-3y,2-3y,RETRIEVABLE,RETRIEVABLE,RETRIEVABLE,RETRIEVABLE,RETRIEVABLE,RETRIEVABLE
7285313155054472454,A,W-article,2023-10-02T10:55:51Z,2.8584,2-3y,2-3y,2-3y,2-3y,2-3y,2-3y,RETRIEVABLE,RETRIEVABLE,RETRIEVABLE,RETRIEVABLE,RETRIEVABLE,RETRIEVABLE
7286340357774740743,A,W-article,2023-10-05T05:21:55Z,2.8508,2-3y,2-3y,2-3y,2-3y,2-3y,2-3y,RETRIEVABLE,RETRIEVABLE,RETRIEVABLE,RETRIEVABLE,RETRIEVABLE,RETRIEVABLE
7286499779419311393,A,W-article,2023-10-05T15:40:33Z,2.8496,2-3y,2-3y,2-3y,2-3y,2-3y,2-3y,RETRIEVABLE,RETRIEVABLE,RETRIEVABLE,RETRIEVABLE,RETRIEVABLE,RETRIEVABLE
7286611789863980334,A,W-article,2023-10-05T22:55:13Z,2.8488,2-3y,2-3y,2-3y,2-3y,2-3y,2-3y,RETRIEVABLE,RETRIEVABLE,RETRIEVABLE,RETRIEVABLE,RETRIEVABLE,RETRIEVABLE
7288437615974501665,A,W-article,2023-10-10T21:00:21Z,2.8353,2-3y,2-3y,2-3y,2-3y,2-3y,2-3y,RETRIEVABLE,RETRIEVABLE,RETRIEVABLE,RETRIEVABLE,RETRIEVABLE,RETRIEVABLE
7288592145114533122,A,W-article,2023-10-11T07:00:00Z,2.8342,2-3y,2-3y,2-3y,2-3y,2-3y,2-3y,RETRIEVABLE,RETRIEVABLE,RETRIEVABLE,RETRIEVABLE,RETRIEVABLE,RETRIEVABLE
7289367544539008261,A,W-article,2023-10-13T09:08:57Z,2.8285,2-3y,2-3y,2-3y,2-3y,2-3y,2-3y,NOT-RETRIEVABLE,NOT-RETRIEVABLE,NOT-RETRIEVABLE,NOT-RETRIEVABLE,NOT-RETRIEVABLE,NOT-RETRIEVABLE
7290126963535006981,A,W-article,2023-10-15T10:15:53Z,2.8229,2-3y,2-3y,2-3y,2-3y,2-3y,2-3y,RETRIEVABLE,RETRIEVABLE,RETRIEVABLE,RETRIEVABLE,RETRIEVABLE,RETRIEVABLE
7290130212740713733,A,W-article,2023-10-15T10:28:29Z,2.8228,2-3y,2-3y,2-3y,2-3y,2-3y,2-3y,RETRIEVABLE,RETRIEVABLE,RETRIEVABLE,RETRIEVABLE,RETRIEVABLE,RETRIEVABLE
7290132203273571590,A,W-article,2023-10-15T10:36:13Z,2.8228,2-3y,2-3y,2-3y,2-3y,2-3y,2-3y,RETRIEVABLE,RETRIEVABLE,RETRIEVABLE,RETRIEVABLE,RETRIEVABLE,RETRIEVABLE
7290156577749847298,A,W-article,2023-10-15T12:10:48Z,2.8226,2-3y,2-3y,2-3y,2-3y,2-3y,2-3y,RETRIEVABLE,RETRIEVABLE,RETRIEVABLE,RETRIEVABLE,RETRIEVABLE,RETRIEVABLE
7290180595219631366,A,W-article,2023-10-15T13:44:00Z,2.8225,2-3y,2-3y,2-3y,2-3y,2-3y,2-3y,RETRIEVABLE,RETRIEVABLE,RETRIEVABLE,RETRIEVABLE,RETRIEVABLE,RETRIEVABLE
7290189925746511137,A,W-article,2023-10-15T14:20:12Z,2.8224,2-3y,2-3y,2-3y,2-3y,2-3y,2-3y,RETRIEVABLE,RETRIEVABLE,RETRIEVABLE,RETRIEVABLE,RETRIEVABLE,RETRIEVABLE
7290339503376485675,A,W-article,2023-10-16T00:00:39Z,2.8213,2-3y,2-3y,2-3y,2-3y,2-3y,2-3y,RETRIEVABLE,RETRIEVABLE,RETRIEVABLE,RETRIEVABLE,RETRIEVABLE,RETRIEVABLE
7290503885788122374,A,W-article,2023-10-16T10:38:32Z,2.8201,2-3y,2-3y,2-3y,2-3y,2-3y,2-3y,RETRIEVABLE,RETRIEVABLE,RETRIEVABLE,RETRIEVABLE,RETRIEVABLE,RETRIEVABLE
7290507450850151686,A,W-article,2023-10-16T10:52:22Z,2.8200,2-3y,2-3y,2-3y,2-3y,2-3y,2-3y,RETRIEVABLE,RETRIEVABLE,RETRIEVABLE,RETRIEVABLE,RETRIEVABLE,RETRIEVABLE
7290510433570573573,A,W-article,2023-10-16T11:03:56Z,2.8200,2-3y,2-3y,2-3y,2-3y,2-3y,2-3y,RETRIEVABLE,RETRIEVABLE,RETRIEVABLE,RETRIEVABLE,RETRIEVABLE,RETRIEVABLE
7290511613013101829,A,W-article,2023-10-16T11:08:31Z,2.8200,2-3y,2-3y,2-3y,2-3y,2-3y,2-3y,RETRIEVABLE,RETRIEVABLE,RETRIEVABLE,RETRIEVABLE,RETRIEVABLE,RETRIEVABLE
7290513502152723717,A,W-article,2023-10-16T11:15:51Z,2.8200,2-3y,2-3y,2-3y,2-3y,2-3y,2-3y,RETRIEVABLE,RETRIEVABLE,RETRIEVABLE,RETRIEVABLE,RETRIEVABLE,RETRIEVABLE
7290518700459953414,A,W-article,2023-10-16T11:36:01Z,2.8200,2-3y,2-3y,2-3y,2-3y,2-3y,2-3y,RETRIEVABLE,RETRIEVABLE,RETRIEVABLE,RETRIEVABLE,RETRIEVABLE,RETRIEVABLE
7290565104687435013,A,W-article,2023-10-16T14:36:05Z,2.8196,2-3y,2-3y,2-3y,2-3y,2-3y,2-3y,RETRIEVABLE,RETRIEVABLE,RETRIEVABLE,RETRIEVABLE,RETRIEVABLE,RETRIEVABLE
7290868505950506245,A,W-article,2023-10-17T10:13:27Z,2.8174,2-3y,2-3y,2-3y,2-3y,2-3y,2-3y,RETRIEVABLE,RETRIEVABLE,RETRIEVABLE,RETRIEVABLE,RETRIEVABLE,RETRIEVABLE
7291291819948772610,A,W-article,2023-10-18T13:36:07Z,2.8143,2-3y,2-3y,2-3y,2-3y,2-3y,2-3y,NOT-RETRIEVABLE,NOT-RETRIEVABLE,NOT-RETRIEVABLE,NOT-RETRIEVABLE,NOT-RETRIEVABLE,NOT-RETRIEVABLE
7291639305259306241,A,W-article,2023-10-19T12:04:32Z,2.8117,2-3y,2-3y,2-3y,2-3y,2-3y,2-3y,RETRIEVABLE,RETRIEVABLE,RETRIEVABLE,RETRIEVABLE,RETRIEVABLE,RETRIEVABLE
7292720914150460705,A,W-article,2023-10-22T10:01:44Z,2.8037,2-3y,2-3y,2-3y,2-3y,2-3y,2-3y,RETRIEVABLE,RETRIEVABLE,RETRIEVABLE,RETRIEVABLE,RETRIEVABLE,RETRIEVABLE
7293026014228122881,A,W-article,2023-10-23T05:45:41Z,2.8015,2-3y,2-3y,2-3y,2-3y,2-3y,2-3y,RETRIEVABLE,RETRIEVABLE,RETRIEVABLE,RETRIEVABLE,RETRIEVABLE,RETRIEVABLE
7293131411949751554,A,W-article,2023-10-23T12:34:40Z,2.8007,2-3y,2-3y,2-3y,2-3y,2-3y,2-3y,RETRIEVABLE,RETRIEVABLE,RETRIEVABLE,RETRIEVABLE,RETRIEVABLE,RETRIEVABLE
7293763946132081927,A,W-article,2023-10-25T05:29:14Z,2.7960,2-3y,2-3y,2-3y,2-3y,2-3y,2-3y,RETRIEVABLE,RETRIEVABLE,RETRIEVABLE,RETRIEVABLE,RETRIEVABLE,RETRIEVABLE
7294591462660934913,A,W-article,2023-10-27T11:00:25Z,2.7899,2-3y,2-3y,2-3y,2-3y,2-3y,2-3y,RETRIEVABLE,RETRIEVABLE,RETRIEVABLE,RETRIEVABLE,RETRIEVABLE,RETRIEVABLE
7294721417503886634,A,W-article,2023-10-27T19:24:42Z,2.7890,2-3y,2-3y,2-3y,2-3y,2-3y,2-3y,RETRIEVABLE,RETRIEVABLE,RETRIEVABLE,RETRIEVABLE,RETRIEVABLE,RETRIEVABLE
7294934659551612168,A,W-article,2023-10-28T09:12:12Z,2.7874,2-3y,2-3y,2-3y,2-3y,2-3y,2-3y,RETRIEVABLE,RETRIEVABLE,RETRIEVABLE,RETRIEVABLE,RETRIEVABLE,RETRIEVABLE
7294963961252859137,A,W-article,2023-10-28T11:05:54Z,2.7872,2-3y,2-3y,2-3y,2-3y,2-3y,2-3y,RETRIEVABLE,RETRIEVABLE,RETRIEVABLE,RETRIEVABLE,RETRIEVABLE,RETRIEVABLE
7295409087611669766,A,W-article,2023-10-29T15:53:13Z,2.7839,2-3y,2-3y,2-3y,2-3y,2-3y,2-3y,RETRIEVABLE,RETRIEVABLE,RETRIEVABLE,RETRIEVABLE,RETRIEVABLE,RETRIEVABLE
7295676801764838663,A,W-article,2023-10-30T09:12:05Z,2.7819,2-3y,2-3y,2-3y,2-3y,2-3y,2-3y,RETRIEVABLE,RETRIEVABLE,RETRIEVABLE,RETRIEVABLE,RETRIEVABLE,RETRIEVABLE
7296522347048226053,A,W-article,2023-11-01T15:53:14Z,2.7757,2-3y,2-3y,2-3y,2-3y,2-3y,2-3y,RETRIEVABLE,RETRIEVABLE,RETRIEVABLE,RETRIEVABLE,INDETERMINATE,RETRIEVABLE
7296556162554678561,A,W-article,2023-11-01T18:04:27Z,2.7754,2-3y,2-3y,2-3y,2-3y,2-3y,2-3y,RETRIEVABLE,RETRIEVABLE,RETRIEVABLE,RETRIEVABLE,RETRIEVABLE,RETRIEVABLE
7296566585328815361,A,W-article,2023-11-01T18:44:54Z,2.7753,2-3y,2-3y,2-3y,2-3y,2-3y,2-3y,RETRIEVABLE,RETRIEVABLE,RETRIEVABLE,RETRIEVABLE,RETRIEVABLE,RETRIEVABLE
7297328023982918945,A,W-article,2023-11-03T19:59:40Z,2.7697,2-3y,2-3y,2-3y,2-3y,2-3y,2-3y,NOT-RETRIEVABLE,NOT-RETRIEVABLE,NOT-RETRIEVABLE,NOT-RETRIEVABLE,NOT-RETRIEVABLE,NOT-RETRIEVABLE
7297699748935568686,A,W-article,2023-11-04T20:02:09Z,2.7670,2-3y,2-3y,2-3y,2-3y,2-3y,2-3y,RETRIEVABLE,RETRIEVABLE,RETRIEVABLE,RETRIEVABLE,RETRIEVABLE,RETRIEVABLE
7298284576240176392,A,W-article,2023-11-06T09:51:35Z,2.7627,2-3y,2-3y,2-3y,2-3y,2-3y,2-3y,RETRIEVABLE,RETRIEVABLE,RETRIEVABLE,RETRIEVABLE,RETRIEVABLE,RETRIEVABLE
7298342318195641601,A,W-article,2023-11-06T13:35:39Z,2.7622,2-3y,2-3y,2-3y,2-3y,2-3y,2-3y,RETRIEVABLE,RETRIEVABLE,RETRIEVABLE,RETRIEVABLE,RETRIEVABLE,RETRIEVABLE
7298890413560122670,A,W-article,2023-11-08T01:02:32Z,2.7582,2-3y,2-3y,2-3y,2-3y,2-3y,2-3y,RETRIEVABLE,RETRIEVABLE,RETRIEVABLE,RETRIEVABLE,RETRIEVABLE,RETRIEVABLE
7298893164335729926,A,W-article,2023-11-08T01:13:13Z,2.7582,2-3y,2-3y,2-3y,2-3y,2-3y,2-3y,NOT-RETRIEVABLE,NOT-RETRIEVABLE,NOT-RETRIEVABLE,RETRIEVABLE,RETRIEVABLE,RETRIEVABLE
7298993643950542113,A,W-article,2023-11-08T07:43:08Z,2.7574,2-3y,2-3y,2-3y,2-3y,2-3y,2-3y,RETRIEVABLE,RETRIEVABLE,RETRIEVABLE,RETRIEVABLE,RETRIEVABLE,RETRIEVABLE
7299795019446177042,A,W-article,2023-11-10T11:32:52Z,2.7515,2-3y,2-3y,2-3y,2-3y,2-3y,2-3y,RETRIEVABLE,RETRIEVABLE,RETRIEVABLE,RETRIEVABLE,RETRIEVABLE,RETRIEVABLE
7299819241325350145,A,W-article,2023-11-10T13:06:52Z,2.7513,2-3y,2-3y,2-3y,2-3y,2-3y,2-3y,RETRIEVABLE,RETRIEVABLE,RETRIEVABLE,RETRIEVABLE,RETRIEVABLE,RETRIEVABLE
7300293533695560965,A,W-article,2023-11-11T19:47:22Z,2.7478,2-3y,2-3y,2-3y,2-3y,2-3y,2-3y,RETRIEVABLE,RETRIEVABLE,RETRIEVABLE,RETRIEVABLE,RETRIEVABLE,RETRIEVABLE
7300334202875137286,A,W-article,2023-11-11T22:25:11Z,2.7475,2-3y,2-3y,2-3y,2-3y,2-3y,2-3y,RETRIEVABLE,RETRIEVABLE,RETRIEVABLE,RETRIEVABLE,RETRIEVABLE,RETRIEVABLE
7300591415602515205,A,W-article,2023-11-12T15:03:18Z,2.7456,2-3y,2-3y,2-3y,2-3y,2-3y,2-3y,RETRIEVABLE,RETRIEVABLE,RETRIEVABLE,RETRIEVABLE,RETRIEVABLE,RETRIEVABLE
7300620538496552234,A,W-article,2023-11-12T16:56:19Z,2.7454,2-3y,2-3y,2-3y,2-3y,2-3y,2-3y,RETRIEVABLE,RETRIEVABLE,RETRIEVABLE,RETRIEVABLE,RETRIEVABLE,RETRIEVABLE
7300791062132509954,A,W-article,2023-11-13T03:58:02Z,2.7442,2-3y,2-3y,2-3y,2-3y,2-3y,2-3y,NOT-RETRIEVABLE,NOT-RETRIEVABLE,NOT-RETRIEVABLE,NOT-RETRIEVABLE,NOT-RETRIEVABLE,NOT-RETRIEVABLE
7300954084016672032,A,W-article,2023-11-13T14:30:38Z,2.7430,2-3y,2-3y,2-3y,2-3y,2-3y,2-3y,RETRIEVABLE,RETRIEVABLE,RETRIEVABLE,RETRIEVABLE,RETRIEVABLE,RETRIEVABLE
7301000007610666273,A,W-article,2023-11-13T17:28:51Z,2.7426,2-3y,2-3y,2-3y,2-3y,2-3y,2-3y,RETRIEVABLE,RETRIEVABLE,RETRIEVABLE,RETRIEVABLE,RETRIEVABLE,RETRIEVABLE
7301117828248145154,A,W-article,2023-11-14T01:06:03Z,2.7418,2-3y,2-3y,2-3y,2-3y,2-3y,2-3y,RETRIEVABLE,RETRIEVABLE,RETRIEVABLE,RETRIEVABLE,RETRIEVABLE,RETRIEVABLE
7301731432672644353,A,W-article,2023-11-15T16:47:09Z,2.7372,2-3y,2-3y,2-3y,2-3y,2-3y,2-3y,RETRIEVABLE,RETRIEVABLE,RETRIEVABLE,RETRIEVABLE,RETRIEVABLE,RETRIEVABLE
7301852414687120645,A,W-article,2023-11-16T00:36:37Z,2.7363,2-3y,2-3y,2-3y,2-3y,2-3y,2-3y,RETRIEVABLE,RETRIEVABLE,INDETERMINATE,RETRIEVABLE,RETRIEVABLE,RETRIEVABLE
7302414866248224002,A,W-article,2023-11-17T12:59:13Z,2.7322,2-3y,2-3y,2-3y,2-3y,2-3y,2-3y,RETRIEVABLE,RETRIEVABLE,RETRIEVABLE,INDETERMINATE,RETRIEVABLE,RETRIEVABLE
7302415393195347202,A,W-article,2023-11-17T13:01:16Z,2.7322,2-3y,2-3y,2-3y,2-3y,2-3y,2-3y,RETRIEVABLE,RETRIEVABLE,RETRIEVABLE,RETRIEVABLE,RETRIEVABLE,RETRIEVABLE
7302442041852710145,A,W-article,2023-11-17T14:44:40Z,2.7320,2-3y,2-3y,2-3y,2-3y,2-3y,2-3y,RETRIEVABLE,RETRIEVABLE,RETRIEVABLE,RETRIEVABLE,RETRIEVABLE,RETRIEVABLE
7302754369483689217,A,W-article,2023-11-18T10:56:40Z,2.7297,2-3y,2-3y,2-3y,2-3y,2-3y,2-3y,RETRIEVABLE,RETRIEVABLE,RETRIEVABLE,RETRIEVABLE,RETRIEVABLE,RETRIEVABLE
7302766896011562272,A,W-article,2023-11-18T11:45:16Z,2.7296,2-3y,2-3y,2-3y,2-3y,2-3y,2-3y,RETRIEVABLE,RETRIEVABLE,RETRIEVABLE,RETRIEVABLE,RETRIEVABLE,RETRIEVABLE
7302887329616694530,A,W-article,2023-11-18T19:32:37Z,2.7287,2-3y,2-3y,2-3y,2-3y,2-3y,2-3y,RETRIEVABLE,RETRIEVABLE,RETRIEVABLE,RETRIEVABLE,RETRIEVABLE,RETRIEVABLE
7303595967733976353,A,W-article,2023-11-20T17:22:30Z,2.7235,2-3y,2-3y,2-3y,2-3y,2-3y,2-3y,RETRIEVABLE,RETRIEVABLE,RETRIEVABLE,RETRIEVABLE,RETRIEVABLE,RETRIEVABLE
7303651849154940202,A,W-article,2023-11-20T20:59:21Z,2.7231,2-3y,2-3y,2-3y,2-3y,2-3y,2-3y,RETRIEVABLE,RETRIEVABLE,RETRIEVABLE,RETRIEVABLE,RETRIEVABLE,RETRIEVABLE
7303974311990267178,A,W-article,2023-11-21T17:50:40Z,2.7207,2-3y,2-3y,2-3y,2-3y,2-3y,2-3y,NOT-RETRIEVABLE,NOT-RETRIEVABLE,NOT-RETRIEVABLE,NOT-RETRIEVABLE,NOT-RETRIEVABLE,NOT-RETRIEVABLE
7304324842591997216,A,W-article,2023-11-22T16:30:54Z,2.7181,2-3y,2-3y,2-3y,2-3y,2-3y,2-3y,RETRIEVABLE,RETRIEVABLE,RETRIEVABLE,RETRIEVABLE,RETRIEVABLE,RETRIEVABLE
7304376963983068449,A,W-article,2023-11-22T19:53:10Z,2.7177,2-3y,2-3y,2-3y,2-3y,2-3y,2-3y,RETRIEVABLE,RETRIEVABLE,RETRIEVABLE,RETRIEVABLE,RETRIEVABLE,RETRIEVABLE
7304385325156093189,A,W-article,2023-11-22T20:25:36Z,2.7177,2-3y,2-3y,2-3y,2-3y,2-3y,2-3y,RETRIEVABLE,RETRIEVABLE,RETRIEVABLE,RETRIEVABLE,RETRIEVABLE,RETRIEVABLE
7304549053201894661,A,W-article,2023-11-23T07:00:57Z,2.7164,2-3y,2-3y,2-3y,2-3y,2-3y,2-3y,RETRIEVABLE,RETRIEVABLE,RETRIEVABLE,RETRIEVABLE,RETRIEVABLE,RETRIEVABLE
7304573227215424770,A,W-article,2023-11-23T08:34:46Z,2.7163,2-3y,2-3y,2-3y,2-3y,2-3y,2-3y,RETRIEVABLE,RETRIEVABLE,RETRIEVABLE,RETRIEVABLE,RETRIEVABLE,RETRIEVABLE
7305014171073105154,A,W-article,2023-11-24T13:05:51Z,2.7130,2-3y,2-3y,2-3y,2-3y,2-3y,2-3y,RETRIEVABLE,RETRIEVABLE,RETRIEVABLE,RETRIEVABLE,RETRIEVABLE,RETRIEVABLE
7305361443174550791,A,W-article,2023-11-25T11:33:26Z,2.7105,2-3y,2-3y,2-3y,2-3y,2-3y,2-3y,NOT-RETRIEVABLE,NOT-RETRIEVABLE,NOT-RETRIEVABLE,NOT-RETRIEVABLE,NOT-RETRIEVABLE,NOT-RETRIEVABLE
7306073975270935809,A,W-article,2023-11-27T09:38:26Z,2.7052,2-3y,2-3y,2-3y,2-3y,2-3y,2-3y,RETRIEVABLE,RETRIEVABLE,RETRIEVABLE,RETRIEVABLE,RETRIEVABLE,RETRIEVABLE
7306091668720209159,A,W-article,2023-11-27T10:47:05Z,2.7051,2-3y,2-3y,2-3y,2-3y,2-3y,2-3y,RETRIEVABLE,RETRIEVABLE,RETRIEVABLE,RETRIEVABLE,RETRIEVABLE,RETRIEVABLE
7306516686365052165,A,W-article,2023-11-28T14:16:22Z,2.7019,2-3y,2-3y,2-3y,2-3y,2-3y,2-3y,RETRIEVABLE,RETRIEVABLE,RETRIEVABLE,RETRIEVABLE,RETRIEVABLE,RETRIEVABLE
7306516900639558913,A,W-article,2023-11-28T14:17:12Z,2.7019,2-3y,2-3y,2-3y,2-3y,2-3y,2-3y,NOT-RETRIEVABLE,NOT-RETRIEVABLE,NOT-RETRIEVABLE,NOT-RETRIEVABLE,NOT-RETRIEVABLE,NOT-RETRIEVABLE
7306543936858852654,A,W-article,2023-11-28T16:02:07Z,2.7017,2-3y,2-3y,2-3y,2-3y,2-3y,2-3y,RETRIEVABLE,RETRIEVABLE,RETRIEVABLE,RETRIEVABLE,RETRIEVABLE,RETRIEVABLE
7306602661686611206,A,W-article,2023-11-28T19:50:00Z,2.7013,2-3y,2-3y,2-3y,2-3y,2-3y,2-3y,RETRIEVABLE,RETRIEVABLE,RETRIEVABLE,RETRIEVABLE,RETRIEVABLE,RETRIEVABLE
7306923737058659589,A,W-article,2023-11-29T16:35:56Z,2.6989,2-3y,2-3y,2-3y,2-3y,2-3y,2-3y,RETRIEVABLE,RETRIEVABLE,RETRIEVABLE,RETRIEVABLE,RETRIEVABLE,RETRIEVABLE
7306924347107659009,A,W-article,2023-11-29T16:38:18Z,2.6989,2-3y,2-3y,2-3y,2-3y,2-3y,2-3y,RETRIEVABLE,RETRIEVABLE,RETRIEVABLE,RETRIEVABLE,RETRIEVABLE,RETRIEVABLE
7307009814515698987,A,W-article,2023-11-29T22:09:58Z,2.6983,2-3y,2-3y,2-3y,2-3y,2-3y,2-3y,RETRIEVABLE,RETRIEVABLE,RETRIEVABLE,RETRIEVABLE,RETRIEVABLE,RETRIEVABLE
7307288844452236577,A,W-article,2023-11-30T16:12:45Z,2.6962,2-3y,2-3y,2-3y,2-3y,2-3y,2-3y,RETRIEVABLE,RETRIEVABLE,RETRIEVABLE,RETRIEVABLE,RETRIEVABLE,RETRIEVABLE
7307340318872030482,A,W-article,2023-11-30T19:32:29Z,2.6959,2-3y,2-3y,2-3y,2-3y,2-3y,2-3y,RETRIEVABLE,RETRIEVABLE,RETRIEVABLE,RETRIEVABLE,RETRIEVABLE,RETRIEVABLE
7307602627133558059,A,W-article,2023-12-01T12:30:23Z,2.6939,2-3y,2-3y,2-3y,2-3y,2-3y,2-3y,RETRIEVABLE,RETRIEVABLE,RETRIEVABLE,RETRIEVABLE,RETRIEVABLE,RETRIEVABLE
7307883080776305938,A,W-article,2023-12-02T06:38:41Z,2.6918,2-3y,2-3y,2-3y,2-3y,2-3y,2-3y,RETRIEVABLE,RETRIEVABLE,RETRIEVABLE,RETRIEVABLE,INDETERMINATE,RETRIEVABLE
7307987833585683713,A,W-article,2023-12-02T13:25:11Z,2.6911,2-3y,2-3y,2-3y,2-3y,2-3y,2-3y,RETRIEVABLE,RETRIEVABLE,RETRIEVABLE,RETRIEVABLE,RETRIEVABLE,RETRIEVABLE
7308548080125693226,A,W-article,2023-12-04T01:39:13Z,2.6869,2-3y,2-3y,2-3y,2-3y,2-3y,2-3y,NOT-RETRIEVABLE,NOT-RETRIEVABLE,NOT-RETRIEVABLE,NOT-RETRIEVABLE,NOT-RETRIEVABLE,NOT-RETRIEVABLE
7309122755377581318,A,W-article,2023-12-05T14:49:15Z,2.6827,2-3y,2-3y,2-3y,2-3y,2-3y,2-3y,NOT-RETRIEVABLE,NOT-RETRIEVABLE,NOT-RETRIEVABLE,NOT-RETRIEVABLE,NOT-RETRIEVABLE,NOT-RETRIEVABLE
7309990761871805729,A,W-article,2023-12-07T22:57:34Z,2.6763,2-3y,2-3y,2-3y,2-3y,2-3y,2-3y,RETRIEVABLE,RETRIEVABLE,RETRIEVABLE,RETRIEVABLE,RETRIEVABLE,RETRIEVABLE
7311305415407439105,A,W-article,2023-12-11T11:59:05Z,2.6666,2-3y,2-3y,2-3y,2-3y,2-3y,2-3y,RETRIEVABLE,RETRIEVABLE,RETRIEVABLE,RETRIEVABLE,RETRIEVABLE,RETRIEVABLE
7312201001883241771,A,W-article,2023-12-13T21:54:25Z,2.6600,2-3y,2-3y,2-3y,2-3y,2-3y,2-3y,RETRIEVABLE,RETRIEVABLE,RETRIEVABLE,RETRIEVABLE,RETRIEVABLE,RETRIEVABLE
7312375153659333906,A,W-article,2023-12-14T09:10:13Z,2.6587,2-3y,2-3y,2-3y,2-3y,2-3y,2-3y,RETRIEVABLE,RETRIEVABLE,RETRIEVABLE,RETRIEVABLE,RETRIEVABLE,RETRIEVABLE
7312403350417362182,A,W-article,2023-12-14T10:59:38Z,2.6585,2-3y,2-3y,2-3y,2-3y,2-3y,2-3y,RETRIEVABLE,RETRIEVABLE,RETRIEVABLE,RETRIEVABLE,RETRIEVABLE,RETRIEVABLE
7312910383969209633,A,W-article,2023-12-15T19:47:11Z,2.6548,2-3y,2-3y,2-3y,2-3y,2-3y,2-3y,RETRIEVABLE,RETRIEVABLE,RETRIEVABLE,RETRIEVABLE,RETRIEVABLE,RETRIEVABLE
7313012554190654725,A,W-article,2023-12-16T02:23:40Z,2.6540,2-3y,2-3y,2-3y,2-3y,2-3y,2-3y,RETRIEVABLE,RETRIEVABLE,RETRIEVABLE,RETRIEVABLE,RETRIEVABLE,RETRIEVABLE
7313756610009042177,A,W-article,2023-12-18T02:30:59Z,2.6485,2-3y,2-3y,2-3y,2-3y,2-3y,2-3y,RETRIEVABLE,RETRIEVABLE,RETRIEVABLE,RETRIEVABLE,RETRIEVABLE,RETRIEVABLE
7313826114273611040,A,W-article,2023-12-18T07:00:41Z,2.6480,2-3y,2-3y,2-3y,2-3y,2-3y,2-3y,RETRIEVABLE,RETRIEVABLE,RETRIEVABLE,RETRIEVABLE,RETRIEVABLE,RETRIEVABLE
7313912340146081056,A,W-article,2023-12-18T12:35:17Z,2.6474,2-3y,2-3y,2-3y,2-3y,2-3y,2-3y,RETRIEVABLE,RETRIEVABLE,RETRIEVABLE,RETRIEVABLE,RETRIEVABLE,RETRIEVABLE
7313913111382150433,A,W-article,2023-12-18T12:38:17Z,2.6474,2-3y,2-3y,2-3y,2-3y,2-3y,2-3y,RETRIEVABLE,RETRIEVABLE,RETRIEVABLE,RETRIEVABLE,RETRIEVABLE,RETRIEVABLE
7313985385250475266,A,W-article,2023-12-18T17:18:44Z,2.6468,2-3y,2-3y,2-3y,2-3y,2-3y,2-3y,RETRIEVABLE,RETRIEVABLE,RETRIEVABLE,RETRIEVABLE,RETRIEVABLE,RETRIEVABLE
7314279219075271944,A,W-article,2023-12-19T12:18:58Z,2.6447,2-3y,2-3y,2-3y,2-3y,2-3y,2-3y,RETRIEVABLE,RETRIEVABLE,RETRIEVABLE,RETRIEVABLE,RETRIEVABLE,RETRIEVABLE
7314318952757284098,A,W-article,2023-12-19T14:53:09Z,2.6444,2-3y,2-3y,2-3y,2-3y,2-3y,2-3y,NOT-RETRIEVABLE,NOT-RETRIEVABLE,NOT-RETRIEVABLE,NOT-RETRIEVABLE,NOT-RETRIEVABLE,NOT-RETRIEVABLE
7314708412506311941,A,W-article,2023-12-20T16:04:27Z,2.6415,2-3y,2-3y,2-3y,2-3y,2-3y,2-3y,RETRIEVABLE,RETRIEVABLE,RETRIEVABLE,RETRIEVABLE,RETRIEVABLE,RETRIEVABLE
7314820824475651371,A,W-article,2023-12-20T23:20:40Z,2.6407,2-3y,2-3y,2-3y,2-3y,2-3y,2-3y,RETRIEVABLE,RETRIEVABLE,RETRIEVABLE,RETRIEVABLE,RETRIEVABLE,RETRIEVABLE
7315355802271845664,A,W-article,2023-12-22T09:56:40Z,2.6367,2-3y,2-3y,2-3y,2-3y,2-3y,2-3y,RETRIEVABLE,RETRIEVABLE,RETRIEVABLE,RETRIEVABLE,RETRIEVABLE,RETRIEVABLE
7317606320759115041,A,W-article,2023-12-28T11:29:49Z,2.6201,2-3y,2-3y,2-3y,2-3y,2-3y,2-3y,RETRIEVABLE,RETRIEVABLE,RETRIEVABLE,RETRIEVABLE,RETRIEVABLE,RETRIEVABLE
7317847883854761222,A,W-article,2023-12-29T03:07:12Z,2.6183,2-3y,2-3y,2-3y,2-3y,2-3y,2-3y,INDETERMINATE,RETRIEVABLE,RETRIEVABLE,RETRIEVABLE,RETRIEVABLE,RETRIEVABLE
7318001611983408402,A,W-article,2023-12-29T13:03:45Z,2.6172,2-3y,2-3y,2-3y,2-3y,2-3y,2-3y,RETRIEVABLE,RETRIEVABLE,RETRIEVABLE,RETRIEVABLE,RETRIEVABLE,RETRIEVABLE
7318077426712562987,A,W-article,2023-12-29T17:57:57Z,2.6166,2-3y,2-3y,2-3y,2-3y,2-3y,2-3y,NOT-RETRIEVABLE,NOT-RETRIEVABLE,NOT-RETRIEVABLE,NOT-RETRIEVABLE,NOT-RETRIEVABLE,NOT-RETRIEVABLE
7318819874795474208,A,W-article,2023-12-31T17:59:02Z,2.6112,2-3y,2-3y,2-3y,2-3y,2-3y,2-3y,RETRIEVABLE,RETRIEVABLE,RETRIEVABLE,RETRIEVABLE,RETRIEVABLE,RETRIEVABLE
7319942089754610977,A,W-article,2024-01-03T18:33:48Z,2.6029,2-3y,2-3y,2-3y,2-3y,2-3y,2-3y,RETRIEVABLE,RETRIEVABLE,RETRIEVABLE,RETRIEVABLE,RETRIEVABLE,RETRIEVABLE
7320212034925104386,A,W-article,2024-01-04T12:01:19Z,2.6009,2-3y,2-3y,2-3y,2-3y,2-3y,2-3y,RETRIEVABLE,RETRIEVABLE,RETRIEVABLE,RETRIEVABLE,RETRIEVABLE,RETRIEVABLE
7320380835058814250,A,W-article,2024-01-04T22:56:21Z,2.5996,2-3y,2-3y,2-3y,2-3y,2-3y,2-3y,RETRIEVABLE,RETRIEVABLE,RETRIEVABLE,RETRIEVABLE,RETRIEVABLE,RETRIEVABLE
7320390394007670058,A,W-article,2024-01-04T23:33:27Z,2.5996,2-3y,2-3y,2-3y,2-3y,2-3y,2-3y,RETRIEVABLE,RETRIEVABLE,RETRIEVABLE,RETRIEVABLE,RETRIEVABLE,RETRIEVABLE
7321412663010168110,A,W-article,2024-01-07T17:40:22Z,2.5920,2-3y,2-3y,2-3y,2-3y,2-3y,2-3y,RETRIEVABLE,RETRIEVABLE,RETRIEVABLE,RETRIEVABLE,RETRIEVABLE,RETRIEVABLE
7322893025800178977,A,W-article,2024-01-11T17:24:56Z,2.5811,2-3y,2-3y,2-3y,2-3y,2-3y,2-3y,RETRIEVABLE,RETRIEVABLE,RETRIEVABLE,RETRIEVABLE,RETRIEVABLE,RETRIEVABLE
7323962871078046994,A,W-article,2024-01-14T14:36:29Z,2.5732,2-3y,2-3y,2-3y,2-3y,2-3y,2-3y,RETRIEVABLE,RETRIEVABLE,RETRIEVABLE,RETRIEVABLE,RETRIEVABLE,RETRIEVABLE
7324038253194120480,A,W-article,2024-01-14T19:29:00Z,2.5727,2-3y,2-3y,2-3y,2-3y,2-3y,2-3y,RETRIEVABLE,RETRIEVABLE,RETRIEVABLE,RETRIEVABLE,RETRIEVABLE,RETRIEVABLE
7325064631003745568,A,W-article,2024-01-17T13:51:52Z,2.5651,2-3y,2-3y,2-3y,2-3y,2-3y,2-3y,RETRIEVABLE,RETRIEVABLE,RETRIEVABLE,RETRIEVABLE,RETRIEVABLE,RETRIEVABLE
7325224102057446702,A,W-article,2024-01-18T00:10:42Z,2.5639,2-3y,2-3y,2-3y,2-3y,2-3y,2-3y,NOT-RETRIEVABLE,NOT-RETRIEVABLE,NOT-RETRIEVABLE,NOT-RETRIEVABLE,NOT-RETRIEVABLE,NOT-RETRIEVABLE
7325754585904368928,A,W-article,2024-01-19T10:29:15Z,2.5600,2-3y,2-3y,2-3y,2-3y,2-3y,2-3y,RETRIEVABLE,RETRIEVABLE,RETRIEVABLE,RETRIEVABLE,RETRIEVABLE,RETRIEVABLE
7325984573714664710,A,W-article,2024-01-20T01:21:43Z,2.5583,2-3y,2-3y,2-3y,2-3y,2-3y,2-3y,RETRIEVABLE,RETRIEVABLE,RETRIEVABLE,RETRIEVABLE,RETRIEVABLE,RETRIEVABLE
7326283661580553514,A,W-article,2024-01-20T20:42:20Z,2.5561,2-3y,2-3y,2-3y,2-3y,2-3y,2-3y,RETRIEVABLE,RETRIEVABLE,RETRIEVABLE,RETRIEVABLE,RETRIEVABLE,RETRIEVABLE
7326765620110871816,A,W-article,2024-01-22T03:52:35Z,2.5525,2-3y,2-3y,2-3y,2-3y,2-3y,2-3y,RETRIEVABLE,RETRIEVABLE,RETRIEVABLE,RETRIEVABLE,RETRIEVABLE,RETRIEVABLE
7327060362426109226,A,W-article,2024-01-22T22:56:20Z,2.5504,2-3y,2-3y,2-3y,2-3y,2-3y,2-3y,NOT-RETRIEVABLE,NOT-RETRIEVABLE,NOT-RETRIEVABLE,NOT-RETRIEVABLE,NOT-RETRIEVABLE,NOT-RETRIEVABLE
7327061748211805467,A,W-article,2024-01-22T23:01:42Z,2.5504,2-3y,2-3y,2-3y,2-3y,2-3y,2-3y,NOT-RETRIEVABLE,NOT-RETRIEVABLE,NOT-RETRIEVABLE,NOT-RETRIEVABLE,NOT-RETRIEVABLE,NOT-RETRIEVABLE
7327436420719660294,A,W-article,2024-01-23T23:15:38Z,2.5476,2-3y,2-3y,2-3y,2-3y,2-3y,2-3y,RETRIEVABLE,RETRIEVABLE,RETRIEVABLE,RETRIEVABLE,RETRIEVABLE,RETRIEVABLE
7327725184549424427,A,W-article,2024-01-24T17:56:11Z,2.5455,2-3y,2-3y,2-3y,2-3y,2-3y,2-3y,RETRIEVABLE,RETRIEVABLE,RETRIEVABLE,RETRIEVABLE,RETRIEVABLE,RETRIEVABLE
7328111684747414817,A,W-article,2024-01-25T18:56:00Z,2.5426,2-3y,2-3y,2-3y,2-3y,2-3y,2-3y,RETRIEVABLE,RETRIEVABLE,RETRIEVABLE,RETRIEVABLE,RETRIEVABLE,RETRIEVABLE
7328442434898103585,A,W-article,2024-01-26T16:19:29Z,2.5402,2-3y,2-3y,2-3y,2-3y,2-3y,2-3y,RETRIEVABLE,RETRIEVABLE,RETRIEVABLE,RETRIEVABLE,RETRIEVABLE,RETRIEVABLE
7328806870100020523,A,W-article,2024-01-27T15:53:40Z,2.5375,2-3y,2-3y,2-3y,2-3y,2-3y,2-3y,RETRIEVABLE,RETRIEVABLE,RETRIEVABLE,RETRIEVABLE,RETRIEVABLE,RETRIEVABLE
7329118749116747026,A,W-article,2024-01-28T12:03:55Z,2.5352,2-3y,2-3y,2-3y,2-3y,2-3y,2-3y,RETRIEVABLE,RETRIEVABLE,RETRIEVABLE,RETRIEVABLE,RETRIEVABLE,RETRIEVABLE
7329140214398487809,A,W-article,2024-01-28T13:27:13Z,2.5350,2-3y,2-3y,2-3y,2-3y,2-3y,2-3y,RETRIEVABLE,RETRIEVABLE,RETRIEVABLE,RETRIEVABLE,RETRIEVABLE,RETRIEVABLE
7329243567174503682,A,W-article,2024-01-28T20:08:17Z,2.5343,2-3y,2-3y,2-3y,2-3y,2-3y,2-3y,RETRIEVABLE,RETRIEVABLE,RETRIEVABLE,INDETERMINATE,RETRIEVABLE,RETRIEVABLE
7329252184179199274,A,W-article,2024-01-28T20:41:43Z,2.5342,2-3y,2-3y,2-3y,2-3y,2-3y,2-3y,NOT-RETRIEVABLE,NOT-RETRIEVABLE,NOT-RETRIEVABLE,NOT-RETRIEVABLE,NOT-RETRIEVABLE,NOT-RETRIEVABLE
7329474290024287521,A,W-article,2024-01-29T11:03:36Z,2.5326,2-3y,2-3y,2-3y,2-3y,2-3y,2-3y,RETRIEVABLE,RETRIEVABLE,RETRIEVABLE,RETRIEVABLE,RETRIEVABLE,RETRIEVABLE
7330187505154657568,A,W-article,2024-01-31T09:11:14Z,2.5273,2-3y,2-3y,2-3y,2-3y,2-3y,2-3y,RETRIEVABLE,RETRIEVABLE,RETRIEVABLE,RETRIEVABLE,RETRIEVABLE,RETRIEVABLE
7330263776140217632,A,W-article,2024-01-31T14:07:13Z,2.5267,2-3y,2-3y,2-3y,2-3y,2-3y,2-3y,RETRIEVABLE,RETRIEVABLE,RETRIEVABLE,RETRIEVABLE,RETRIEVABLE,RETRIEVABLE
7330377312011029765,A,W-article,2024-01-31T21:27:47Z,2.5259,2-3y,2-3y,2-3y,2-3y,2-3y,2-3y,RETRIEVABLE,RETRIEVABLE,RETRIEVABLE,RETRIEVABLE,RETRIEVABLE,RETRIEVABLE
7331084617165868293,A,W-article,2024-02-02T19:12:30Z,2.5207,2-3y,2-3y,2-3y,2-3y,2-3y,2-3y,RETRIEVABLE,RETRIEVABLE,RETRIEVABLE,RETRIEVABLE,RETRIEVABLE,RETRIEVABLE
7331636156863499526,A,W-article,2024-02-04T06:52:45Z,2.5166,2-3y,2-3y,2-3y,2-3y,2-3y,2-3y,NOT-RETRIEVABLE,NOT-RETRIEVABLE,NOT-RETRIEVABLE,NOT-RETRIEVABLE,NOT-RETRIEVABLE,NOT-RETRIEVABLE
7331769353261665542,A,W-article,2024-02-04T15:29:37Z,2.5156,2-3y,2-3y,2-3y,2-3y,2-3y,2-3y,RETRIEVABLE,RETRIEVABLE,RETRIEVABLE,RETRIEVABLE,RETRIEVABLE,RETRIEVABLE
7332198113978993963,A,W-article,2024-02-05T19:13:26Z,2.5125,2-3y,2-3y,2-3y,2-3y,2-3y,2-3y,RETRIEVABLE,RETRIEVABLE,INDETERMINATE,RETRIEVABLE,RETRIEVABLE,RETRIEVABLE
7332563131740261674,A,W-article,2024-02-06T18:49:53Z,2.5098,2-3y,2-3y,2-3y,2-3y,2-3y,2-3y,RETRIEVABLE,RETRIEVABLE,RETRIEVABLE,RETRIEVABLE,RETRIEVABLE,RETRIEVABLE
7332778139023592712,A,W-article,2024-02-07T08:44:13Z,2.5082,2-3y,2-3y,2-3y,2-3y,2-3y,2-3y,NOT-RETRIEVABLE,NOT-RETRIEVABLE,NOT-RETRIEVABLE,NOT-RETRIEVABLE,NOT-RETRIEVABLE,NOT-RETRIEVABLE
7333031713385368833,A,W-article,2024-02-08T01:08:13Z,2.5063,2-3y,2-3y,2-3y,2-3y,2-3y,2-3y,RETRIEVABLE,RETRIEVABLE,RETRIEVABLE,RETRIEVABLE,RETRIEVABLE,RETRIEVABLE
7333378921557216514,A,W-article,2024-02-08T23:35:34Z,2.5037,2-3y,2-3y,2-3y,2-3y,2-3y,2-3y,RETRIEVABLE,RETRIEVABLE,RETRIEVABLE,RETRIEVABLE,RETRIEVABLE,RETRIEVABLE
7333976480508022049,A,W-article,2024-02-10T14:14:24Z,2.4993,2-3y,2-3y,2-3y,2-3y,2-3y,2-3y,RETRIEVABLE,RETRIEVABLE,RETRIEVABLE,RETRIEVABLE,RETRIEVABLE,RETRIEVABLE
7334060906428632366,A,W-article,2024-02-10T19:42:01Z,2.4987,2-3y,2-3y,2-3y,2-3y,2-3y,2-3y,RETRIEVABLE,RETRIEVABLE,RETRIEVABLE,RETRIEVABLE,RETRIEVABLE,RETRIEVABLE
7335046248950418720,A,W-article,2024-02-13T11:25:39Z,2.4914,2-3y,2-3y,2-3y,2-3y,2-3y,2-3y,RETRIEVABLE,RETRIEVABLE,RETRIEVABLE,RETRIEVABLE,RETRIEVABLE,RETRIEVABLE
7335054756143975712,A,W-article,2024-02-13T11:58:40Z,2.4914,2-3y,2-3y,2-3y,2-3y,2-3y,2-3y,RETRIEVABLE,RETRIEVABLE,RETRIEVABLE,RETRIEVABLE,RETRIEVABLE,RETRIEVABLE
7335132665852513567,A,W-article,2024-02-13T17:00:59Z,2.4908,2-3y,2-3y,2-3y,2-3y,2-3y,2-3y,INDETERMINATE,RETRIEVABLE,RETRIEVABLE,RETRIEVABLE,RETRIEVABLE,RETRIEVABLE
7335414568425983240,A,W-article,2024-02-14T11:14:55Z,2.4887,2-3y,2-3y,2-3y,2-3y,2-3y,2-3y,RETRIEVABLE,RETRIEVABLE,RETRIEVABLE,RETRIEVABLE,RETRIEVABLE,RETRIEVABLE
7335886324454411526,A,W-article,2024-02-15T17:45:34Z,2.4852,2-3y,2-3y,2-3y,2-3y,2-3y,2-3y,RETRIEVABLE,RETRIEVABLE,RETRIEVABLE,RETRIEVABLE,RETRIEVABLE,RETRIEVABLE
7336262509743115538,A,W-article,2024-02-16T18:05:22Z,2.4825,2-3y,2-3y,2-3y,2-3y,2-3y,2-3y,RETRIEVABLE,RETRIEVABLE,RETRIEVABLE,RETRIEVABLE,RETRIEVABLE,RETRIEVABLE
7338265548268195074,A,W-article,2024-02-22T03:38:10Z,2.4677,2-3y,2-3y,2-3y,2-3y,2-3y,2-3y,RETRIEVABLE,RETRIEVABLE,RETRIEVABLE,RETRIEVABLE,RETRIEVABLE,RETRIEVABLE
7338406834379738375,A,W-article,2024-02-22T12:46:26Z,2.4666,2-3y,2-3y,2-3y,2-3y,2-3y,2-3y,NOT-RETRIEVABLE,NOT-RETRIEVABLE,NOT-RETRIEVABLE,NOT-RETRIEVABLE,NOT-RETRIEVABLE,NOT-RETRIEVABLE
7338472212275432750,A,W-article,2024-02-22T17:00:08Z,2.4662,2-3y,2-3y,2-3y,2-3y,2-3y,2-3y,RETRIEVABLE,RETRIEVABLE,RETRIEVABLE,RETRIEVABLE,RETRIEVABLE,RETRIEVABLE
7338587061143768362,A,W-article,2024-02-23T00:25:48Z,2.4653,2-3y,2-3y,2-3y,2-3y,2-3y,2-3y,RETRIEVABLE,RETRIEVABLE,RETRIEVABLE,RETRIEVABLE,RETRIEVABLE,RETRIEVABLE
7338857952427674912,A,W-article,2024-02-23T17:57:00Z,2.4633,2-3y,2-3y,2-3y,2-3y,2-3y,2-3y,RETRIEVABLE,RETRIEVABLE,RETRIEVABLE,RETRIEVABLE,RETRIEVABLE,RETRIEVABLE
7338909301576060193,A,W-article,2024-02-23T21:16:16Z,2.4629,2-3y,2-3y,2-3y,2-3y,2-3y,2-3y,RETRIEVABLE,RETRIEVABLE,RETRIEVABLE,RETRIEVABLE,RETRIEVABLE,RETRIEVABLE
7339580778508078378,A,W-article,2024-02-25T16:41:56Z,2.4580,2-3y,2-3y,2-3y,2-3y,2-3y,2-3y,RETRIEVABLE,RETRIEVABLE,RETRIEVABLE,RETRIEVABLE,RETRIEVABLE,RETRIEVABLE
7339940856905993504,A,W-article,2024-02-26T15:59:14Z,2.4553,2-3y,2-3y,2-3y,2-3y,2-3y,2-3y,RETRIEVABLE,RETRIEVABLE,RETRIEVABLE,RETRIEVABLE,RETRIEVABLE,RETRIEVABLE
7340023979954015530,A,W-article,2024-02-26T21:21:47Z,2.4547,2-3y,2-3y,2-3y,2-3y,2-3y,2-3y,RETRIEVABLE,RETRIEVABLE,RETRIEVABLE,RETRIEVABLE,RETRIEVABLE,RETRIEVABLE
7340203518369844487,A,W-article,2024-02-27T08:58:29Z,2.4534,2-3y,2-3y,2-3y,2-3y,2-3y,2-3y,RETRIEVABLE,RETRIEVABLE,RETRIEVABLE,RETRIEVABLE,RETRIEVABLE,RETRIEVABLE
7340285573384473861,A,W-article,2024-02-27T14:16:54Z,2.4528,2-3y,2-3y,2-3y,2-3y,2-3y,2-3y,RETRIEVABLE,RETRIEVABLE,RETRIEVABLE,RETRIEVABLE,RETRIEVABLE,RETRIEVABLE
7340756604578483488,A,W-article,2024-02-28T20:44:45Z,2.4493,2-3y,2-3y,2-3y,2-3y,2-3y,2-3y,RETRIEVABLE,RETRIEVABLE,RETRIEVABLE,RETRIEVABLE,RETRIEVABLE,RETRIEVABLE
7341388293390486791,A,W-article,2024-03-01T13:36:01Z,2.4446,2-3y,2-3y,2-3y,2-3y,2-3y,2-3y,RETRIEVABLE,RETRIEVABLE,RETRIEVABLE,RETRIEVABLE,RETRIEVABLE,RETRIEVABLE
7342513969371893025,A,W-article,2024-03-04T14:24:13Z,2.4363,2-3y,2-3y,2-3y,2-3y,2-3y,2-3y,NOT-RETRIEVABLE,NOT-RETRIEVABLE,NOT-RETRIEVABLE,NOT-RETRIEVABLE,NOT-RETRIEVABLE,NOT-RETRIEVABLE
7342620494098599210,A,W-article,2024-03-04T21:17:35Z,2.4356,2-3y,2-3y,2-3y,2-3y,2-3y,2-3y,RETRIEVABLE,RETRIEVABLE,RETRIEVABLE,RETRIEVABLE,RETRIEVABLE,RETRIEVABLE
7342650412849270059,A,W-article,2024-03-04T23:13:41Z,2.4353,2-3y,2-3y,2-3y,2-3y,2-3y,2-3y,RETRIEVABLE,RETRIEVABLE,RETRIEVABLE,RETRIEVABLE,RETRIEVABLE,RETRIEVABLE
7342940103167266091,A,W-article,2024-03-05T17:57:50Z,2.4332,2-3y,2-3y,2-3y,2-3y,2-3y,2-3y,NOT-RETRIEVABLE,NOT-RETRIEVABLE,NOT-RETRIEVABLE,NOT-RETRIEVABLE,NOT-RETRIEVABLE,NOT-RETRIEVABLE
7343423351785917702,A,W-article,2024-03-07T01:13:05Z,2.4296,2-3y,2-3y,2-3y,2-3y,2-3y,2-3y,RETRIEVABLE,RETRIEVABLE,INDETERMINATE,RETRIEVABLE,RETRIEVABLE,RETRIEVABLE
7343559587896872199,A,W-article,2024-03-07T10:01:45Z,2.4286,2-3y,2-3y,2-3y,2-3y,2-3y,2-3y,RETRIEVABLE,RETRIEVABLE,RETRIEVABLE,RETRIEVABLE,RETRIEVABLE,RETRIEVABLE
7343805349381557547,A,W-article,2024-03-08T01:55:26Z,2.4268,2-3y,2-3y,2-3y,2-3y,2-3y,2-3y,RETRIEVABLE,RETRIEVABLE,RETRIEVABLE,RETRIEVABLE,RETRIEVABLE,RETRIEVABLE
7343814481404841249,A,W-article,2024-03-08T02:30:52Z,2.4267,2-3y,2-3y,2-3y,2-3y,2-3y,2-3y,RETRIEVABLE,RETRIEVABLE,RETRIEVABLE,RETRIEVABLE,RETRIEVABLE,RETRIEVABLE
7345269077356662046,A,W-article,2024-03-12T00:35:27Z,2.4160,2-3y,2-3y,2-3y,2-3y,2-3y,2-3y,RETRIEVABLE,RETRIEVABLE,RETRIEVABLE,RETRIEVABLE,RETRIEVABLE,RETRIEVABLE
7345367140553198854,A,W-article,2024-03-12T06:55:59Z,2.4153,2-3y,2-3y,2-3y,2-3y,2-3y,2-3y,RETRIEVABLE,RETRIEVABLE,RETRIEVABLE,RETRIEVABLE,RETRIEVABLE,RETRIEVABLE
7345404002902756615,A,W-article,2024-03-12T09:19:01Z,2.4150,2-3y,2-3y,2-3y,2-3y,2-3y,2-3y,RETRIEVABLE,RETRIEVABLE,RETRIEVABLE,RETRIEVABLE,RETRIEVABLE,RETRIEVABLE
7345754422884027666,A,W-article,2024-03-13T07:58:50Z,2.4124,2-3y,2-3y,2-3y,2-3y,2-3y,2-3y,RETRIEVABLE,RETRIEVABLE,RETRIEVABLE,RETRIEVABLE,RETRIEVABLE,RETRIEVABLE
7346019278220578055,A,W-article,2024-03-14T01:06:36Z,2.4105,2-3y,2-3y,2-3y,2-3y,2-3y,2-3y,RETRIEVABLE,RETRIEVABLE,RETRIEVABLE,RETRIEVABLE,RETRIEVABLE,RETRIEVABLE
7346605129921088801,A,W-article,2024-03-15T15:00:01Z,2.4062,2-3y,2-3y,2-3y,2-3y,2-3y,2-3y,RETRIEVABLE,RETRIEVABLE,RETRIEVABLE,RETRIEVABLE,RETRIEVABLE,RETRIEVABLE
7346653928890715397,A,W-article,2024-03-15T18:09:22Z,2.4058,2-3y,2-3y,2-3y,2-3y,2-3y,2-3y,RETRIEVABLE,RETRIEVABLE,RETRIEVABLE,RETRIEVABLE,RETRIEVABLE,RETRIEVABLE
7346785609861614880,A,W-article,2024-03-16T02:40:22Z,2.4048,2-3y,2-3y,2-3y,2-3y,2-3y,2-3y,RETRIEVABLE,RETRIEVABLE,RETRIEVABLE,RETRIEVABLE,RETRIEVABLE,RETRIEVABLE
7347030816188304673,A,W-article,2024-03-16T18:31:53Z,2.4030,2-3y,2-3y,2-3y,2-3y,2-3y,2-3y,RETRIEVABLE,RETRIEVABLE,RETRIEVABLE,RETRIEVABLE,RETRIEVABLE,RETRIEVABLE
7347206538446114049,A,W-article,2024-03-17T05:53:47Z,2.4017,2-3y,2-3y,2-3y,2-3y,2-3y,2-3y,RETRIEVABLE,RETRIEVABLE,RETRIEVABLE,RETRIEVABLE,RETRIEVABLE,RETRIEVABLE
7347483926337785130,A,W-article,2024-03-17T23:50:11Z,2.3997,2-3y,2-3y,2-3y,2-3y,2-3y,2-3y,NOT-RETRIEVABLE,NOT-RETRIEVABLE,NOT-RETRIEVABLE,NOT-RETRIEVABLE,NOT-RETRIEVABLE,NOT-RETRIEVABLE
7347612586248080641,A,W-article,2024-03-18T08:09:27Z,2.3987,2-3y,2-3y,2-3y,2-3y,2-3y,2-3y,RETRIEVABLE,RETRIEVABLE,RETRIEVABLE,RETRIEVABLE,RETRIEVABLE,RETRIEVABLE
7347615123860753666,A,W-article,2024-03-18T08:19:18Z,2.3987,2-3y,2-3y,2-3y,2-3y,2-3y,2-3y,RETRIEVABLE,RETRIEVABLE,RETRIEVABLE,RETRIEVABLE,RETRIEVABLE,RETRIEVABLE
7347616937892924674,A,W-article,2024-03-18T08:26:20Z,2.3987,2-3y,2-3y,2-3y,2-3y,2-3y,2-3y,RETRIEVABLE,RETRIEVABLE,RETRIEVABLE,RETRIEVABLE,RETRIEVABLE,RETRIEVABLE
7347657546670411026,A,W-article,2024-03-18T11:03:55Z,2.3984,2-3y,2-3y,2-3y,2-3y,2-3y,2-3y,RETRIEVABLE,RETRIEVABLE,RETRIEVABLE,RETRIEVABLE,RETRIEVABLE,RETRIEVABLE
7348031680575278354,A,W-article,2024-03-19T11:15:45Z,2.3956,2-3y,2-3y,2-3y,2-3y,2-3y,2-3y,RETRIEVABLE,RETRIEVABLE,RETRIEVABLE,RETRIEVABLE,RETRIEVABLE,RETRIEVABLE
7348100501977828640,A,W-article,2024-03-19T15:42:49Z,2.3951,2-3y,2-3y,2-3y,2-3y,2-3y,2-3y,RETRIEVABLE,RETRIEVABLE,RETRIEVABLE,RETRIEVABLE,RETRIEVABLE,INDETERMINATE
7348141854451371296,A,W-article,2024-03-19T18:23:17Z,2.3948,2-3y,2-3y,2-3y,2-3y,2-3y,2-3y,RETRIEVABLE,RETRIEVABLE,RETRIEVABLE,RETRIEVABLE,RETRIEVABLE,RETRIEVABLE
7348395513126964498,A,W-article,2024-03-20T10:47:37Z,2.3930,2-3y,2-3y,2-3y,2-3y,2-3y,2-3y,RETRIEVABLE,RETRIEVABLE,RETRIEVABLE,RETRIEVABLE,RETRIEVABLE,RETRIEVABLE
7348472546116816134,A,W-article,2024-03-20T15:46:32Z,2.3924,2-3y,2-3y,2-3y,2-3y,2-3y,2-3y,RETRIEVABLE,RETRIEVABLE,RETRIEVABLE,RETRIEVABLE,RETRIEVABLE,RETRIEVABLE
7348700155958349076,A,W-article,2024-03-21T06:29:47Z,2.3907,2-3y,2-3y,2-3y,2-3y,2-3y,2-3y,RETRIEVABLE,RETRIEVABLE,RETRIEVABLE,RETRIEVABLE,RETRIEVABLE,RETRIEVABLE
7348751165477129480,A,W-article,2024-03-21T09:47:43Z,2.3903,2-3y,2-3y,2-3y,2-3y,2-3y,2-3y,RETRIEVABLE,RETRIEVABLE,RETRIEVABLE,RETRIEVABLE,RETRIEVABLE,RETRIEVABLE
7349334444878105886,A,W-article,2024-03-22T23:31:09Z,2.3860,2-3y,2-3y,2-3y,2-3y,2-3y,2-3y,RETRIEVABLE,RETRIEVABLE,RETRIEVABLE,RETRIEVABLE,RETRIEVABLE,RETRIEVABLE
7349729355372760363,A,W-article,2024-03-24T01:03:36Z,2.3831,2-3y,2-3y,2-3y,2-3y,2-3y,2-3y,RETRIEVABLE,RETRIEVABLE,RETRIEVABLE,RETRIEVABLE,RETRIEVABLE,RETRIEVABLE
7349904401902963973,A,W-article,2024-03-24T12:22:52Z,2.3818,2-3y,2-3y,2-3y,2-3y,2-3y,2-3y,RETRIEVABLE,RETRIEVABLE,RETRIEVABLE,RETRIEVABLE,RETRIEVABLE,RETRIEVABLE
7349990235628965162,A,W-article,2024-03-24T17:55:57Z,2.3812,2-3y,2-3y,2-3y,2-3y,2-3y,2-3y,RETRIEVABLE,RETRIEVABLE,RETRIEVABLE,RETRIEVABLE,RETRIEVABLE,RETRIEVABLE
7351175762059316512,A,W-article,2024-03-27T22:36:24Z,2.3724,2-3y,2-3y,2-3y,2-3y,2-3y,2-3y,RETRIEVABLE,RETRIEVABLE,RETRIEVABLE,RETRIEVABLE,RETRIEVABLE,RETRIEVABLE
7352130557045673222,A,W-article,2024-03-30T12:21:29Z,2.3654,2-3y,2-3y,2-3y,2-3y,2-3y,2-3y,RETRIEVABLE,RETRIEVABLE,RETRIEVABLE,RETRIEVABLE,RETRIEVABLE,RETRIEVABLE
7352352579717844232,A,W-article,2024-03-31T02:43:03Z,2.3638,2-3y,2-3y,2-3y,2-3y,2-3y,2-3y,RETRIEVABLE,RETRIEVABLE,RETRIEVABLE,RETRIEVABLE,RETRIEVABLE,RETRIEVABLE
7353843468977933576,A,W-article,2024-04-04T03:08:28Z,2.3528,2-3y,2-3y,2-3y,2-3y,2-3y,2-3y,RETRIEVABLE,RETRIEVABLE,RETRIEVABLE,RETRIEVABLE,RETRIEVABLE,RETRIEVABLE
7353997154458946821,A,W-article,2024-04-04T13:04:50Z,2.3516,2-3y,2-3y,2-3y,2-3y,2-3y,2-3y,RETRIEVABLE,RETRIEVABLE,RETRIEVABLE,RETRIEVABLE,RETRIEVABLE,RETRIEVABLE
7354047978987965729,A,W-article,2024-04-04T16:22:04Z,2.3512,2-3y,2-3y,2-3y,2-3y,2-3y,2-3y,RETRIEVABLE,RETRIEVABLE,RETRIEVABLE,RETRIEVABLE,RETRIEVABLE,RETRIEVABLE
7354089566174842118,A,W-article,2024-04-04T19:03:27Z,2.3509,2-3y,2-3y,2-3y,2-3y,2-3y,2-3y,RETRIEVABLE,RETRIEVABLE,RETRIEVABLE,RETRIEVABLE,RETRIEVABLE,RETRIEVABLE
7354425615166049569,A,W-article,2024-04-05T16:47:29Z,2.3485,2-3y,2-3y,2-3y,2-3y,2-3y,2-3y,RETRIEVABLE,RETRIEVABLE,RETRIEVABLE,RETRIEVABLE,RETRIEVABLE,RETRIEVABLE
7354524284066237738,A,W-article,2024-04-05T23:10:22Z,2.3477,2-3y,2-3y,2-3y,2-3y,2-3y,2-3y,NOT-RETRIEVABLE,NOT-RETRIEVABLE,NOT-RETRIEVABLE,NOT-RETRIEVABLE,NOT-RETRIEVABLE,NOT-RETRIEVABLE
7354604780402134277,A,W-article,2024-04-06T04:22:44Z,2.3471,2-3y,2-3y,2-3y,2-3y,2-3y,2-3y,RETRIEVABLE,RETRIEVABLE,RETRIEVABLE,RETRIEVABLE,RETRIEVABLE,RETRIEVABLE
7354951275332504863,A,W-article,2024-04-07T02:47:19Z,2.3446,2-3y,2-3y,2-3y,2-3y,2-3y,2-3y,RETRIEVABLE,RETRIEVABLE,RETRIEVABLE,RETRIEVABLE,RETRIEVABLE,RETRIEVABLE
7355047543677422854,A,W-article,2024-04-07T09:00:53Z,2.3439,2-3y,2-3y,2-3y,2-3y,2-3y,2-3y,NOT-RETRIEVABLE,NOT-RETRIEVABLE,NOT-RETRIEVABLE,NOT-RETRIEVABLE,NOT-RETRIEVABLE,NOT-RETRIEVABLE
7355057077229833488,A,W-article,2024-04-07T09:37:53Z,2.3438,2-3y,2-3y,2-3y,2-3y,2-3y,2-3y,RETRIEVABLE,RETRIEVABLE,RETRIEVABLE,RETRIEVABLE,RETRIEVABLE,RETRIEVABLE
7355361591707143441,A,W-article,2024-04-08T05:19:33Z,2.3416,2-3y,2-3y,2-3y,2-3y,2-3y,2-3y,RETRIEVABLE,RETRIEVABLE,RETRIEVABLE,RETRIEVABLE,RETRIEVABLE,RETRIEVABLE
7355366536560807185,A,W-article,2024-04-08T05:38:45Z,2.3415,2-3y,2-3y,2-3y,2-3y,2-3y,2-3y,RETRIEVABLE,RETRIEVABLE,RETRIEVABLE,RETRIEVABLE,RETRIEVABLE,RETRIEVABLE
7355371237045980432,A,W-article,2024-04-08T05:56:59Z,2.3415,2-3y,2-3y,2-3y,2-3y,2-3y,2-3y,RETRIEVABLE,RETRIEVABLE,RETRIEVABLE,RETRIEVABLE,RETRIEVABLE,RETRIEVABLE
7355731107150679302,A,W-article,2024-04-09T05:13:28Z,2.3388,2-3y,2-3y,2-3y,2-3y,2-3y,2-3y,NOT-RETRIEVABLE,NOT-RETRIEVABLE,NOT-RETRIEVABLE,NOT-RETRIEVABLE,NOT-RETRIEVABLE,NOT-RETRIEVABLE
7355956525950618912,A,W-article,2024-04-09T19:48:12Z,2.3372,2-3y,2-3y,2-3y,2-3y,2-3y,2-3y,RETRIEVABLE,RETRIEVABLE,RETRIEVABLE,RETRIEVABLE,RETRIEVABLE,RETRIEVABLE
7356378053590781226,A,W-article,2024-04-10T23:03:57Z,2.3341,2-3y,2-3y,2-3y,2-3y,2-3y,2-3y,RETRIEVABLE,RETRIEVABLE,RETRIEVABLE,RETRIEVABLE,RETRIEVABLE,RETRIEVABLE
7356635862391655713,A,W-article,2024-04-11T15:44:22Z,2.3322,2-3y,2-3y,2-3y,2-3y,2-3y,2-3y,RETRIEVABLE,RETRIEVABLE,INDETERMINATE,RETRIEVABLE,RETRIEVABLE,RETRIEVABLE
7357047126645345553,A,W-article,2024-04-12T18:20:17Z,2.3291,2-3y,2-3y,2-3y,2-3y,2-3y,2-3y,RETRIEVABLE,RETRIEVABLE,RETRIEVABLE,RETRIEVABLE,RETRIEVABLE,RETRIEVABLE
7357899796847283487,A,W-article,2024-04-15T01:29:05Z,2.3228,2-3y,2-3y,2-3y,2-3y,2-3y,2-3y,RETRIEVABLE,RETRIEVABLE,RETRIEVABLE,RETRIEVABLE,RETRIEVABLE,RETRIEVABLE
7358000316026998033,A,W-article,2024-04-15T07:59:09Z,2.3221,2-3y,2-3y,2-3y,2-3y,2-3y,2-3y,RETRIEVABLE,RETRIEVABLE,RETRIEVABLE,RETRIEVABLE,RETRIEVABLE,RETRIEVABLE
7358136458282159377,A,W-article,2024-04-15T16:47:27Z,2.3211,2-3y,2-3y,2-3y,2-3y,2-3y,2-3y,RETRIEVABLE,RETRIEVABLE,RETRIEVABLE,RETRIEVABLE,INDETERMINATE,RETRIEVABLE
7358797911200730375,A,W-article,2024-04-17T11:34:14Z,2.3162,2-3y,2-3y,2-3y,2-3y,2-3y,2-3y,RETRIEVABLE,RETRIEVABLE,RETRIEVABLE,RETRIEVABLE,RETRIEVABLE,RETRIEVABLE
7359145681266724112,A,W-article,2024-04-18T10:03:45Z,2.3136,2-3y,2-3y,2-3y,2-3y,2-3y,2-3y,RETRIEVABLE,RETRIEVABLE,RETRIEVABLE,RETRIEVABLE,RETRIEVABLE,RETRIEVABLE
7360387187826855210,A,W-article,2024-04-21T18:21:26Z,2.3045,2-3y,2-3y,2-3y,2-3y,2-3y,2-3y,RETRIEVABLE,RETRIEVABLE,RETRIEVABLE,RETRIEVABLE,RETRIEVABLE,RETRIEVABLE
7360393885484338465,A,W-article,2024-04-21T18:47:25Z,2.3044,2-3y,2-3y,2-3y,2-3y,2-3y,2-3y,RETRIEVABLE,RETRIEVABLE,RETRIEVABLE,RETRIEVABLE,RETRIEVABLE,RETRIEVABLE
7360585980333624593,A,W-article,2024-04-22T07:12:51Z,2.3030,2-3y,2-3y,2-3y,2-3y,2-3y,2-3y,RETRIEVABLE,RETRIEVABLE,RETRIEVABLE,RETRIEVABLE,RETRIEVABLE,RETRIEVABLE
7360588792555736336,A,W-article,2024-04-22T07:23:46Z,2.3030,2-3y,2-3y,2-3y,2-3y,2-3y,2-3y,RETRIEVABLE,RETRIEVABLE,RETRIEVABLE,RETRIEVABLE,RETRIEVABLE,RETRIEVABLE
7360590408365214977,A,W-article,2024-04-22T07:30:02Z,2.3030,2-3y,2-3y,2-3y,2-3y,2-3y,2-3y,RETRIEVABLE,RETRIEVABLE,RETRIEVABLE,RETRIEVABLE,RETRIEVABLE,RETRIEVABLE
7360660825725619489,A,W-article,2024-04-22T12:03:17Z,2.3025,2-3y,2-3y,2-3y,2-3y,2-3y,2-3y,RETRIEVABLE,RETRIEVABLE,RETRIEVABLE,RETRIEVABLE,RETRIEVABLE,RETRIEVABLE
7360719809107086634,A,W-article,2024-04-22T15:52:10Z,2.3020,2-3y,2-3y,2-3y,2-3y,2-3y,2-3y,RETRIEVABLE,RETRIEVABLE,RETRIEVABLE,RETRIEVABLE,RETRIEVABLE,RETRIEVABLE
7360727867824622856,A,W-article,2024-04-22T16:23:27Z,2.3020,2-3y,2-3y,2-3y,2-3y,2-3y,2-3y,RETRIEVABLE,RETRIEVABLE,RETRIEVABLE,RETRIEVABLE,RETRIEVABLE,RETRIEVABLE
7361666987258285319,A,W-article,2024-04-25T05:07:43Z,2.2950,2-3y,2-3y,2-3y,2-3y,2-3y,2-3y,NOT-RETRIEVABLE,NOT-RETRIEVABLE,NOT-RETRIEVABLE,NOT-RETRIEVABLE,NOT-RETRIEVABLE,NOT-RETRIEVABLE
7361856867385216302,A,W-article,2024-04-25T17:24:32Z,2.2936,2-3y,2-3y,2-3y,2-3y,2-3y,2-3y,RETRIEVABLE,RETRIEVABLE,RETRIEVABLE,RETRIEVABLE,RETRIEVABLE,RETRIEVABLE
7361922595966553376,A,W-article,2024-04-25T21:39:36Z,2.2931,2-3y,2-3y,2-3y,2-3y,2-3y,2-3y,RETRIEVABLE,RETRIEVABLE,RETRIEVABLE,RETRIEVABLE,RETRIEVABLE,RETRIEVABLE
7362480248996334856,A,W-article,2024-04-27T09:43:35Z,2.2890,2-3y,2-3y,2-3y,2-3y,2-3y,2-3y,RETRIEVABLE,RETRIEVABLE,RETRIEVABLE,RETRIEVABLE,RETRIEVABLE,RETRIEVABLE
7362623365657398536,A,W-article,2024-04-27T18:58:57Z,2.2880,2-3y,2-3y,2-3y,2-3y,2-3y,2-3y,RETRIEVABLE,RETRIEVABLE,RETRIEVABLE,RETRIEVABLE,RETRIEVABLE,RETRIEVABLE
7363089667547237678,A,W-article,2024-04-29T01:08:26Z,2.2845,2-3y,2-3y,2-3y,2-3y,2-3y,2-3y,RETRIEVABLE,RETRIEVABLE,RETRIEVABLE,RETRIEVABLE,RETRIEVABLE,RETRIEVABLE
7363313215113006353,A,W-article,2024-04-29T15:35:55Z,2.2829,2-3y,2-3y,2-3y,2-3y,2-3y,2-3y,RETRIEVABLE,RETRIEVABLE,RETRIEVABLE,RETRIEVABLE,RETRIEVABLE,RETRIEVABLE
7363587887230684448,A,W-article,2024-04-30T09:21:47Z,2.2809,2-3y,2-3y,2-3y,2-3y,2-3y,2-3y,NOT-RETRIEVABLE,NOT-RETRIEVABLE,NOT-RETRIEVABLE,NOT-RETRIEVABLE,NOT-RETRIEVABLE,NOT-RETRIEVABLE
7363869041045392645,A,W-article,2024-05-01T03:32:48Z,2.2788,2-3y,2-3y,2-3y,2-3y,2-3y,2-3y,RETRIEVABLE,RETRIEVABLE,RETRIEVABLE,RETRIEVABLE,RETRIEVABLE,RETRIEVABLE
7364058483685117227,A,W-article,2024-05-01T15:47:56Z,2.2774,2-3y,2-3y,2-3y,2-3y,2-3y,2-3y,RETRIEVABLE,RETRIEVABLE,RETRIEVABLE,RETRIEVABLE,RETRIEVABLE,RETRIEVABLE
7364073370792627489,A,W-article,2024-05-01T16:45:42Z,2.2773,2-3y,2-3y,2-3y,2-3y,2-3y,2-3y,RETRIEVABLE,RETRIEVABLE,RETRIEVABLE,RETRIEVABLE,RETRIEVABLE,RETRIEVABLE
7364284138532113671,A,W-article,2024-05-02T06:23:36Z,2.2757,2-3y,2-3y,2-3y,2-3y,2-3y,2-3y,RETRIEVABLE,RETRIEVABLE,RETRIEVABLE,RETRIEVABLE,RETRIEVABLE,RETRIEVABLE
7364696724021054737,A,W-article,2024-05-03T09:04:38Z,2.2727,2-3y,2-3y,2-3y,2-3y,2-3y,2-3y,RETRIEVABLE,RETRIEVABLE,RETRIEVABLE,RETRIEVABLE,RETRIEVABLE,RETRIEVABLE
7364858835405786410,A,W-article,2024-05-03T19:33:43Z,2.2715,2-3y,2-3y,2-3y,2-3y,2-3y,2-3y,RETRIEVABLE,RETRIEVABLE,RETRIEVABLE,RETRIEVABLE,RETRIEVABLE,RETRIEVABLE
7364865432878173483,A,W-article,2024-05-03T19:59:19Z,2.2714,2-3y,2-3y,2-3y,2-3y,2-3y,2-3y,RETRIEVABLE,RETRIEVABLE,RETRIEVABLE,RETRIEVABLE,RETRIEVABLE,RETRIEVABLE
7365180313808456992,A,W-article,2024-05-04T16:21:13Z,2.2691,2-3y,2-3y,2-3y,2-3y,2-3y,2-3y,RETRIEVABLE,RETRIEVABLE,RETRIEVABLE,RETRIEVABLE,RETRIEVABLE,RETRIEVABLE
7365345153323633927,A,W-article,2024-05-05T03:00:52Z,2.2679,2-3y,2-3y,2-3y,2-3y,2-3y,2-3y,RETRIEVABLE,RETRIEVABLE,RETRIEVABLE,RETRIEVABLE,RETRIEVABLE,RETRIEVABLE
7365445541548887303,A,W-article,2024-05-05T09:30:26Z,2.2672,2-3y,2-3y,2-3y,2-3y,2-3y,2-3y,RETRIEVABLE,RETRIEVABLE,RETRIEVABLE,RETRIEVABLE,RETRIEVABLE,RETRIEVABLE
7365716071782812935,A,W-article,2024-05-06T03:00:13Z,2.2652,2-3y,2-3y,2-3y,2-3y,2-3y,2-3y,RETRIEVABLE,RETRIEVABLE,RETRIEVABLE,RETRIEVABLE,RETRIEVABLE,RETRIEVABLE
7365731218584784136,A,W-article,2024-05-06T03:59:00Z,2.2650,2-3y,2-3y,2-3y,2-3y,2-3y,2-3y,RETRIEVABLE,RETRIEVABLE,RETRIEVABLE,RETRIEVABLE,RETRIEVABLE,RETRIEVABLE
7365794258948771104,A,W-article,2024-05-06T08:03:38Z,2.2646,2-3y,2-3y,2-3y,2-3y,2-3y,2-3y,RETRIEVABLE,RETRIEVABLE,RETRIEVABLE,RETRIEVABLE,RETRIEVABLE,RETRIEVABLE
7365826395404111111,A,W-article,2024-05-06T10:08:20Z,2.2643,2-3y,2-3y,2-3y,2-3y,2-3y,2-3y,RETRIEVABLE,RETRIEVABLE,RETRIEVABLE,RETRIEVABLE,RETRIEVABLE,RETRIEVABLE
7366087147247439112,A,W-article,2024-05-07T03:00:11Z,2.2624,2-3y,2-3y,2-3y,2-3y,2-3y,2-3y,RETRIEVABLE,RETRIEVABLE,RETRIEVABLE,RETRIEVABLE,RETRIEVABLE,RETRIEVABLE
7366458206966566152,A,W-article,2024-05-08T03:00:05Z,2.2597,2-3y,2-3y,2-3y,2-3y,2-3y,2-3y,RETRIEVABLE,RETRIEVABLE,RETRIEVABLE,RETRIEVABLE,RETRIEVABLE,RETRIEVABLE
7366529109352008968,A,W-article,2024-05-08T07:35:14Z,2.2592,2-3y,2-3y,2-3y,2-3y,2-3y,2-3y,RETRIEVABLE,RETRIEVABLE,RETRIEVABLE,RETRIEVABLE,RETRIEVABLE,RETRIEVABLE
7366687858981162245,A,W-article,2024-05-08T17:51:15Z,2.2580,2-3y,2-3y,2-3y,2-3y,2-3y,2-3y,RETRIEVABLE,RETRIEVABLE,RETRIEVABLE,RETRIEVABLE,RETRIEVABLE,RETRIEVABLE
7366829362764729608,A,W-article,2024-05-09T03:00:22Z,2.2569,2-3y,2-3y,2-3y,2-3y,2-3y,2-3y,RETRIEVABLE,RETRIEVABLE,RETRIEVABLE,RETRIEVABLE,RETRIEVABLE,RETRIEVABLE
7366922208742051073,A,W-article,2024-05-09T09:00:39Z,2.2563,2-3y,2-3y,2-3y,2-3y,2-3y,2-3y,RETRIEVABLE,RETRIEVABLE,RETRIEVABLE,RETRIEVABLE,RETRIEVABLE,RETRIEVABLE
7367002876708736262,A,W-article,2024-05-09T14:13:41Z,2.2557,2-3y,2-3y,2-3y,2-3y,2-3y,2-3y,RETRIEVABLE,RETRIEVABLE,RETRIEVABLE,RETRIEVABLE,RETRIEVABLE,RETRIEVABLE
7367202341373611282,A,W-article,2024-05-10T03:07:43Z,2.2542,2-3y,2-3y,2-3y,2-3y,2-3y,2-3y,RETRIEVABLE,RETRIEVABLE,RETRIEVABLE,RETRIEVABLE,RETRIEVABLE,RETRIEVABLE
7367286111263067409,A,W-article,2024-05-10T08:32:47Z,2.2536,2-3y,2-3y,2-3y,2-3y,2-3y,2-3y,RETRIEVABLE,RETRIEVABLE,RETRIEVABLE,RETRIEVABLE,RETRIEVABLE,RETRIEVABLE
7367325342027058440,A,W-article,2024-05-10T11:05:01Z,2.2533,2-3y,2-3y,2-3y,2-3y,2-3y,2-3y,RETRIEVABLE,RETRIEVABLE,RETRIEVABLE,RETRIEVABLE,RETRIEVABLE,RETRIEVABLE
7367571694375963924,A,W-article,2024-05-11T03:00:59Z,2.2515,2-3y,2-3y,2-3y,2-3y,2-3y,2-3y,RETRIEVABLE,RETRIEVABLE,RETRIEVABLE,RETRIEVABLE,RETRIEVABLE,RETRIEVABLE
7368225586285694240,A,W-article,2024-05-12T21:18:25Z,2.2466,2-3y,2-3y,2-3y,2-3y,2-3y,2-3y,RETRIEVABLE,RETRIEVABLE,RETRIEVABLE,RETRIEVABLE,RETRIEVABLE,RETRIEVABLE
7368266704020901162,A,W-article,2024-05-12T23:57:59Z,2.2463,2-3y,2-3y,2-3y,2-3y,2-3y,2-3y,RETRIEVABLE,RETRIEVABLE,RETRIEVABLE,RETRIEVABLE,RETRIEVABLE,RETRIEVABLE
7368286797186518315,A,W-article,2024-05-13T01:15:57Z,2.2462,2-3y,2-3y,2-3y,2-3y,2-3y,2-3y,RETRIEVABLE,RETRIEVABLE,RETRIEVABLE,RETRIEVABLE,RETRIEVABLE,RETRIEVABLE
7368324344616979732,A,W-article,2024-05-13T03:41:39Z,2.2459,2-3y,2-3y,2-3y,2-3y,2-3y,2-3y,RETRIEVABLE,RETRIEVABLE,RETRIEVABLE,RETRIEVABLE,RETRIEVABLE,RETRIEVABLE
7368372359985761541,A,W-article,2024-05-13T06:47:59Z,2.2456,2-3y,2-3y,2-3y,2-3y,2-3y,2-3y,RETRIEVABLE,RETRIEVABLE,RETRIEVABLE,RETRIEVABLE,RETRIEVABLE,RETRIEVABLE
7368392825781734662,A,W-article,2024-05-13T08:07:24Z,2.2454,2-3y,2-3y,2-3y,2-3y,2-3y,2-3y,RETRIEVABLE,RETRIEVABLE,RETRIEVABLE,RETRIEVABLE,RETRIEVABLE,RETRIEVABLE
7368525924981132550,A,W-article,2024-05-13T16:43:53Z,2.2444,2-3y,2-3y,2-3y,2-3y,2-3y,2-3y,RETRIEVABLE,RETRIEVABLE,RETRIEVABLE,RETRIEVABLE,RETRIEVABLE,RETRIEVABLE
7369293462295907627,A,W-article,2024-05-15T18:22:20Z,2.2388,2-3y,2-3y,2-3y,2-3y,2-3y,2-3y,RETRIEVABLE,RETRIEVABLE,RETRIEVABLE,RETRIEVABLE,RETRIEVABLE,RETRIEVABLE
7369534451799428385,A,W-article,2024-05-16T09:57:29Z,2.2370,2-3y,2-3y,2-3y,2-3y,2-3y,2-3y,RETRIEVABLE,RETRIEVABLE,RETRIEVABLE,RETRIEVABLE,RETRIEVABLE,RETRIEVABLE
7369587021423119624,A,W-article,2024-05-16T13:21:29Z,2.2366,2-3y,2-3y,2-3y,2-3y,2-3y,2-3y,RETRIEVABLE,RETRIEVABLE,RETRIEVABLE,RETRIEVABLE,RETRIEVABLE,RETRIEVABLE
7369913836100472096,A,W-article,2024-05-17T10:29:42Z,2.2342,2-3y,2-3y,2-3y,2-3y,2-3y,2-3y,RETRIEVABLE,RETRIEVABLE,RETRIEVABLE,RETRIEVABLE,RETRIEVABLE,RETRIEVABLE
7369995678530997536,A,W-article,2024-05-17T15:47:17Z,2.2336,2-3y,2-3y,2-3y,2-3y,2-3y,2-3y,RETRIEVABLE,RETRIEVABLE,RETRIEVABLE,RETRIEVABLE,RETRIEVABLE,RETRIEVABLE
7370113119844142382,A,W-article,2024-05-17T23:23:01Z,2.2327,2-3y,2-3y,2-3y,2-3y,2-3y,2-3y,RETRIEVABLE,RETRIEVABLE,RETRIEVABLE,RETRIEVABLE,RETRIEVABLE,RETRIEVABLE
7370664673764510977,A,W-article,2024-05-19T11:03:20Z,2.2287,2-3y,2-3y,2-3y,2-3y,2-3y,2-3y,RETRIEVABLE,RETRIEVABLE,RETRIEVABLE,RETRIEVABLE,RETRIEVABLE,RETRIEVABLE
7370849003258367264,A,W-article,2024-05-19T22:58:37Z,2.2273,2-3y,2-3y,2-3y,2-3y,2-3y,2-3y,RETRIEVABLE,RETRIEVABLE,RETRIEVABLE,RETRIEVABLE,RETRIEVABLE,RETRIEVABLE
7372684847053016325,A,W-article,2024-05-24T21:42:38Z,2.2137,2-3y,2-3y,2-3y,2-3y,2-3y,2-3y,RETRIEVABLE,RETRIEVABLE,RETRIEVABLE,RETRIEVABLE,RETRIEVABLE,RETRIEVABLE
7373281496045587719,A,W-article,2024-05-26T12:17:56Z,2.2093,2-3y,2-3y,2-3y,2-3y,2-3y,2-3y,RETRIEVABLE,RETRIEVABLE,RETRIEVABLE,RETRIEVABLE,RETRIEVABLE,RETRIEVABLE
7373308994623999249,A,W-article,2024-05-26T14:04:39Z,2.2091,2-3y,2-3y,2-3y,2-3y,2-3y,2-3y,RETRIEVABLE,RETRIEVABLE,RETRIEVABLE,RETRIEVABLE,RETRIEVABLE,RETRIEVABLE
7373851981900909870,A,W-article,2024-05-28T01:11:43Z,2.2051,2-3y,2-3y,2-3y,2-3y,2-3y,2-3y,RETRIEVABLE,RETRIEVABLE,RETRIEVABLE,RETRIEVABLE,RETRIEVABLE,RETRIEVABLE
7374218019473722670,A,W-article,2024-05-29T00:52:07Z,2.2024,2-3y,2-3y,2-3y,2-3y,2-3y,2-3y,RETRIEVABLE,RETRIEVABLE,RETRIEVABLE,RETRIEVABLE,RETRIEVABLE,RETRIEVABLE
7374256023273639214,A,W-article,2024-05-29T03:19:36Z,2.2022,2-3y,2-3y,2-3y,2-3y,2-3y,2-3y,NOT-RETRIEVABLE,NOT-RETRIEVABLE,NOT-RETRIEVABLE,NOT-RETRIEVABLE,NOT-RETRIEVABLE,NOT-RETRIEVABLE
7374273637345398022,A,W-article,2024-05-29T04:27:57Z,2.2020,2-3y,2-3y,2-3y,2-3y,2-3y,2-3y,RETRIEVABLE,RETRIEVABLE,RETRIEVABLE,RETRIEVABLE,RETRIEVABLE,RETRIEVABLE
7374428825687428395,A,W-article,2024-05-29T14:30:10Z,2.2009,2-3y,2-3y,2-3y,2-3y,2-3y,2-3y,RETRIEVABLE,RETRIEVABLE,RETRIEVABLE,RETRIEVABLE,RETRIEVABLE,RETRIEVABLE
7374696531267489029,A,W-article,2024-05-30T07:49:00Z,2.1989,2-3y,2-3y,2-3y,2-3y,2-3y,2-3y,RETRIEVABLE,RETRIEVABLE,RETRIEVABLE,RETRIEVABLE,RETRIEVABLE,RETRIEVABLE
7374767551198301446,A,W-article,2024-05-30T12:24:35Z,2.1984,2-3y,2-3y,2-3y,2-3y,2-3y,2-3y,RETRIEVABLE,RETRIEVABLE,RETRIEVABLE,RETRIEVABLE,RETRIEVABLE,RETRIEVABLE
7374893757252128032,A,W-article,2024-05-30T20:34:20Z,2.1974,2-3y,2-3y,2-3y,2-3y,2-3y,2-3y,RETRIEVABLE,RETRIEVABLE,RETRIEVABLE,RETRIEVABLE,RETRIEVABLE,RETRIEVABLE
7375119965365554453,A,W-article,2024-05-31T11:12:08Z,2.1958,2-3y,2-3y,2-3y,2-3y,2-3y,2-3y,RETRIEVABLE,RETRIEVABLE,RETRIEVABLE,RETRIEVABLE,RETRIEVABLE,RETRIEVABLE
7375173071260486918,A,W-article,2024-05-31T14:38:13Z,2.1954,2-3y,2-3y,2-3y,2-3y,2-3y,2-3y,RETRIEVABLE,RETRIEVABLE,RETRIEVABLE,RETRIEVABLE,INDETERMINATE,RETRIEVABLE
7375311431220120838,A,W-article,2024-05-31T23:35:07Z,2.1944,2-3y,2-3y,2-3y,2-3y,2-3y,2-3y,RETRIEVABLE,RETRIEVABLE,RETRIEVABLE,RETRIEVABLE,RETRIEVABLE,RETRIEVABLE
7375398195033099527,A,W-article,2024-06-01T05:11:48Z,2.1937,2-3y,2-3y,2-3y,2-3y,2-3y,2-3y,RETRIEVABLE,RETRIEVABLE,RETRIEVABLE,RETRIEVABLE,RETRIEVABLE,RETRIEVABLE
7375489093238639889,A,W-article,2024-06-01T11:04:32Z,2.1931,2-3y,2-3y,2-3y,2-3y,2-3y,2-3y,RETRIEVABLE,RETRIEVABLE,RETRIEVABLE,RETRIEVABLE,RETRIEVABLE,RETRIEVABLE
7375552670607822126,A,W-article,2024-06-01T15:11:15Z,2.1926,2-3y,2-3y,2-3y,2-3y,2-3y,2-3y,RETRIEVABLE,RETRIEVABLE,RETRIEVABLE,RETRIEVABLE,RETRIEVABLE,RETRIEVABLE
7375712375409855749,A,W-article,2024-06-02T01:30:59Z,2.1914,2-3y,2-3y,2-3y,2-3y,2-3y,2-3y,RETRIEVABLE,RETRIEVABLE,RETRIEVABLE,RETRIEVABLE,RETRIEVABLE,RETRIEVABLE
7375890590665362689,A,W-article,2024-06-02T13:02:33Z,2.1901,2-3y,2-3y,2-3y,2-3y,2-3y,2-3y,NOT-RETRIEVABLE,NOT-RETRIEVABLE,NOT-RETRIEVABLE,NOT-RETRIEVABLE,NOT-RETRIEVABLE,NOT-RETRIEVABLE
7376060921732730118,A,W-article,2024-06-03T00:03:32Z,2.1888,2-3y,2-3y,2-3y,2-3y,2-3y,2-3y,RETRIEVABLE,RETRIEVABLE,RETRIEVABLE,RETRIEVABLE,RETRIEVABLE,RETRIEVABLE
7376108069668801812,A,W-article,2024-06-03T03:06:29Z,2.1885,2-3y,2-3y,2-3y,2-3y,2-3y,2-3y,RETRIEVABLE,RETRIEVABLE,RETRIEVABLE,RETRIEVABLE,RETRIEVABLE,RETRIEVABLE
7376167786105556241,A,W-article,2024-06-03T06:58:13Z,2.1880,2-3y,2-3y,2-3y,2-3y,2-3y,2-3y,NOT-RETRIEVABLE,NOT-RETRIEVABLE,NOT-RETRIEVABLE,NOT-RETRIEVABLE,NOT-RETRIEVABLE,NOT-RETRIEVABLE
7376320377145937185,A,W-article,2024-06-03T16:50:21Z,2.1869,2-3y,2-3y,2-3y,2-3y,2-3y,2-3y,RETRIEVABLE,RETRIEVABLE,RETRIEVABLE,RETRIEVABLE,RETRIEVABLE,RETRIEVABLE
7376388116963183915,A,W-article,2024-06-03T21:13:13Z,2.1864,2-3y,2-3y,2-3y,2-3y,2-3y,2-3y,RETRIEVABLE,RETRIEVABLE,RETRIEVABLE,RETRIEVABLE,RETRIEVABLE,RETRIEVABLE
7376608964420668714,A,W-article,2024-06-04T11:30:13Z,2.1848,2-3y,2-3y,2-3y,2-3y,2-3y,2-3y,RETRIEVABLE,RETRIEVABLE,RETRIEVABLE,RETRIEVABLE,RETRIEVABLE,RETRIEVABLE
7376856023996452116,A,W-article,2024-06-05T03:28:56Z,2.1830,2-3y,2-3y,2-3y,2-3y,2-3y,2-3y,RETRIEVABLE,RETRIEVABLE,RETRIEVABLE,RETRIEVABLE,RETRIEVABLE,RETRIEVABLE
7377105154539080965,A,W-article,2024-06-05T19:35:41Z,2.1811,2-3y,2-3y,2-3y,2-3y,2-3y,2-3y,RETRIEVABLE,RETRIEVABLE,RETRIEVABLE,RETRIEVABLE,RETRIEVABLE,RETRIEVABLE
7377424869316758785,A,W-article,2024-06-06T16:16:20Z,2.1788,2-3y,2-3y,2-3y,2-3y,2-3y,2-3y,RETRIEVABLE,RETRIEVABLE,RETRIEVABLE,RETRIEVABLE,RETRIEVABLE,RETRIEVABLE
7377437358624410886,A,W-article,2024-06-06T17:04:48Z,2.1787,2-3y,2-3y,2-3y,2-3y,2-3y,2-3y,RETRIEVABLE,RETRIEVABLE,RETRIEVABLE,RETRIEVABLE,RETRIEVABLE,RETRIEVABLE
7377608295743261972,A,W-article,2024-06-07T04:08:08Z,2.1774,2-3y,2-3y,2-3y,2-3y,2-3y,2-3y,RETRIEVABLE,RETRIEVABLE,RETRIEVABLE,RETRIEVABLE,RETRIEVABLE,RETRIEVABLE
7378086154614115590,A,W-article,2024-06-08T11:02:28Z,2.1739,2-3y,2-3y,2-3y,2-3y,2-3y,2-3y,RETRIEVABLE,RETRIEVABLE,RETRIEVABLE,RETRIEVABLE,RETRIEVABLE,RETRIEVABLE
7378331178245426449,A,W-article,2024-06-09T02:53:17Z,2.1721,2-3y,2-3y,2-3y,2-3y,2-3y,2-3y,RETRIEVABLE,RETRIEVABLE,RETRIEVABLE,RETRIEVABLE,RETRIEVABLE,RETRIEVABLE
7379014827089415467,A,W-article,2024-06-10T23:06:11Z,2.1670,2-3y,2-3y,2-3y,2-3y,2-3y,2-3y,RETRIEVABLE,RETRIEVABLE,RETRIEVABLE,RETRIEVABLE,RETRIEVABLE,RETRIEVABLE
7379080208084733205,A,W-article,2024-06-11T03:19:54Z,2.1666,2-3y,2-3y,2-3y,2-3y,2-3y,2-3y,RETRIEVABLE,RETRIEVABLE,RETRIEVABLE,RETRIEVABLE,RETRIEVABLE,RETRIEVABLE
7379467885741231365,A,W-article,2024-06-12T04:24:17Z,2.1637,2-3y,2-3y,2-3y,2-3y,2-3y,2-3y,RETRIEVABLE,RETRIEVABLE,RETRIEVABLE,RETRIEVABLE,RETRIEVABLE,RETRIEVABLE
7379948792990289160,A,W-article,2024-06-13T11:30:27Z,2.1602,2-3y,2-3y,2-3y,2-3y,2-3y,2-3y,RETRIEVABLE,RETRIEVABLE,RETRIEVABLE,RETRIEVABLE,RETRIEVABLE,RETRIEVABLE
7380021437739863303,A,W-article,2024-06-13T16:12:21Z,2.1596,2-3y,2-3y,2-3y,2-3y,2-3y,2-3y,RETRIEVABLE,RETRIEVABLE,RETRIEVABLE,RETRIEVABLE,RETRIEVABLE,RETRIEVABLE
7380151795684740394,A,W-article,2024-06-14T00:38:12Z,2.1587,2-3y,2-3y,2-3y,2-3y,2-3y,2-3y,RETRIEVABLE,RETRIEVABLE,RETRIEVABLE,RETRIEVABLE,RETRIEVABLE,RETRIEVABLE
7380298293668056338,A,W-article,2024-06-14T10:06:42Z,2.1576,2-3y,2-3y,2-3y,2-3y,2-3y,2-3y,RETRIEVABLE,RETRIEVABLE,RETRIEVABLE,RETRIEVABLE,RETRIEVABLE,RETRIEVABLE
7380322732182899975,A,W-article,2024-06-14T11:41:32Z,2.1574,2-3y,2-3y,2-3y,2-3y,2-3y,2-3y,RETRIEVABLE,RETRIEVABLE,RETRIEVABLE,RETRIEVABLE,RETRIEVABLE,RETRIEVABLE
7380826864731933994,A,W-article,2024-06-15T20:17:49Z,2.1537,2-3y,2-3y,2-3y,2-3y,2-3y,2-3y,RETRIEVABLE,RETRIEVABLE,RETRIEVABLE,RETRIEVABLE,RETRIEVABLE,RETRIEVABLE
7380926074047270149,A,W-article,2024-06-16T02:42:48Z,2.1529,2-3y,2-3y,2-3y,2-3y,2-3y,2-3y,RETRIEVABLE,RETRIEVABLE,RETRIEVABLE,RETRIEVABLE,RETRIEVABLE,RETRIEVABLE
7380933323557752072,A,W-article,2024-06-16T03:10:56Z,2.1529,2-3y,2-3y,2-3y,2-3y,2-3y,2-3y,RETRIEVABLE,RETRIEVABLE,RETRIEVABLE,RETRIEVABLE,RETRIEVABLE,RETRIEVABLE
7381025824922701072,A,W-article,2024-06-16T09:09:53Z,2.1522,2-3y,2-3y,2-3y,2-3y,2-3y,2-3y,RETRIEVABLE,RETRIEVABLE,RETRIEVABLE,RETRIEVABLE,RETRIEVABLE,RETRIEVABLE
7381042481082748176,A,W-article,2024-06-16T10:14:31Z,2.1521,2-3y,2-3y,2-3y,2-3y,2-3y,2-3y,RETRIEVABLE,RETRIEVABLE,RETRIEVABLE,RETRIEVABLE,RETRIEVABLE,RETRIEVABLE
7381523919389396255,A,W-article,2024-06-17T17:22:45Z,2.1485,2-3y,2-3y,2-3y,2-3y,2-3y,2-3y,RETRIEVABLE,RETRIEVABLE,RETRIEVABLE,RETRIEVABLE,RETRIEVABLE,RETRIEVABLE
7381686729964571921,A,W-article,2024-06-18T03:54:32Z,2.1473,2-3y,2-3y,2-3y,2-3y,2-3y,2-3y,RETRIEVABLE,RETRIEVABLE,RETRIEVABLE,RETRIEVABLE,RETRIEVABLE,RETRIEVABLE
7381830286117539092,A,W-article,2024-06-18T13:11:36Z,2.1463,2-3y,2-3y,2-3y,2-3y,2-3y,2-3y,RETRIEVABLE,RETRIEVABLE,RETRIEVABLE,RETRIEVABLE,RETRIEVABLE,RETRIEVABLE
7382027669963083029,A,W-article,2024-06-19T01:57:33Z,2.1448,2-3y,2-3y,2-3y,2-3y,2-3y,2-3y,RETRIEVABLE,RETRIEVABLE,RETRIEVABLE,RETRIEVABLE,RETRIEVABLE,RETRIEVABLE
7382174526286613780,A,W-article,2024-06-19T11:27:26Z,2.1437,2-3y,2-3y,2-3y,2-3y,2-3y,2-3y,RETRIEVABLE,RETRIEVABLE,RETRIEVABLE,RETRIEVABLE,RETRIEVABLE,RETRIEVABLE
7382589319481003272,A,W-article,2024-06-20T14:17:03Z,2.1407,2-3y,2-3y,2-3y,2-3y,2-3y,2-3y,RETRIEVABLE,RETRIEVABLE,RETRIEVABLE,RETRIEVABLE,RETRIEVABLE,RETRIEVABLE
7383010789256383749,A,W-article,2024-06-21T17:32:34Z,2.1376,2-3y,2-3y,2-3y,2-3y,2-3y,2-3y,RETRIEVABLE,RETRIEVABLE,RETRIEVABLE,RETRIEVABLE,RETRIEVABLE,RETRIEVABLE
7383661607177456903,A,W-article,2024-06-23T11:38:04Z,2.1328,2-3y,2-3y,2-3y,2-3y,2-3y,2-3y,RETRIEVABLE,RETRIEVABLE,RETRIEVABLE,RETRIEVABLE,RETRIEVABLE,RETRIEVABLE
7383969307220266248,A,W-article,2024-06-24T07:32:06Z,2.1305,2-3y,2-3y,2-3y,2-3y,2-3y,2-3y,RETRIEVABLE,RETRIEVABLE,RETRIEVABLE,RETRIEVABLE,RETRIEVABLE,RETRIEVABLE
7383979341064998152,A,W-article,2024-06-24T08:11:02Z,2.1304,2-3y,2-3y,2-3y,2-3y,2-3y,2-3y,RETRIEVABLE,RETRIEVABLE,RETRIEVABLE,RETRIEVABLE,RETRIEVABLE,RETRIEVABLE
7384369840494087445,A,W-article,2024-06-25T09:26:22Z,2.1275,2-3y,2-3y,2-3y,2-3y,2-3y,2-3y,RETRIEVABLE,RETRIEVABLE,RETRIEVABLE,RETRIEVABLE,RETRIEVABLE,RETRIEVABLE
7384715634736729352,A,W-article,2024-06-26T07:48:14Z,2.1250,2-3y,2-3y,2-3y,2-3y,2-3y,2-3y,RETRIEVABLE,RETRIEVABLE,RETRIEVABLE,RETRIEVABLE,RETRIEVABLE,RETRIEVABLE
7384778623515102469,A,W-article,2024-06-26T11:52:40Z,2.1245,2-3y,2-3y,2-3y,2-3y,2-3y,2-3y,RETRIEVABLE,RETRIEVABLE,RETRIEVABLE,RETRIEVABLE,RETRIEVABLE,RETRIEVABLE
7385203109104012560,A,W-article,2024-06-27T15:19:53Z,2.1214,2-3y,2-3y,2-3y,2-3y,2-3y,2-3y,RETRIEVABLE,RETRIEVABLE,RETRIEVABLE,RETRIEVABLE,RETRIEVABLE,RETRIEVABLE
7385225831901105414,A,W-article,2024-06-27T16:48:03Z,2.1212,2-3y,2-3y,2-3y,2-3y,2-3y,2-3y,RETRIEVABLE,RETRIEVABLE,RETRIEVABLE,RETRIEVABLE,RETRIEVABLE,RETRIEVABLE
7385267911218318597,A,W-article,2024-06-27T19:31:21Z,2.1209,2-3y,2-3y,2-3y,2-3y,2-3y,2-3y,RETRIEVABLE,RETRIEVABLE,RETRIEVABLE,RETRIEVABLE,RETRIEVABLE,RETRIEVABLE
7385697947494649095,A,W-article,2024-06-28T23:20:06Z,2.1177,2-3y,2-3y,2-3y,2-3y,2-3y,2-3y,RETRIEVABLE,RETRIEVABLE,RETRIEVABLE,RETRIEVABLE,RETRIEVABLE,INDETERMINATE
7386242211693792519,A,W-article,2024-06-30T10:32:08Z,2.1137,2-3y,2-3y,2-3y,2-3y,2-3y,2-3y,RETRIEVABLE,RETRIEVABLE,RETRIEVABLE,RETRIEVABLE,INDETERMINATE,RETRIEVABLE
7386281709404278034,A,W-article,2024-06-30T13:05:24Z,2.1134,2-3y,2-3y,2-3y,2-3y,2-3y,2-3y,RETRIEVABLE,RETRIEVABLE,RETRIEVABLE,RETRIEVABLE,RETRIEVABLE,RETRIEVABLE
7386677276366114056,A,W-article,2024-07-01T14:40:24Z,2.1105,2-3y,2-3y,2-3y,2-3y,2-3y,2-3y,RETRIEVABLE,RETRIEVABLE,RETRIEVABLE,RETRIEVABLE,RETRIEVABLE,RETRIEVABLE
7386778759464078634,A,W-article,2024-07-01T21:14:13Z,2.1098,2-3y,2-3y,2-3y,2-3y,2-3y,2-3y,RETRIEVABLE,RETRIEVABLE,RETRIEVABLE,RETRIEVABLE,RETRIEVABLE,RETRIEVABLE
7387093066445802784,A,W-article,2024-07-02T17:33:53Z,2.1074,2-3y,2-3y,2-3y,2-3y,2-3y,2-3y,RETRIEVABLE,RETRIEVABLE,RETRIEVABLE,RETRIEVABLE,RETRIEVABLE,RETRIEVABLE
7387147177358839083,A,W-article,2024-07-02T21:03:52Z,2.1070,2-3y,2-3y,2-3y,2-3y,2-3y,2-3y,RETRIEVABLE,RETRIEVABLE,RETRIEVABLE,RETRIEVABLE,RETRIEVABLE,RETRIEVABLE
7387535650267925793,A,W-article,2024-07-03T22:11:20Z,2.1042,2-3y,2-3y,2-3y,2-3y,2-3y,2-3y,RETRIEVABLE,RETRIEVABLE,RETRIEVABLE,RETRIEVABLE,RETRIEVABLE,RETRIEVABLE
7387747321628331282,A,W-article,2024-07-04T11:52:44Z,2.1026,2-3y,2-3y,2-3y,2-3y,2-3y,2-3y,RETRIEVABLE,RETRIEVABLE,RETRIEVABLE,RETRIEVABLE,RETRIEVABLE,RETRIEVABLE
7387965292275633426,A,W-article,2024-07-05T01:58:34Z,2.1010,2-3y,2-3y,2-3y,2-3y,2-3y,2-3y,RETRIEVABLE,RETRIEVABLE,RETRIEVABLE,RETRIEVABLE,RETRIEVABLE,RETRIEVABLE
7387991635688279314,A,W-article,2024-07-05T03:40:47Z,2.1008,2-3y,2-3y,2-3y,2-3y,2-3y,2-3y,RETRIEVABLE,RETRIEVABLE,RETRIEVABLE,RETRIEVABLE,RETRIEVABLE,RETRIEVABLE
7389218306827291912,A,W-article,2024-07-08T11:00:54Z,2.0918,2-3y,2-3y,2-3y,2-3y,2-3y,2-3y,RETRIEVABLE,RETRIEVABLE,RETRIEVABLE,RETRIEVABLE,RETRIEVABLE,RETRIEVABLE
7389399129283202335,A,W-article,2024-07-08T22:42:35Z,2.0904,2-3y,2-3y,2-3y,2-3y,2-3y,2-3y,RETRIEVABLE,RETRIEVABLE,RETRIEVABLE,RETRIEVABLE,RETRIEVABLE,RETRIEVABLE
7389706601109720350,A,W-article,2024-07-09T18:35:44Z,2.0882,2-3y,2-3y,2-3y,2-3y,2-3y,2-3y,RETRIEVABLE,RETRIEVABLE,RETRIEVABLE,RETRIEVABLE,RETRIEVABLE,RETRIEVABLE
7389713585431170309,A,W-article,2024-07-09T19:02:50Z,2.0881,2-3y,2-3y,2-3y,2-3y,2-3y,2-3y,RETRIEVABLE,RETRIEVABLE,RETRIEVABLE,RETRIEVABLE,RETRIEVABLE,RETRIEVABLE
7389734198673673477,A,W-article,2024-07-09T20:22:49Z,2.0880,2-3y,2-3y,2-3y,2-3y,2-3y,2-3y,RETRIEVABLE,RETRIEVABLE,RETRIEVABLE,RETRIEVABLE,RETRIEVABLE,RETRIEVABLE
7390039582223371553,A,W-article,2024-07-10T16:07:52Z,2.0857,2-3y,2-3y,2-3y,2-3y,2-3y,2-3y,RETRIEVABLE,RETRIEVABLE,RETRIEVABLE,RETRIEVABLE,RETRIEVABLE,RETRIEVABLE
7390243673205673232,A,W-article,2024-07-11T05:19:51Z,2.0842,2-3y,2-3y,2-3y,2-3y,2-3y,2-3y,RETRIEVABLE,RETRIEVABLE,RETRIEVABLE,RETRIEVABLE,RETRIEVABLE,RETRIEVABLE
7390324131671149842,A,W-article,2024-07-11T10:32:04Z,2.0836,2-3y,2-3y,2-3y,2-3y,2-3y,2-3y,RETRIEVABLE,RETRIEVABLE,RETRIEVABLE,RETRIEVABLE,RETRIEVABLE,RETRIEVABLE
7390348611655044395,A,W-article,2024-07-11T12:07:04Z,2.0834,2-3y,2-3y,2-3y,2-3y,2-3y,2-3y,RETRIEVABLE,RETRIEVABLE,RETRIEVABLE,RETRIEVABLE,RETRIEVABLE,RETRIEVABLE
7390488346444778759,A,W-article,2024-07-11T21:09:18Z,2.0824,2-3y,2-3y,2-3y,2-3y,2-3y,2-3y,RETRIEVABLE,RETRIEVABLE,RETRIEVABLE,RETRIEVABLE,RETRIEVABLE,RETRIEVABLE
7390598587866008837,A,W-article,2024-07-12T04:17:06Z,2.0816,2-3y,2-3y,2-3y,2-3y,2-3y,2-3y,RETRIEVABLE,RETRIEVABLE,RETRIEVABLE,RETRIEVABLE,RETRIEVABLE,RETRIEVABLE
7390893383566314784,A,W-article,2024-07-12T23:21:03Z,2.0794,2-3y,2-3y,2-3y,2-3y,2-3y,2-3y,RETRIEVABLE,RETRIEVABLE,RETRIEVABLE,RETRIEVABLE,RETRIEVABLE,RETRIEVABLE
7391078028031331626,A,W-article,2024-07-13T11:17:34Z,2.0780,2-3y,2-3y,2-3y,2-3y,2-3y,2-3y,NOT-RETRIEVABLE,NOT-RETRIEVABLE,NOT-RETRIEVABLE,NOT-RETRIEVABLE,NOT-RETRIEVABLE,NOT-RETRIEVABLE
7391948880163671328,A,W-article,2024-07-15T19:36:55Z,2.0716,2-3y,2-3y,2-3y,2-3y,2-3y,2-3y,RETRIEVABLE,RETRIEVABLE,RETRIEVABLE,RETRIEVABLE,RETRIEVABLE,RETRIEVABLE
7392158554590825736,A,W-article,2024-07-16T09:10:34Z,2.0701,2-3y,2-3y,2-3y,2-3y,2-3y,2-3y,RETRIEVABLE,RETRIEVABLE,RETRIEVABLE,RETRIEVABLE,RETRIEVABLE,RETRIEVABLE
7392609660525661441,A,W-article,2024-07-17T14:21:05Z,2.0667,2-3y,2-3y,2-3y,2-3y,2-3y,2-3y,RETRIEVABLE,RETRIEVABLE,RETRIEVABLE,RETRIEVABLE,RETRIEVABLE,RETRIEVABLE
7393145239059434759,A,W-article,2024-07-19T00:59:24Z,2.0628,2-3y,2-3y,2-3y,2-3y,2-3y,2-3y,RETRIEVABLE,RETRIEVABLE,RETRIEVABLE,RETRIEVABLE,RETRIEVABLE,RETRIEVABLE
7393357197993970976,A,W-article,2024-07-19T14:41:55Z,2.0612,2-3y,2-3y,2-3y,2-3y,2-3y,2-3y,RETRIEVABLE,RETRIEVABLE,RETRIEVABLE,RETRIEVABLE,RETRIEVABLE,RETRIEVABLE
7393450078406462766,A,W-article,2024-07-19T20:42:20Z,2.0605,2-3y,2-3y,2-3y,2-3y,2-3y,2-3y,RETRIEVABLE,RETRIEVABLE,RETRIEVABLE,RETRIEVABLE,RETRIEVABLE,RETRIEVABLE
7393606715343670533,A,W-article,2024-07-20T06:50:10Z,2.0594,2-3y,2-3y,2-3y,2-3y,2-3y,2-3y,RETRIEVABLE,RETRIEVABLE,RETRIEVABLE,RETRIEVABLE,RETRIEVABLE,RETRIEVABLE
7394020534121450760,A,W-article,2024-07-21T09:36:00Z,2.0563,2-3y,2-3y,2-3y,2-3y,2-3y,2-3y,RETRIEVABLE,RETRIEVABLE,RETRIEVABLE,RETRIEVABLE,RETRIEVABLE,RETRIEVABLE
7394154761341242657,A,W-article,2024-07-21T18:16:52Z,2.0553,2-3y,2-3y,2-3y,2-3y,2-3y,2-3y,RETRIEVABLE,RETRIEVABLE,RETRIEVABLE,RETRIEVABLE,RETRIEVABLE,RETRIEVABLE
7394416534321515808,A,W-article,2024-07-22T11:12:41Z,2.0534,2-3y,2-3y,2-3y,2-3y,2-3y,2-3y,RETRIEVABLE,RETRIEVABLE,RETRIEVABLE,RETRIEVABLE,RETRIEVABLE,RETRIEVABLE
7395619270324948256,A,W-article,2024-07-25T16:59:54Z,2.0445,2-3y,2-3y,2-3y,2-3y,2-3y,2-3y,NOT-RETRIEVABLE,NOT-RETRIEVABLE,NOT-RETRIEVABLE,NOT-RETRIEVABLE,NOT-RETRIEVABLE,NOT-RETRIEVABLE
7395663982247398702,A,W-article,2024-07-25T19:53:25Z,2.0442,2-3y,2-3y,2-3y,2-3y,2-3y,2-3y,RETRIEVABLE,RETRIEVABLE,RETRIEVABLE,RETRIEVABLE,RETRIEVABLE,RETRIEVABLE
7395937299776752912,A,W-article,2024-07-26T13:34:01Z,2.0422,2-3y,2-3y,2-3y,2-3y,2-3y,2-3y,RETRIEVABLE,RETRIEVABLE,RETRIEVABLE,RETRIEVABLE,RETRIEVABLE,RETRIEVABLE
7396309446122671393,A,W-article,2024-07-27T13:38:09Z,2.0394,2-3y,2-3y,2-3y,2-3y,2-3y,2-3y,NOT-RETRIEVABLE,NOT-RETRIEVABLE,NOT-RETRIEVABLE,NOT-RETRIEVABLE,NOT-RETRIEVABLE,NOT-RETRIEVABLE
7396945357286034721,A,W-article,2024-07-29T06:45:48Z,2.0348,2-3y,2-3y,2-3y,2-3y,2-3y,2-3y,RETRIEVABLE,RETRIEVABLE,RETRIEVABLE,RETRIEVABLE,RETRIEVABLE,RETRIEVABLE
7397157657439653150,A,W-article,2024-07-29T20:29:38Z,2.0332,2-3y,2-3y,2-3y,2-3y,2-3y,2-3y,NOT-RETRIEVABLE,NOT-RETRIEVABLE,NOT-RETRIEVABLE,NOT-RETRIEVABLE,NOT-RETRIEVABLE,NOT-RETRIEVABLE
7397621021504736518,A,W-article,2024-07-31T02:27:43Z,2.0298,2-3y,2-3y,2-3y,2-3y,2-3y,2-3y,RETRIEVABLE,RETRIEVABLE,RETRIEVABLE,RETRIEVABLE,RETRIEVABLE,RETRIEVABLE
7397801075715099937,A,W-article,2024-07-31T14:06:26Z,2.0284,2-3y,2-3y,2-3y,2-3y,2-3y,2-3y,RETRIEVABLE,RETRIEVABLE,RETRIEVABLE,RETRIEVABLE,RETRIEVABLE,RETRIEVABLE
7397827390904290577,A,W-article,2024-07-31T15:48:33Z,2.0282,2-3y,2-3y,2-3y,2-3y,2-3y,2-3y,RETRIEVABLE,RETRIEVABLE,RETRIEVABLE,RETRIEVABLE,RETRIEVABLE,RETRIEVABLE
7398303530458582302,A,W-article,2024-08-01T22:36:12Z,2.0247,2-3y,2-3y,2-3y,2-3y,2-3y,2-3y,RETRIEVABLE,RETRIEVABLE,RETRIEVABLE,RETRIEVABLE,RETRIEVABLE,RETRIEVABLE
7398761271853665544,A,W-article,2024-08-03T04:12:29Z,2.0214,2-3y,2-3y,2-3y,2-3y,2-3y,2-3y,RETRIEVABLE,RETRIEVABLE,RETRIEVABLE,RETRIEVABLE,RETRIEVABLE,RETRIEVABLE
7398891210858958087,A,W-article,2024-08-03T12:36:42Z,2.0204,2-3y,2-3y,2-3y,2-3y,2-3y,2-3y,NOT-RETRIEVABLE,NOT-RETRIEVABLE,NOT-RETRIEVABLE,NOT-RETRIEVABLE,INDETERMINATE,NOT-RETRIEVABLE
7400206060092509446,A,W-article,2024-08-07T01:39:00Z,2.0107,2-3y,2-3y,2-3y,2-3y,2-3y,2-3y,RETRIEVABLE,RETRIEVABLE,RETRIEVABLE,RETRIEVABLE,RETRIEVABLE,RETRIEVABLE
7400664490041183494,A,W-article,2024-08-08T07:17:56Z,2.0073,2-3y,2-3y,2-3y,2-3y,2-3y,2-3y,RETRIEVABLE,RETRIEVABLE,RETRIEVABLE,RETRIEVABLE,RETRIEVABLE,RETRIEVABLE
7400886090309078302,A,W-article,2024-08-08T21:37:52Z,2.0057,2-3y,2-3y,2-3y,2-3y,2-3y,2-3y,RETRIEVABLE,RETRIEVABLE,RETRIEVABLE,RETRIEVABLE,RETRIEVABLE,RETRIEVABLE
7401455727023246597,A,W-article,2024-08-10T10:28:20Z,2.0015,2-3y,2-3y,2-3y,2-3y,2-3y,2-3y,RETRIEVABLE,RETRIEVABLE,RETRIEVABLE,RETRIEVABLE,RETRIEVABLE,RETRIEVABLE
7401616808186252551,A,W-article,2024-08-10T20:53:25Z,2.0003,2-3y,2-3y,2-3y,2-3y,2-3y,2-3y,RETRIEVABLE,RETRIEVABLE,RETRIEVABLE,RETRIEVABLE,RETRIEVABLE,RETRIEVABLE
7402153526123580690,A,W-article,2024-08-12T07:36:09Z,1.9963,1-2y,1-2y,2-3y,2-3y,2-3y,2-3y,RETRIEVABLE,RETRIEVABLE,RETRIEVABLE,RETRIEVABLE,RETRIEVABLE,RETRIEVABLE
7402177556650249478,A,W-article,2024-08-12T09:09:24Z,1.9961,1-2y,1-2y,2-3y,2-3y,2-3y,2-3y,RETRIEVABLE,RETRIEVABLE,RETRIEVABLE,RETRIEVABLE,RETRIEVABLE,RETRIEVABLE
7402198423610445073,A,W-article,2024-08-12T10:30:23Z,1.9960,1-2y,1-2y,2-3y,2-3y,2-3y,2-3y,RETRIEVABLE,RETRIEVABLE,RETRIEVABLE,RETRIEVABLE,RETRIEVABLE,RETRIEVABLE
7402295860320537886,A,W-article,2024-08-12T16:48:29Z,1.9953,1-2y,1-2y,2-3y,2-3y,2-3y,2-3y,RETRIEVABLE,RETRIEVABLE,RETRIEVABLE,RETRIEVABLE,RETRIEVABLE,RETRIEVABLE
7403171879134989573,A,W-article,2024-08-15T01:27:53Z,1.9888,1-2y,1-2y,1-2y,1-2y,1-2y,2-3y,RETRIEVABLE,RETRIEVABLE,RETRIEVABLE,RETRIEVABLE,RETRIEVABLE,RETRIEVABLE
7403302339337080097,A,W-article,2024-08-15T09:54:08Z,1.9879,1-2y,1-2y,1-2y,1-2y,1-2y,2-3y,NOT-RETRIEVABLE,NOT-RETRIEVABLE,NOT-RETRIEVABLE,NOT-RETRIEVABLE,NOT-RETRIEVABLE,NOT-RETRIEVABLE
7404661030854364447,A,W-article,2024-08-19T01:46:33Z,1.9778,1-2y,1-2y,1-2y,1-2y,1-2y,1-2y,RETRIEVABLE,RETRIEVABLE,RETRIEVABLE,RETRIEVABLE,RETRIEVABLE,RETRIEVABLE
7405011022815268127,A,W-article,2024-08-20T00:24:42Z,1.9752,1-2y,1-2y,1-2y,1-2y,1-2y,1-2y,RETRIEVABLE,RETRIEVABLE,RETRIEVABLE,RETRIEVABLE,RETRIEVABLE,RETRIEVABLE
7405306938549882158,A,W-article,2024-08-20T19:33:00Z,1.9731,1-2y,1-2y,1-2y,1-2y,1-2y,1-2y,RETRIEVABLE,RETRIEVABLE,RETRIEVABLE,RETRIEVABLE,RETRIEVABLE,RETRIEVABLE
7405608567559982353,A,W-article,2024-08-21T15:03:29Z,1.9708,1-2y,1-2y,1-2y,1-2y,1-2y,1-2y,RETRIEVABLE,RETRIEVABLE,RETRIEVABLE,RETRIEVABLE,RETRIEVABLE,RETRIEVABLE
740580884959830349,A,W-article,,,,,,,,,NOT-RETRIEVABLE,NOT-RETRIEVABLE,NOT-RETRIEVABLE,NOT-RETRIEVABLE,NOT-RETRIEVABLE,NOT-RETRIEVABLE
7405901552088665345,A,W-article,2024-08-22T10:00:25Z,1.9687,1-2y,1-2y,1-2y,1-2y,1-2y,1-2y,NOT-RETRIEVABLE,NOT-RETRIEVABLE,NOT-RETRIEVABLE,NOT-RETRIEVABLE,NOT-RETRIEVABLE,NOT-RETRIEVABLE
7406257135706705169,A,W-article,2024-08-23T09:00:15Z,1.9661,1-2y,1-2y,1-2y,1-2y,1-2y,1-2y,RETRIEVABLE,RETRIEVABLE,RETRIEVABLE,RETRIEVABLE,RETRIEVABLE,RETRIEVABLE
7406269985007455489,A,W-article,2024-08-23T09:50:07Z,1.9660,1-2y,1-2y,1-2y,1-2y,1-2y,1-2y,INDETERMINATE,RETRIEVABLE,RETRIEVABLE,RETRIEVABLE,RETRIEVABLE,RETRIEVABLE
7406271044962618631,A,W-article,2024-08-23T09:54:14Z,1.9659,1-2y,1-2y,1-2y,1-2y,1-2y,1-2y,RETRIEVABLE,RETRIEVABLE,RETRIEVABLE,RETRIEVABLE,RETRIEVABLE,RETRIEVABLE
7406963603846204677,A,W-article,2024-08-25T06:41:43Z,1.9608,1-2y,1-2y,1-2y,1-2y,1-2y,1-2y,RETRIEVABLE,RETRIEVABLE,RETRIEVABLE,RETRIEVABLE,RETRIEVABLE,RETRIEVABLE
7407744931269283079,A,W-article,2024-08-27T09:13:40Z,1.9551,1-2y,1-2y,1-2y,1-2y,1-2y,1-2y,RETRIEVABLE,RETRIEVABLE,RETRIEVABLE,RETRIEVABLE,RETRIEVABLE,RETRIEVABLE
7407843864381246725,A,W-article,2024-08-27T15:37:35Z,1.9543,1-2y,1-2y,1-2y,1-2y,1-2y,1-2y,RETRIEVABLE,RETRIEVABLE,RETRIEVABLE,RETRIEVABLE,RETRIEVABLE,RETRIEVABLE
7408150351838334216,A,W-article,2024-08-28T11:26:54Z,1.9521,1-2y,1-2y,1-2y,1-2y,1-2y,1-2y,RETRIEVABLE,RETRIEVABLE,RETRIEVABLE,RETRIEVABLE,RETRIEVABLE,RETRIEVABLE
7408448376909417734,A,W-article,2024-08-29T06:43:24Z,1.9499,1-2y,1-2y,1-2y,1-2y,1-2y,1-2y,RETRIEVABLE,RETRIEVABLE,RETRIEVABLE,RETRIEVABLE,RETRIEVABLE,RETRIEVABLE
7409632636383137057,A,W-article,2024-09-01T11:18:55Z,1.9411,1-2y,1-2y,1-2y,1-2y,1-2y,1-2y,RETRIEVABLE,RETRIEVABLE,RETRIEVABLE,RETRIEVABLE,RETRIEVABLE,RETRIEVABLE
7410128582774770976,A,W-article,2024-09-02T19:23:27Z,1.9375,1-2y,1-2y,1-2y,1-2y,1-2y,1-2y,RETRIEVABLE,RETRIEVABLE,RETRIEVABLE,RETRIEVABLE,RETRIEVABLE,RETRIEVABLE
7410413334660484358,A,W-article,2024-09-03T13:48:26Z,1.9354,1-2y,1-2y,1-2y,1-2y,1-2y,1-2y,RETRIEVABLE,RETRIEVABLE,RETRIEVABLE,RETRIEVABLE,RETRIEVABLE,RETRIEVABLE
7410499310237912350,A,W-article,2024-09-03T19:22:04Z,1.9348,1-2y,1-2y,1-2y,1-2y,1-2y,1-2y,NOT-RETRIEVABLE,NOT-RETRIEVABLE,NOT-RETRIEVABLE,NOT-RETRIEVABLE,NOT-RETRIEVABLE,NOT-RETRIEVABLE
7410712113028582673,A,W-article,2024-09-04T09:07:51Z,1.9332,1-2y,1-2y,1-2y,1-2y,1-2y,1-2y,RETRIEVABLE,RETRIEVABLE,INDETERMINATE,RETRIEVABLE,RETRIEVABLE,RETRIEVABLE
7410756523296673042,A,W-article,2024-09-04T12:00:11Z,1.9329,1-2y,1-2y,1-2y,1-2y,1-2y,1-2y,RETRIEVABLE,RETRIEVABLE,RETRIEVABLE,RETRIEVABLE,RETRIEVABLE,RETRIEVABLE
7411082876025851137,A,W-article,2024-09-05T09:06:36Z,1.9304,1-2y,1-2y,1-2y,1-2y,1-2y,1-2y,RETRIEVABLE,RETRIEVABLE,RETRIEVABLE,RETRIEVABLE,RETRIEVABLE,RETRIEVABLE
7411969338770607390,A,W-article,2024-09-07T18:26:31Z,1.9239,1-2y,1-2y,1-2y,1-2y,1-2y,1-2y,RETRIEVABLE,RETRIEVABLE,RETRIEVABLE,RETRIEVABLE,INDETERMINATE,RETRIEVABLE
7411974743684844843,A,W-article,2024-09-07T18:47:30Z,1.9239,1-2y,1-2y,1-2y,1-2y,1-2y,1-2y,RETRIEVABLE,RETRIEVABLE,RETRIEVABLE,RETRIEVABLE,RETRIEVABLE,RETRIEVABLE
7412353490007182598,A,W-article,2024-09-08T19:17:14Z,1.9211,1-2y,1-2y,1-2y,1-2y,1-2y,1-2y,RETRIEVABLE,RETRIEVABLE,RETRIEVABLE,RETRIEVABLE,RETRIEVABLE,RETRIEVABLE
7412566272589696273,A,W-article,2024-09-09T09:02:56Z,1.9195,1-2y,1-2y,1-2y,1-2y,1-2y,1-2y,RETRIEVABLE,RETRIEVABLE,RETRIEVABLE,RETRIEVABLE,RETRIEVABLE,RETRIEVABLE
7412654319067073810,A,W-article,2024-09-09T14:44:36Z,1.9189,1-2y,1-2y,1-2y,1-2y,1-2y,1-2y,RETRIEVABLE,RETRIEVABLE,RETRIEVABLE,RETRIEVABLE,RETRIEVABLE,RETRIEVABLE
7413780699695549729,A,W-article,2024-09-12T15:35:32Z,1.9105,1-2y,1-2y,1-2y,1-2y,1-2y,1-2y,RETRIEVABLE,RETRIEVABLE,RETRIEVABLE,RETRIEVABLE,RETRIEVABLE,RETRIEVABLE
7413798397158640929,A,W-article,2024-09-12T16:44:12Z,1.9104,1-2y,1-2y,1-2y,1-2y,1-2y,1-2y,RETRIEVABLE,RETRIEVABLE,RETRIEVABLE,RETRIEVABLE,RETRIEVABLE,RETRIEVABLE
7414049921248103688,A,W-article,2024-09-13T09:00:15Z,1.9086,1-2y,1-2y,1-2y,1-2y,1-2y,1-2y,RETRIEVABLE,RETRIEVABLE,INDETERMINATE,RETRIEVABLE,RETRIEVABLE,RETRIEVABLE
7414292142794820906,A,W-article,2024-09-14T00:40:11Z,1.9068,1-2y,1-2y,1-2y,1-2y,1-2y,1-2y,RETRIEVABLE,RETRIEVABLE,RETRIEVABLE,RETRIEVABLE,RETRIEVABLE,RETRIEVABLE
7414479742402956549,A,W-article,2024-09-14T12:48:10Z,1.9054,1-2y,1-2y,1-2y,1-2y,1-2y,1-2y,RETRIEVABLE,RETRIEVABLE,RETRIEVABLE,RETRIEVABLE,RETRIEVABLE,RETRIEVABLE
7415070728749387038,A,W-article,2024-09-16T03:01:30Z,1.9010,1-2y,1-2y,1-2y,1-2y,1-2y,1-2y,NOT-RETRIEVABLE,NOT-RETRIEVABLE,NOT-RETRIEVABLE,NOT-RETRIEVABLE,NOT-RETRIEVABLE,INDETERMINATE
7415520465327836421,A,W-article,2024-09-17T08:06:42Z,1.8977,1-2y,1-2y,1-2y,1-2y,1-2y,1-2y,RETRIEVABLE,RETRIEVABLE,RETRIEVABLE,RETRIEVABLE,RETRIEVABLE,RETRIEVABLE
7415656044292082950,A,W-article,2024-09-17T16:52:49Z,1.8967,1-2y,1-2y,1-2y,1-2y,1-2y,1-2y,RETRIEVABLE,RETRIEVABLE,RETRIEVABLE,RETRIEVABLE,RETRIEVABLE,RETRIEVABLE
7415930294747925781,A,W-article,2024-09-18T10:37:03Z,1.8947,1-2y,1-2y,1-2y,1-2y,1-2y,1-2y,NOT-RETRIEVABLE,NOT-RETRIEVABLE,NOT-RETRIEVABLE,NOT-RETRIEVABLE,NOT-RETRIEVABLE,NOT-RETRIEVABLE
7416088714398502187,A,W-article,2024-09-18T20:51:48Z,1.8935,1-2y,1-2y,1-2y,1-2y,1-2y,1-2y,RETRIEVABLE,RETRIEVABLE,RETRIEVABLE,RETRIEVABLE,RETRIEVABLE,RETRIEVABLE
7416125489015786782,A,W-article,2024-09-18T23:14:31Z,1.8932,1-2y,1-2y,1-2y,1-2y,1-2y,1-2y,RETRIEVABLE,RETRIEVABLE,RETRIEVABLE,RETRIEVABLE,RETRIEVABLE,RETRIEVABLE
7416266037596900615,A,W-article,2024-09-19T08:19:55Z,1.8922,1-2y,1-2y,1-2y,1-2y,1-2y,1-2y,RETRIEVABLE,RETRIEVABLE,RETRIEVABLE,RETRIEVABLE,RETRIEVABLE,RETRIEVABLE
7416300317299526930,A,W-article,2024-09-19T10:32:56Z,1.8920,1-2y,1-2y,1-2y,1-2y,1-2y,1-2y,RETRIEVABLE,RETRIEVABLE,RETRIEVABLE,RETRIEVABLE,RETRIEVABLE,RETRIEVABLE
7416849993484471557,A,W-article,2024-09-20T22:05:57Z,1.8879,1-2y,1-2y,1-2y,1-2y,1-2y,1-2y,RETRIEVABLE,RETRIEVABLE,RETRIEVABLE,RETRIEVABLE,RETRIEVABLE,RETRIEVABLE
7417365155656338721,A,W-article,2024-09-22T07:25:03Z,1.8841,1-2y,1-2y,1-2y,1-2y,1-2y,1-2y,RETRIEVABLE,RETRIEVABLE,RETRIEVABLE,RETRIEVABLE,RETRIEVABLE,RETRIEVABLE
7417673572052765973,A,W-article,2024-09-23T03:21:52Z,1.8818,1-2y,1-2y,1-2y,1-2y,1-2y,1-2y,RETRIEVABLE,RETRIEVABLE,RETRIEVABLE,RETRIEVABLE,RETRIEVABLE,RETRIEVABLE
7417776077558287637,A,W-article,2024-09-23T09:59:38Z,1.8811,1-2y,1-2y,1-2y,1-2y,1-2y,1-2y,RETRIEVABLE,RETRIEVABLE,RETRIEVABLE,RETRIEVABLE,RETRIEVABLE,RETRIEVABLE
7418135818344140050,A,W-article,2024-09-24T09:15:37Z,1.8784,1-2y,1-2y,1-2y,1-2y,1-2y,1-2y,INDETERMINATE,RETRIEVABLE,RETRIEVABLE,RETRIEVABLE,RETRIEVABLE,RETRIEVABLE
7418592775492472097,A,W-article,2024-09-25T14:48:50Z,1.8750,1-2y,1-2y,1-2y,1-2y,1-2y,1-2y,RETRIEVABLE,RETRIEVABLE,RETRIEVABLE,RETRIEVABLE,RETRIEVABLE,RETRIEVABLE
7418949371183893765,A,W-article,2024-09-26T13:52:37Z,1.8724,1-2y,1-2y,1-2y,1-2y,1-2y,1-2y,RETRIEVABLE,RETRIEVABLE,RETRIEVABLE,RETRIEVABLE,RETRIEVABLE,RETRIEVABLE
7418966332957379847,A,W-article,2024-09-26T14:58:26Z,1.8723,1-2y,1-2y,1-2y,1-2y,1-2y,1-2y,RETRIEVABLE,RETRIEVABLE,RETRIEVABLE,RETRIEVABLE,RETRIEVABLE,RETRIEVABLE
7419054223586757918,A,W-article,2024-09-26T20:39:30Z,1.8716,1-2y,1-2y,1-2y,1-2y,1-2y,1-2y,RETRIEVABLE,RETRIEVABLE,RETRIEVABLE,RETRIEVABLE,RETRIEVABLE,RETRIEVABLE
7419181025546325268,A,W-article,2024-09-27T04:51:33Z,1.8707,1-2y,1-2y,1-2y,1-2y,1-2y,1-2y,RETRIEVABLE,RETRIEVABLE,RETRIEVABLE,RETRIEVABLE,RETRIEVABLE,RETRIEVABLE
7419359847067503877,A,W-article,2024-09-27T16:25:28Z,1.8694,1-2y,1-2y,1-2y,1-2y,1-2y,1-2y,RETRIEVABLE,RETRIEVABLE,RETRIEVABLE,RETRIEVABLE,RETRIEVABLE,RETRIEVABLE
7419950809615535381,A,W-article,2024-09-29T06:38:42Z,1.8650,1-2y,1-2y,1-2y,1-2y,1-2y,1-2y,RETRIEVABLE,RETRIEVABLE,RETRIEVABLE,RETRIEVABLE,RETRIEVABLE,RETRIEVABLE
7420351132586822945,A,W-article,2024-09-30T08:32:10Z,1.8621,1-2y,1-2y,1-2y,1-2y,1-2y,1-2y,RETRIEVABLE,RETRIEVABLE,RETRIEVABLE,RETRIEVABLE,RETRIEVABLE,RETRIEVABLE
7420777372175158548,A,W-article,2024-10-01T12:06:11Z,1.8589,1-2y,1-2y,1-2y,1-2y,1-2y,1-2y,RETRIEVABLE,RETRIEVABLE,RETRIEVABLE,RETRIEVABLE,RETRIEVABLE,RETRIEVABLE
7421162150938332424,A,W-article,2024-10-02T12:59:20Z,1.8561,1-2y,1-2y,1-2y,1-2y,1-2y,1-2y,RETRIEVABLE,RETRIEVABLE,RETRIEVABLE,RETRIEVABLE,RETRIEVABLE,RETRIEVABLE
7421524916370935045,A,W-article,2024-10-03T12:27:03Z,1.8534,1-2y,1-2y,1-2y,1-2y,1-2y,1-2y,RETRIEVABLE,RETRIEVABLE,RETRIEVABLE,RETRIEVABLE,RETRIEVABLE,RETRIEVABLE
7421941946882592022,A,W-article,2024-10-04T15:25:20Z,1.8503,1-2y,1-2y,1-2y,1-2y,1-2y,1-2y,RETRIEVABLE,RETRIEVABLE,RETRIEVABLE,RETRIEVABLE,RETRIEVABLE,RETRIEVABLE
7422014957186764062,A,W-article,2024-10-04T20:08:39Z,1.8498,1-2y,1-2y,1-2y,1-2y,1-2y,1-2y,RETRIEVABLE,RETRIEVABLE,RETRIEVABLE,RETRIEVABLE,RETRIEVABLE,RETRIEVABLE
7422133817932107041,A,W-article,2024-10-05T03:49:54Z,1.8489,1-2y,1-2y,1-2y,1-2y,1-2y,1-2y,RETRIEVABLE,RETRIEVABLE,RETRIEVABLE,RETRIEVABLE,RETRIEVABLE,RETRIEVABLE
7422357999710227745,A,W-article,2024-10-05T18:19:50Z,1.8473,1-2y,1-2y,1-2y,1-2y,1-2y,1-2y,RETRIEVABLE,RETRIEVABLE,RETRIEVABLE,RETRIEVABLE,RETRIEVABLE,RETRIEVABLE
7422621259508223238,A,W-article,2024-10-06T11:21:25Z,1.8453,1-2y,1-2y,1-2y,1-2y,1-2y,1-2y,RETRIEVABLE,RETRIEVABLE,RETRIEVABLE,RETRIEVABLE,RETRIEVABLE,RETRIEVABLE
7422688213615037718,A,W-article,2024-10-06T15:41:14Z,1.8448,1-2y,1-2y,1-2y,1-2y,1-2y,1-2y,RETRIEVABLE,RETRIEVABLE,RETRIEVABLE,RETRIEVABLE,RETRIEVABLE,RETRIEVABLE
7423152537408130337,A,W-article,2024-10-07T21:43:03Z,1.8414,1-2y,1-2y,1-2y,1-2y,1-2y,1-2y,RETRIEVABLE,RETRIEVABLE,RETRIEVABLE,RETRIEVABLE,RETRIEVABLE,RETRIEVABLE
7423169304700439838,A,W-article,2024-10-07T22:48:07Z,1.8413,1-2y,1-2y,1-2y,1-2y,1-2y,1-2y,RETRIEVABLE,RETRIEVABLE,RETRIEVABLE,RETRIEVABLE,RETRIEVABLE,RETRIEVABLE
7423454718921411846,A,W-article,2024-10-08T17:15:40Z,1.8392,1-2y,1-2y,1-2y,1-2y,1-2y,1-2y,RETRIEVABLE,RETRIEVABLE,RETRIEVABLE,RETRIEVABLE,RETRIEVABLE,RETRIEVABLE
7423515432809794822,A,W-article,2024-10-08T21:11:16Z,1.8387,1-2y,1-2y,1-2y,1-2y,1-2y,1-2y,RETRIEVABLE,RETRIEVABLE,RETRIEVABLE,RETRIEVABLE,RETRIEVABLE,RETRIEVABLE
7423668867957820680,A,W-article,2024-10-09T07:06:40Z,1.8376,1-2y,1-2y,1-2y,1-2y,1-2y,1-2y,RETRIEVABLE,RETRIEVABLE,RETRIEVABLE,RETRIEVABLE,RETRIEVABLE,RETRIEVABLE
7423697955258961170,A,W-article,2024-10-09T08:59:33Z,1.8374,1-2y,1-2y,1-2y,1-2y,1-2y,1-2y,RETRIEVABLE,RETRIEVABLE,RETRIEVABLE,RETRIEVABLE,RETRIEVABLE,RETRIEVABLE
7423891951751023915,A,W-article,2024-10-09T21:32:21Z,1.8359,1-2y,1-2y,1-2y,1-2y,1-2y,1-2y,RETRIEVABLE,RETRIEVABLE,RETRIEVABLE,RETRIEVABLE,RETRIEVABLE,RETRIEVABLE
7424008460171316485,A,W-article,2024-10-10T05:04:28Z,1.8351,1-2y,1-2y,1-2y,1-2y,1-2y,1-2y,RETRIEVABLE,RETRIEVABLE,RETRIEVABLE,RETRIEVABLE,RETRIEVABLE,RETRIEVABLE
7424268994682653957,A,W-article,2024-10-10T21:55:28Z,1.8332,1-2y,1-2y,1-2y,1-2y,1-2y,1-2y,RETRIEVABLE,RETRIEVABLE,RETRIEVABLE,RETRIEVABLE,RETRIEVABLE,RETRIEVABLE
7424487440595062034,A,W-article,2024-10-11T12:03:09Z,1.8315,1-2y,1-2y,1-2y,1-2y,1-2y,1-2y,RETRIEVABLE,RETRIEVABLE,RETRIEVABLE,RETRIEVABLE,RETRIEVABLE,RETRIEVABLE
7425493883628391685,A,W-article,2024-10-14T05:08:40Z,1.8241,1-2y,1-2y,1-2y,1-2y,1-2y,1-2y,RETRIEVABLE,RETRIEVABLE,RETRIEVABLE,RETRIEVABLE,RETRIEVABLE,RETRIEVABLE
7425680807630589227,A,W-article,2024-10-14T17:14:02Z,1.8227,1-2y,1-2y,1-2y,1-2y,1-2y,1-2y,RETRIEVABLE,RETRIEVABLE,RETRIEVABLE,RETRIEVABLE,RETRIEVABLE,RETRIEVABLE
7426358726002527506,A,W-article,2024-10-16T13:04:42Z,1.8177,1-2y,1-2y,1-2y,1-2y,1-2y,1-2y,RETRIEVABLE,RETRIEVABLE,RETRIEVABLE,RETRIEVABLE,RETRIEVABLE,RETRIEVABLE
7426433170192600328,A,W-article,2024-10-16T17:53:35Z,1.8172,1-2y,1-2y,1-2y,1-2y,1-2y,1-2y,RETRIEVABLE,RETRIEVABLE,RETRIEVABLE,RETRIEVABLE,RETRIEVABLE,RETRIEVABLE
7426603119032700168,A,W-article,2024-10-17T04:53:04Z,1.8159,1-2y,1-2y,1-2y,1-2y,1-2y,1-2y,RETRIEVABLE,RETRIEVABLE,RETRIEVABLE,RETRIEVABLE,RETRIEVABLE,RETRIEVABLE
7426617597115878663,A,W-article,2024-10-17T05:49:15Z,1.8158,1-2y,1-2y,1-2y,1-2y,1-2y,1-2y,RETRIEVABLE,RETRIEVABLE,RETRIEVABLE,RETRIEVABLE,RETRIEVABLE,RETRIEVABLE
7426632785093332242,A,W-article,2024-10-17T06:48:11Z,1.8157,1-2y,1-2y,1-2y,1-2y,1-2y,1-2y,RETRIEVABLE,RETRIEVABLE,RETRIEVABLE,RETRIEVABLE,RETRIEVABLE,RETRIEVABLE
7426667147515923733,A,W-article,2024-10-17T09:01:32Z,1.8155,1-2y,1-2y,1-2y,1-2y,1-2y,1-2y,RETRIEVABLE,RETRIEVABLE,RETRIEVABLE,RETRIEVABLE,RETRIEVABLE,RETRIEVABLE
7426853639613877547,A,W-article,2024-10-17T21:05:13Z,1.8141,1-2y,1-2y,1-2y,1-2y,1-2y,1-2y,RETRIEVABLE,RETRIEVABLE,RETRIEVABLE,RETRIEVABLE,RETRIEVABLE,RETRIEVABLE
7426951791658421522,A,W-article,2024-10-18T03:26:06Z,1.8134,1-2y,1-2y,1-2y,1-2y,1-2y,1-2y,RETRIEVABLE,RETRIEVABLE,RETRIEVABLE,RETRIEVABLE,RETRIEVABLE,RETRIEVABLE
7426976090251398407,A,W-article,2024-10-18T05:00:23Z,1.8132,1-2y,1-2y,1-2y,1-2y,1-2y,1-2y,RETRIEVABLE,RETRIEVABLE,RETRIEVABLE,RETRIEVABLE,RETRIEVABLE,RETRIEVABLE
7427038192576007440,A,W-article,2024-10-18T09:01:22Z,1.8127,1-2y,1-2y,1-2y,1-2y,1-2y,1-2y,RETRIEVABLE,RETRIEVABLE,RETRIEVABLE,RETRIEVABLE,RETRIEVABLE,RETRIEVABLE
7427132823020047647,A,W-article,2024-10-18T15:08:35Z,1.8120,1-2y,1-2y,1-2y,1-2y,1-2y,1-2y,RETRIEVABLE,RETRIEVABLE,RETRIEVABLE,RETRIEVABLE,RETRIEVABLE,RETRIEVABLE
7427205786113199406,A,W-article,2024-10-18T19:51:43Z,1.8115,1-2y,1-2y,1-2y,1-2y,1-2y,1-2y,RETRIEVABLE,RETRIEVABLE,RETRIEVABLE,RETRIEVABLE,RETRIEVABLE,RETRIEVABLE
7427237451954965791,A,W-article,2024-10-18T21:54:36Z,1.8113,1-2y,1-2y,1-2y,1-2y,1-2y,1-2y,RETRIEVABLE,RETRIEVABLE,RETRIEVABLE,RETRIEVABLE,RETRIEVABLE,RETRIEVABLE
7427650768976563461,A,W-article,2024-10-20T00:38:29Z,1.8082,1-2y,1-2y,1-2y,1-2y,1-2y,1-2y,RETRIEVABLE,RETRIEVABLE,RETRIEVABLE,RETRIEVABLE,RETRIEVABLE,RETRIEVABLE
7428078362330942751,A,W-article,2024-10-21T04:17:46Z,1.8051,1-2y,1-2y,1-2y,1-2y,1-2y,1-2y,NOT-RETRIEVABLE,NOT-RETRIEVABLE,NOT-RETRIEVABLE,NOT-RETRIEVABLE,NOT-RETRIEVABLE,NOT-RETRIEVABLE
7428182576449195282,A,W-article,2024-10-21T11:02:10Z,1.8043,1-2y,1-2y,1-2y,1-2y,1-2y,1-2y,RETRIEVABLE,RETRIEVABLE,RETRIEVABLE,RETRIEVABLE,RETRIEVABLE,RETRIEVABLE
7428361971508137262,A,W-article,2024-10-21T22:38:19Z,1.8030,1-2y,1-2y,1-2y,1-2y,1-2y,1-2y,RETRIEVABLE,RETRIEVABLE,RETRIEVABLE,RETRIEVABLE,RETRIEVABLE,RETRIEVABLE
7428838959188299041,A,W-article,2024-10-23T05:29:16Z,1.7994,1-2y,1-2y,1-2y,1-2y,1-2y,1-2y,RETRIEVABLE,RETRIEVABLE,RETRIEVABLE,RETRIEVABLE,RETRIEVABLE,RETRIEVABLE
7428875076570828050,A,W-article,2024-10-23T07:49:25Z,1.7992,1-2y,1-2y,1-2y,1-2y,1-2y,1-2y,RETRIEVABLE,RETRIEVABLE,RETRIEVABLE,RETRIEVABLE,RETRIEVABLE,INDETERMINATE
7429054742942272811,A,W-article,2024-10-23T19:26:37Z,1.7979,1-2y,1-2y,1-2y,1-2y,1-2y,1-2y,RETRIEVABLE,RETRIEVABLE,RETRIEVABLE,RETRIEVABLE,RETRIEVABLE,RETRIEVABLE
7429112170195078442,A,W-article,2024-10-23T23:09:28Z,1.7974,1-2y,1-2y,1-2y,1-2y,1-2y,1-2y,RETRIEVABLE,RETRIEVABLE,RETRIEVABLE,RETRIEVABLE,RETRIEVABLE,RETRIEVABLE
7429523145163296042,A,W-article,2024-10-25T01:44:15Z,1.7944,1-2y,1-2y,1-2y,1-2y,1-2y,1-2y,RETRIEVABLE,RETRIEVABLE,RETRIEVABLE,RETRIEVABLE,RETRIEVABLE,RETRIEVABLE
7429747352073784581,A,W-article,2024-10-25T16:14:18Z,1.7927,1-2y,1-2y,1-2y,1-2y,1-2y,1-2y,RETRIEVABLE,RETRIEVABLE,RETRIEVABLE,RETRIEVABLE,RETRIEVABLE,RETRIEVABLE
7430813083427179783,A,W-article,2024-10-28T13:09:53Z,1.7849,1-2y,1-2y,1-2y,1-2y,1-2y,1-2y,RETRIEVABLE,RETRIEVABLE,RETRIEVABLE,RETRIEVABLE,RETRIEVABLE,RETRIEVABLE
7431575408362917128,A,W-article,2024-10-30T14:28:05Z,1.7793,1-2y,1-2y,1-2y,1-2y,1-2y,1-2y,INDETERMINATE,RETRIEVABLE,RETRIEVABLE,RETRIEVABLE,RETRIEVABLE,RETRIEVABLE
7431859181143051521,A,W-article,2024-10-31T08:49:16Z,1.7772,1-2y,1-2y,1-2y,1-2y,1-2y,1-2y,RETRIEVABLE,RETRIEVABLE,RETRIEVABLE,RETRIEVABLE,RETRIEVABLE,RETRIEVABLE
7431960905715338514,A,W-article,2024-10-31T15:24:01Z,1.7764,1-2y,1-2y,1-2y,1-2y,1-2y,1-2y,NOT-RETRIEVABLE,NOT-RETRIEVABLE,NOT-RETRIEVABLE,NOT-RETRIEVABLE,NOT-RETRIEVABLE,NOT-RETRIEVABLE
7432314068398034222,A,W-article,2024-11-01T14:14:28Z,1.7738,1-2y,1-2y,1-2y,1-2y,1-2y,1-2y,RETRIEVABLE,RETRIEVABLE,RETRIEVABLE,RETRIEVABLE,RETRIEVABLE,RETRIEVABLE
7432343392555666721,A,W-article,2024-11-01T16:08:15Z,1.7736,1-2y,1-2y,1-2y,1-2y,1-2y,1-2y,RETRIEVABLE,RETRIEVABLE,RETRIEVABLE,RETRIEVABLE,RETRIEVABLE,RETRIEVABLE
7432585852875820320,A,W-article,2024-11-02T07:49:08Z,1.7718,1-2y,1-2y,1-2y,1-2y,1-2y,1-2y,RETRIEVABLE,RETRIEVABLE,RETRIEVABLE,RETRIEVABLE,RETRIEVABLE,RETRIEVABLE
7432665857462947079,A,W-article,2024-11-02T12:59:35Z,1.7712,1-2y,1-2y,1-2y,1-2y,1-2y,1-2y,RETRIEVABLE,RETRIEVABLE,RETRIEVABLE,RETRIEVABLE,RETRIEVABLE,RETRIEVABLE
7433019307187014928,A,W-article,2024-11-03T11:51:09Z,1.7686,1-2y,1-2y,1-2y,1-2y,1-2y,1-2y,RETRIEVABLE,RETRIEVABLE,RETRIEVABLE,RETRIEVABLE,RETRIEVABLE,RETRIEVABLE
7433761005852822790,A,W-article,2024-11-05T11:49:19Z,1.7631,1-2y,1-2y,1-2y,1-2y,1-2y,1-2y,RETRIEVABLE,RETRIEVABLE,RETRIEVABLE,RETRIEVABLE,RETRIEVABLE,RETRIEVABLE
7434621268327976247,A,W-article,2024-11-07T19:27:35Z,1.7568,1-2y,1-2y,1-2y,1-2y,1-2y,1-2y,RETRIEVABLE,RETRIEVABLE,RETRIEVABLE,RETRIEVABLE,RETRIEVABLE,RETRIEVABLE
7434706574179912977,A,W-article,2024-11-08T00:58:37Z,1.7562,1-2y,1-2y,1-2y,1-2y,1-2y,1-2y,RETRIEVABLE,RETRIEVABLE,RETRIEVABLE,RETRIEVABLE,RETRIEVABLE,RETRIEVABLE
7434914890013297927,A,W-article,2024-11-08T14:26:59Z,1.7546,1-2y,1-2y,1-2y,1-2y,1-2y,1-2y,RETRIEVABLE,RETRIEVABLE,RETRIEVABLE,RETRIEVABLE,RETRIEVABLE,RETRIEVABLE
7435047303636847902,A,W-article,2024-11-08T23:00:49Z,1.7536,1-2y,1-2y,1-2y,1-2y,1-2y,1-2y,RETRIEVABLE,RETRIEVABLE,RETRIEVABLE,RETRIEVABLE,RETRIEVABLE,RETRIEVABLE
7435253224858307857,A,W-article,2024-11-09T12:19:54Z,1.7521,1-2y,1-2y,1-2y,1-2y,1-2y,1-2y,RETRIEVABLE,RETRIEVABLE,RETRIEVABLE,RETRIEVABLE,RETRIEVABLE,RETRIEVABLE
7435945309752020231,A,W-article,2024-11-11T09:05:32Z,1.7470,1-2y,1-2y,1-2y,1-2y,1-2y,1-2y,RETRIEVABLE,RETRIEVABLE,RETRIEVABLE,RETRIEVABLE,RETRIEVABLE,RETRIEVABLE
7435946737451175175,A,W-article,2024-11-11T09:11:05Z,1.7470,1-2y,1-2y,1-2y,1-2y,1-2y,1-2y,RETRIEVABLE,RETRIEVABLE,RETRIEVABLE,RETRIEVABLE,RETRIEVABLE,RETRIEVABLE
7435972412711111968,A,W-article,2024-11-11T10:50:43Z,1.7468,1-2y,1-2y,1-2y,1-2y,1-2y,1-2y,NOT-RETRIEVABLE,NOT-RETRIEVABLE,NOT-RETRIEVABLE,NOT-RETRIEVABLE,NOT-RETRIEVABLE,NOT-RETRIEVABLE
7436013510850530592,A,W-article,2024-11-11T13:30:11Z,1.7465,1-2y,1-2y,1-2y,1-2y,1-2y,1-2y,RETRIEVABLE,RETRIEVABLE,RETRIEVABLE,RETRIEVABLE,RETRIEVABLE,RETRIEVABLE
7436199264235179319,A,W-article,2024-11-12T01:31:01Z,1.7451,1-2y,1-2y,1-2y,1-2y,1-2y,1-2y,RETRIEVABLE,RETRIEVABLE,RETRIEVABLE,RETRIEVABLE,RETRIEVABLE,RETRIEVABLE
7436202912704892215,A,W-article,2024-11-12T01:45:10Z,1.7451,1-2y,1-2y,1-2y,1-2y,1-2y,1-2y,RETRIEVABLE,RETRIEVABLE,RETRIEVABLE,RETRIEVABLE,RETRIEVABLE,RETRIEVABLE
7436654770254810375,A,W-article,2024-11-13T06:58:36Z,1.7418,1-2y,1-2y,1-2y,1-2y,1-2y,1-2y,RETRIEVABLE,RETRIEVABLE,RETRIEVABLE,RETRIEVABLE,RETRIEVABLE,RETRIEVABLE
7436747900555726098,A,W-article,2024-11-13T13:00:00Z,1.7411,1-2y,1-2y,1-2y,1-2y,1-2y,1-2y,RETRIEVABLE,RETRIEVABLE,RETRIEVABLE,RETRIEVABLE,RETRIEVABLE,RETRIEVABLE
7436806113451986209,A,W-article,2024-11-13T16:45:54Z,1.7407,1-2y,1-2y,1-2y,1-2y,1-2y,1-2y,RETRIEVABLE,RETRIEVABLE,RETRIEVABLE,RETRIEVABLE,RETRIEVABLE,RETRIEVABLE
7437276460857036050,A,W-article,2024-11-14T23:11:05Z,1.7372,1-2y,1-2y,1-2y,1-2y,1-2y,1-2y,RETRIEVABLE,RETRIEVABLE,RETRIEVABLE,RETRIEVABLE,RETRIEVABLE,RETRIEVABLE
7437487827966889249,A,W-article,2024-11-15T12:51:18Z,1.7356,1-2y,1-2y,1-2y,1-2y,1-2y,1-2y,RETRIEVABLE,RETRIEVABLE,RETRIEVABLE,RETRIEVABLE,RETRIEVABLE,RETRIEVABLE
7437498477233310998,A,W-article,2024-11-15T13:32:37Z,1.7356,1-2y,1-2y,1-2y,1-2y,1-2y,1-2y,RETRIEVABLE,RETRIEVABLE,RETRIEVABLE,RETRIEVABLE,RETRIEVABLE,RETRIEVABLE
7437711277507546423,A,W-article,2024-11-16T03:18:24Z,1.7340,1-2y,1-2y,1-2y,1-2y,1-2y,1-2y,RETRIEVABLE,RETRIEVABLE,RETRIEVABLE,RETRIEVABLE,RETRIEVABLE,RETRIEVABLE
7437946554461195566,A,W-article,2024-11-16T18:31:23Z,1.7322,1-2y,1-2y,1-2y,1-2y,1-2y,1-2y,RETRIEVABLE,RETRIEVABLE,RETRIEVABLE,RETRIEVABLE,RETRIEVABLE,RETRIEVABLE
7438178785695993110,A,W-article,2024-11-17T09:32:34Z,1.7305,1-2y,1-2y,1-2y,1-2y,1-2y,1-2y,NOT-RETRIEVABLE,NOT-RETRIEVABLE,NOT-RETRIEVABLE,NOT-RETRIEVABLE,NOT-RETRIEVABLE,NOT-RETRIEVABLE
7438368047934688558,A,W-article,2024-11-17T21:47:00Z,1.7291,1-2y,1-2y,1-2y,1-2y,1-2y,1-2y,RETRIEVABLE,RETRIEVABLE,RETRIEVABLE,RETRIEVABLE,RETRIEVABLE,RETRIEVABLE
7438930359473016096,A,W-article,2024-11-19T10:09:03Z,1.7250,1-2y,1-2y,1-2y,1-2y,1-2y,1-2y,RETRIEVABLE,RETRIEVABLE,RETRIEVABLE,RETRIEVABLE,RETRIEVABLE,RETRIEVABLE
7438957831627263250,A,W-article,2024-11-19T11:55:40Z,1.7248,1-2y,1-2y,1-2y,1-2y,1-2y,1-2y,RETRIEVABLE,RETRIEVABLE,RETRIEVABLE,RETRIEVABLE,RETRIEVABLE,RETRIEVABLE
7439424791976627512,A,W-article,2024-11-20T18:07:42Z,1.7213,1-2y,1-2y,1-2y,1-2y,1-2y,1-2y,RETRIEVABLE,RETRIEVABLE,RETRIEVABLE,RETRIEVABLE,RETRIEVABLE,INDETERMINATE
7439537687989816622,A,W-article,2024-11-21T01:25:48Z,1.7205,1-2y,1-2y,1-2y,1-2y,1-2y,1-2y,RETRIEVABLE,RETRIEVABLE,RETRIEVABLE,RETRIEVABLE,RETRIEVABLE,RETRIEVABLE
7439653386154233096,A,W-article,2024-11-21T08:54:46Z,1.7197,1-2y,1-2y,1-2y,1-2y,1-2y,1-2y,RETRIEVABLE,RETRIEVABLE,RETRIEVABLE,RETRIEVABLE,RETRIEVABLE,RETRIEVABLE
7439855764191186183,A,W-article,2024-11-21T22:00:06Z,1.7182,1-2y,1-2y,1-2y,1-2y,1-2y,1-2y,RETRIEVABLE,RETRIEVABLE,INDETERMINATE,RETRIEVABLE,RETRIEVABLE,RETRIEVABLE
7440413610666478855,A,W-article,2024-11-23T10:04:50Z,1.7140,1-2y,1-2y,1-2y,1-2y,1-2y,1-2y,NOT-RETRIEVABLE,NOT-RETRIEVABLE,NOT-RETRIEVABLE,NOT-RETRIEVABLE,NOT-RETRIEVABLE,NOT-RETRIEVABLE
7440504724606160184,A,W-article,2024-11-23T15:58:24Z,1.7134,1-2y,1-2y,1-2y,1-2y,1-2y,1-2y,RETRIEVABLE,RETRIEVABLE,RETRIEVABLE,RETRIEVABLE,RETRIEVABLE,RETRIEVABLE
7440741414935301384,A,W-article,2024-11-24T07:16:52Z,1.7116,1-2y,1-2y,1-2y,1-2y,1-2y,1-2y,INDETERMINATE,RETRIEVABLE,RETRIEVABLE,RETRIEVABLE,RETRIEVABLE,RETRIEVABLE
7440742386101259527,A,W-article,2024-11-24T07:20:39Z,1.7116,1-2y,1-2y,1-2y,1-2y,1-2y,1-2y,RETRIEVABLE,RETRIEVABLE,RETRIEVABLE,RETRIEVABLE,RETRIEVABLE,RETRIEVABLE
7440885293764382007,A,W-article,2024-11-24T16:35:12Z,1.7106,1-2y,1-2y,1-2y,1-2y,1-2y,1-2y,RETRIEVABLE,RETRIEVABLE,RETRIEVABLE,RETRIEVABLE,RETRIEVABLE,RETRIEVABLE
7440892141561253150,A,W-article,2024-11-24T17:01:46Z,1.7105,1-2y,1-2y,1-2y,1-2y,1-2y,1-2y,RETRIEVABLE,RETRIEVABLE,RETRIEVABLE,RETRIEVABLE,RETRIEVABLE,RETRIEVABLE
7441601536112774418,A,W-article,2024-11-26T14:54:35Z,1.7053,1-2y,1-2y,1-2y,1-2y,1-2y,1-2y,RETRIEVABLE,RETRIEVABLE,RETRIEVABLE,RETRIEVABLE,RETRIEVABLE,RETRIEVABLE
7441656241723641110,A,W-article,2024-11-26T18:26:52Z,1.7049,1-2y,1-2y,1-2y,1-2y,1-2y,1-2y,NOT-RETRIEVABLE,NOT-RETRIEVABLE,NOT-RETRIEVABLE,NOT-RETRIEVABLE,NOT-RETRIEVABLE,NOT-RETRIEVABLE
7441828752037776670,A,W-article,2024-11-27T05:36:18Z,1.7036,1-2y,1-2y,1-2y,1-2y,1-2y,1-2y,RETRIEVABLE,RETRIEVABLE,RETRIEVABLE,RETRIEVABLE,RETRIEVABLE,RETRIEVABLE
7441950953634401569,A,W-article,2024-11-27T13:30:30Z,1.7027,1-2y,1-2y,1-2y,1-2y,1-2y,1-2y,RETRIEVABLE,RETRIEVABLE,RETRIEVABLE,RETRIEVABLE,RETRIEVABLE,RETRIEVABLE
7442082353410739502,A,W-article,2024-11-27T22:00:24Z,1.7017,1-2y,1-2y,1-2y,1-2y,1-2y,1-2y,RETRIEVABLE,RETRIEVABLE,RETRIEVABLE,RETRIEVABLE,RETRIEVABLE,RETRIEVABLE
7442255139462974728,A,W-article,2024-11-28T09:10:54Z,1.7005,1-2y,1-2y,1-2y,1-2y,1-2y,1-2y,RETRIEVABLE,RETRIEVABLE,RETRIEVABLE,RETRIEVABLE,RETRIEVABLE,RETRIEVABLE
7442505640192314655,A,W-article,2024-11-29T01:22:58Z,1.6986,1-2y,1-2y,1-2y,1-2y,1-2y,1-2y,RETRIEVABLE,RETRIEVABLE,RETRIEVABLE,RETRIEVABLE,RETRIEVABLE,RETRIEVABLE
7442748015774813458,A,W-article,2024-11-29T17:03:31Z,1.6968,1-2y,1-2y,1-2y,1-2y,1-2y,1-2y,RETRIEVABLE,RETRIEVABLE,RETRIEVABLE,RETRIEVABLE,RETRIEVABLE,RETRIEVABLE
7443112304096447776,A,W-article,2024-11-30T16:37:08Z,1.6941,1-2y,1-2y,1-2y,1-2y,1-2y,1-2y,RETRIEVABLE,RETRIEVABLE,RETRIEVABLE,RETRIEVABLE,RETRIEVABLE,RETRIEVABLE
7443337851552484638,A,W-article,2024-12-01T07:12:22Z,1.6925,1-2y,1-2y,1-2y,1-2y,1-2y,1-2y,RETRIEVABLE,RETRIEVABLE,RETRIEVABLE,RETRIEVABLE,RETRIEVABLE,RETRIEVABLE
7443349289683651862,A,W-article,2024-12-01T07:56:46Z,1.6924,1-2y,1-2y,1-2y,1-2y,1-2y,1-2y,RETRIEVABLE,RETRIEVABLE,RETRIEVABLE,RETRIEVABLE,RETRIEVABLE,RETRIEVABLE
7443519900452211990,A,W-article,2024-12-01T18:58:49Z,1.6911,1-2y,1-2y,1-2y,1-2y,1-2y,1-2y,RETRIEVABLE,RETRIEVABLE,RETRIEVABLE,RETRIEVABLE,RETRIEVABLE,RETRIEVABLE
7443767576448011541,A,W-article,2024-12-02T10:59:56Z,1.6893,1-2y,1-2y,1-2y,1-2y,1-2y,1-2y,RETRIEVABLE,RETRIEVABLE,RETRIEVABLE,RETRIEVABLE,RETRIEVABLE,RETRIEVABLE
7445786611922603306,A,W-article,2024-12-07T21:34:49Z,1.6744,1-2y,1-2y,1-2y,1-2y,1-2y,1-2y,RETRIEVABLE,RETRIEVABLE,RETRIEVABLE,RETRIEVABLE,RETRIEVABLE,RETRIEVABLE
7445921540622880008,A,W-article,2024-12-08T06:18:24Z,1.6734,1-2y,1-2y,1-2y,1-2y,1-2y,1-2y,RETRIEVABLE,INDETERMINATE,RETRIEVABLE,RETRIEVABLE,RETRIEVABLE,RETRIEVABLE
7446227259452607774,A,W-article,2024-12-09T02:04:45Z,1.6712,1-2y,1-2y,1-2y,1-2y,1-2y,1-2y,RETRIEVABLE,RETRIEVABLE,RETRIEVABLE,RETRIEVABLE,RETRIEVABLE,RETRIEVABLE
7446448990935354670,A,W-article,2024-12-09T16:25:11Z,1.6695,1-2y,1-2y,1-2y,1-2y,1-2y,1-2y,NOT-RETRIEVABLE,RETRIEVABLE,RETRIEVABLE,RETRIEVABLE,RETRIEVABLE,RETRIEVABLE
7446503710680714514,A,W-article,2024-12-09T19:57:31Z,1.6691,1-2y,1-2y,1-2y,1-2y,1-2y,1-2y,RETRIEVABLE,RETRIEVABLE,RETRIEVABLE,RETRIEVABLE,RETRIEVABLE,RETRIEVABLE
7447153519007698198,A,W-article,2024-12-11T13:59:07Z,1.6643,1-2y,1-2y,1-2y,1-2y,1-2y,1-2y,RETRIEVABLE,RETRIEVABLE,RETRIEVABLE,RETRIEVABLE,RETRIEVABLE,RETRIEVABLE
7447509108095323410,A,W-article,2024-12-12T12:58:59Z,1.6617,1-2y,1-2y,1-2y,1-2y,1-2y,1-2y,RETRIEVABLE,RETRIEVABLE,RETRIEVABLE,RETRIEVABLE,RETRIEVABLE,RETRIEVABLE
7447564014281887018,A,W-article,2024-12-12T16:32:03Z,1.6613,1-2y,1-2y,1-2y,1-2y,1-2y,1-2y,RETRIEVABLE,RETRIEVABLE,RETRIEVABLE,RETRIEVABLE,RETRIEVABLE,RETRIEVABLE
7447625290617982239,A,W-article,2024-12-12T20:29:50Z,1.6608,1-2y,1-2y,1-2y,1-2y,1-2y,1-2y,RETRIEVABLE,RETRIEVABLE,RETRIEVABLE,RETRIEVABLE,RETRIEVABLE,RETRIEVABLE
7447633104921021728,A,W-article,2024-12-12T21:00:09Z,1.6608,1-2y,1-2y,1-2y,1-2y,1-2y,1-2y,RETRIEVABLE,RETRIEVABLE,RETRIEVABLE,RETRIEVABLE,RETRIEVABLE,RETRIEVABLE
7447778245874814215,A,W-article,2024-12-13T06:23:22Z,1.6597,1-2y,1-2y,1-2y,1-2y,1-2y,1-2y,RETRIEVABLE,RETRIEVABLE,RETRIEVABLE,RETRIEVABLE,RETRIEVABLE,RETRIEVABLE
7447904601837276447,A,W-article,2024-12-13T14:33:42Z,1.6588,1-2y,1-2y,1-2y,1-2y,1-2y,1-2y,NOT-RETRIEVABLE,NOT-RETRIEVABLE,NOT-RETRIEVABLE,NOT-RETRIEVABLE,NOT-RETRIEVABLE,NOT-RETRIEVABLE
7447905221910498591,A,W-article,2024-12-13T14:36:06Z,1.6588,1-2y,1-2y,1-2y,1-2y,1-2y,1-2y,RETRIEVABLE,RETRIEVABLE,RETRIEVABLE,RETRIEVABLE,RETRIEVABLE,RETRIEVABLE
7447948586286927137,A,W-article,2024-12-13T17:24:23Z,1.6585,1-2y,1-2y,1-2y,1-2y,1-2y,1-2y,RETRIEVABLE,RETRIEVABLE,RETRIEVABLE,RETRIEVABLE,RETRIEVABLE,RETRIEVABLE
7447979419848756485,A,W-article,2024-12-13T19:24:02Z,1.6582,1-2y,1-2y,1-2y,1-2y,1-2y,1-2y,NOT-RETRIEVABLE,NOT-RETRIEVABLE,NOT-RETRIEVABLE,NOT-RETRIEVABLE,NOT-RETRIEVABLE,NOT-RETRIEVABLE
7448363184605449505,A,W-article,2024-12-14T20:13:14Z,1.6554,1-2y,1-2y,1-2y,1-2y,1-2y,1-2y,RETRIEVABLE,RETRIEVABLE,RETRIEVABLE,RETRIEVABLE,RETRIEVABLE,RETRIEVABLE
7448757773413715206,A,W-article,2024-12-15T21:44:26Z,1.6525,1-2y,1-2y,1-2y,1-2y,1-2y,1-2y,RETRIEVABLE,RETRIEVABLE,RETRIEVABLE,RETRIEVABLE,RETRIEVABLE,RETRIEVABLE
7449017198749764869,A,W-article,2024-12-16T14:31:08Z,1.6506,1-2y,1-2y,1-2y,1-2y,1-2y,1-2y,RETRIEVABLE,RETRIEVABLE,INDETERMINATE,RETRIEVABLE,RETRIEVABLE,RETRIEVABLE
7449086263765814550,A,W-article,2024-12-16T18:59:09Z,1.6501,1-2y,1-2y,1-2y,1-2y,1-2y,1-2y,NOT-RETRIEVABLE,NOT-RETRIEVABLE,NOT-RETRIEVABLE,NOT-RETRIEVABLE,NOT-RETRIEVABLE,NOT-RETRIEVABLE
7449095151751892246,A,W-article,2024-12-16T19:33:38Z,1.6500,1-2y,1-2y,1-2y,1-2y,1-2y,1-2y,RETRIEVABLE,RETRIEVABLE,RETRIEVABLE,RETRIEVABLE,RETRIEVABLE,RETRIEVABLE
7449163724994170119,A,W-article,2024-12-16T23:59:44Z,1.6495,1-2y,1-2y,1-2y,1-2y,1-2y,1-2y,RETRIEVABLE,RETRIEVABLE,RETRIEVABLE,RETRIEVABLE,RETRIEVABLE,RETRIEVABLE
7449341342234283286,A,W-article,2024-12-17T11:28:59Z,1.6482,1-2y,1-2y,1-2y,1-2y,1-2y,1-2y,RETRIEVABLE,RETRIEVABLE,RETRIEVABLE,RETRIEVABLE,RETRIEVABLE,RETRIEVABLE
7449507817930919191,A,W-article,2024-12-17T22:15:00Z,1.6469,1-2y,1-2y,1-2y,1-2y,1-2y,1-2y,RETRIEVABLE,RETRIEVABLE,RETRIEVABLE,RETRIEVABLE,RETRIEVABLE,RETRIEVABLE
7450335115655269678,A,W-article,2024-12-20T03:45:20Z,1.6408,1-2y,1-2y,1-2y,1-2y,1-2y,1-2y,RETRIEVABLE,RETRIEVABLE,RETRIEVABLE,RETRIEVABLE,RETRIEVABLE,RETRIEVABLE
7450477652063849746,A,W-article,2024-12-20T12:58:27Z,1.6398,1-2y,1-2y,1-2y,1-2y,1-2y,1-2y,RETRIEVABLE,RETRIEVABLE,RETRIEVABLE,RETRIEVABLE,RETRIEVABLE,RETRIEVABLE
7451125187971435783,A,W-article,2024-12-22T06:51:13Z,1.6350,1-2y,1-2y,1-2y,1-2y,1-2y,1-2y,RETRIEVABLE,RETRIEVABLE,RETRIEVABLE,RETRIEVABLE,RETRIEVABLE,RETRIEVABLE
7451939003097468161,A,W-article,2024-12-24T11:29:14Z,1.6290,1-2y,1-2y,1-2y,1-2y,1-2y,1-2y,RETRIEVABLE,RETRIEVABLE,RETRIEVABLE,RETRIEVABLE,RETRIEVABLE,RETRIEVABLE
7452287547377667346,A,W-article,2024-12-25T10:01:46Z,1.6264,1-2y,1-2y,1-2y,1-2y,1-2y,1-2y,RETRIEVABLE,RETRIEVABLE,RETRIEVABLE,RETRIEVABLE,RETRIEVABLE,RETRIEVABLE
7452514071393488149,A,W-article,2024-12-26T00:40:48Z,1.6248,1-2y,1-2y,1-2y,1-2y,1-2y,1-2y,RETRIEVABLE,RETRIEVABLE,RETRIEVABLE,RETRIEVABLE,RETRIEVABLE,INDETERMINATE
7452689432798317831,A,W-article,2024-12-26T12:01:17Z,1.6235,1-2y,1-2y,1-2y,1-2y,1-2y,1-2y,RETRIEVABLE,RETRIEVABLE,RETRIEVABLE,RETRIEVABLE,RETRIEVABLE,RETRIEVABLE
7453465239246392583,A,W-article,2024-12-28T14:11:49Z,1.6178,1-2y,1-2y,1-2y,1-2y,1-2y,1-2y,RETRIEVABLE,RETRIEVABLE,RETRIEVABLE,INDETERMINATE,RETRIEVABLE,RETRIEVABLE
7453545911747087646,A,W-article,2024-12-28T19:24:52Z,1.6172,1-2y,1-2y,1-2y,1-2y,1-2y,1-2y,RETRIEVABLE,RETRIEVABLE,RETRIEVABLE,RETRIEVABLE,RETRIEVABLE,RETRIEVABLE
7453804574890036500,A,W-article,2024-12-29T12:08:36Z,1.6152,1-2y,1-2y,1-2y,1-2y,1-2y,1-2y,RETRIEVABLE,RETRIEVABLE,RETRIEVABLE,RETRIEVABLE,RETRIEVABLE,RETRIEVABLE
7453901294210747653,A,W-article,2024-12-29T18:23:56Z,1.6145,1-2y,1-2y,1-2y,1-2y,1-2y,1-2y,RETRIEVABLE,RETRIEVABLE,RETRIEVABLE,RETRIEVABLE,RETRIEVABLE,RETRIEVABLE
7454426650768362795,A,W-article,2024-12-31T04:22:35Z,1.6107,1-2y,1-2y,1-2y,1-2y,1-2y,1-2y,RETRIEVABLE,RETRIEVABLE,RETRIEVABLE,RETRIEVABLE,RETRIEVABLE,RETRIEVABLE
7454560007216958738,A,W-article,2024-12-31T13:00:04Z,1.6097,1-2y,1-2y,1-2y,1-2y,1-2y,1-2y,RETRIEVABLE,RETRIEVABLE,RETRIEVABLE,RETRIEVABLE,RETRIEVABLE,RETRIEVABLE
7454620199199755553,A,W-article,2024-12-31T16:53:39Z,1.6092,1-2y,1-2y,1-2y,1-2y,1-2y,1-2y,RETRIEVABLE,RETRIEVABLE,RETRIEVABLE,INDETERMINATE,RETRIEVABLE,RETRIEVABLE
7454719702208761093,A,W-article,2024-12-31T23:19:46Z,1.6085,1-2y,1-2y,1-2y,1-2y,1-2y,1-2y,NOT-RETRIEVABLE,NOT-RETRIEVABLE,NOT-RETRIEVABLE,NOT-RETRIEVABLE,NOT-RETRIEVABLE,NOT-RETRIEVABLE
7454909118243966215,A,W-article,2025-01-01T11:34:48Z,1.6071,1-2y,1-2y,1-2y,1-2y,1-2y,1-2y,RETRIEVABLE,RETRIEVABLE,RETRIEVABLE,RETRIEVABLE,RETRIEVABLE,RETRIEVABLE
7455376320394972438,A,W-article,2025-01-02T17:47:47Z,1.6037,1-2y,1-2y,1-2y,1-2y,1-2y,1-2y,RETRIEVABLE,RETRIEVABLE,RETRIEVABLE,RETRIEVABLE,RETRIEVABLE,RETRIEVABLE
7455394825332985094,A,W-article,2025-01-02T18:59:35Z,1.6035,1-2y,1-2y,1-2y,1-2y,1-2y,1-2y,RETRIEVABLE,RETRIEVABLE,RETRIEVABLE,RETRIEVABLE,RETRIEVABLE,RETRIEVABLE
7455570841284136198,A,W-article,2025-01-03T06:22:37Z,1.6022,1-2y,1-2y,1-2y,1-2y,1-2y,1-2y,RETRIEVABLE,RETRIEVABLE,RETRIEVABLE,RETRIEVABLE,RETRIEVABLE,RETRIEVABLE
7455603662472219922,A,W-article,2025-01-03T08:29:59Z,1.6020,1-2y,1-2y,1-2y,1-2y,1-2y,1-2y,RETRIEVABLE,RETRIEVABLE,RETRIEVABLE,RETRIEVABLE,RETRIEVABLE,RETRIEVABLE
7455637829972938006,A,W-article,2025-01-03T10:42:34Z,1.6017,1-2y,1-2y,1-2y,1-2y,1-2y,1-2y,RETRIEVABLE,RETRIEVABLE,RETRIEVABLE,RETRIEVABLE,RETRIEVABLE,RETRIEVABLE
7456308890695683335,A,W-article,2025-01-05T06:06:38Z,1.5968,1-2y,1-2y,1-2y,1-2y,1-2y,1-2y,RETRIEVABLE,RETRIEVABLE,RETRIEVABLE,RETRIEVABLE,RETRIEVABLE,RETRIEVABLE
7456794141909896491,A,W-article,2025-01-06T13:29:39Z,1.5932,1-2y,1-2y,1-2y,1-2y,1-2y,1-2y,RETRIEVABLE,RETRIEVABLE,INDETERMINATE,RETRIEVABLE,RETRIEVABLE,RETRIEVABLE
7456948368065957150,A,W-article,2025-01-06T23:28:08Z,1.5921,1-2y,1-2y,1-2y,1-2y,1-2y,1-2y,RETRIEVABLE,RETRIEVABLE,RETRIEVABLE,RETRIEVABLE,RETRIEVABLE,RETRIEVABLE
7457316317436087557,A,W-article,2025-01-07T23:15:58Z,1.5893,1-2y,1-2y,1-2y,1-2y,1-2y,1-2y,RETRIEVABLE,RETRIEVABLE,RETRIEVABLE,RETRIEVABLE,RETRIEVABLE,RETRIEVABLE
7457636921129454890,A,W-article,2025-01-08T20:00:04Z,1.5870,1-2y,1-2y,1-2y,1-2y,1-2y,1-2y,RETRIEVABLE,RETRIEVABLE,RETRIEVABLE,RETRIEVABLE,RETRIEVABLE,RETRIEVABLE
7457884172128996629,A,W-article,2025-01-09T11:59:32Z,1.5851,1-2y,1-2y,1-2y,1-2y,1-2y,1-2y,RETRIEVABLE,RETRIEVABLE,RETRIEVABLE,RETRIEVABLE,RETRIEVABLE,RETRIEVABLE
7458837735835536671,A,W-article,2025-01-12T01:39:50Z,1.5781,1-2y,1-2y,1-2y,1-2y,1-2y,1-2y,RETRIEVABLE,RETRIEVABLE,RETRIEVABLE,RETRIEVABLE,RETRIEVABLE,RETRIEVABLE
7460591082607299886,A,W-article,2025-01-16T19:03:43Z,1.5652,1-2y,1-2y,1-2y,1-2y,1-2y,1-2y,RETRIEVABLE,RETRIEVABLE,RETRIEVABLE,RETRIEVABLE,RETRIEVABLE,RETRIEVABLE
7461163877997235478,A,W-article,2025-01-18T08:06:28Z,1.5610,1-2y,1-2y,1-2y,1-2y,1-2y,1-2y,RETRIEVABLE,RETRIEVABLE,RETRIEVABLE,RETRIEVABLE,RETRIEVABLE,RETRIEVABLE
7461347955061148933,A,W-article,2025-01-18T20:00:46Z,1.5596,1-2y,1-2y,1-2y,1-2y,1-2y,1-2y,RETRIEVABLE,RETRIEVABLE,RETRIEVABLE,RETRIEVABLE,RETRIEVABLE,RETRIEVABLE
7462000542051585298,A,W-article,2025-01-20T14:13:09Z,1.5548,1-2y,1-2y,1-2y,1-2y,1-2y,1-2y,NOT-RETRIEVABLE,NOT-RETRIEVABLE,NOT-RETRIEVABLE,NOT-RETRIEVABLE,NOT-RETRIEVABLE,NOT-RETRIEVABLE
7462497969900768518,A,W-article,2025-01-21T22:23:25Z,1.5511,1-2y,1-2y,1-2y,1-2y,1-2y,1-2y,RETRIEVABLE,RETRIEVABLE,RETRIEVABLE,RETRIEVABLE,RETRIEVABLE,INDETERMINATE
7462739399369919776,A,W-article,2025-01-22T14:00:17Z,1.5493,1-2y,1-2y,1-2y,1-2y,1-2y,1-2y,RETRIEVABLE,RETRIEVABLE,RETRIEVABLE,RETRIEVABLE,RETRIEVABLE,RETRIEVABLE
7463844794683460866,A,W-article,2025-01-25T13:29:47Z,1.5412,1-2y,1-2y,1-2y,1-2y,1-2y,1-2y,RETRIEVABLE,RETRIEVABLE,RETRIEVABLE,RETRIEVABLE,RETRIEVABLE,RETRIEVABLE
7463871984267513096,A,W-article,2025-01-25T15:15:18Z,1.5410,1-2y,1-2y,1-2y,1-2y,1-2y,1-2y,RETRIEVABLE,RETRIEVABLE,RETRIEVABLE,RETRIEVABLE,RETRIEVABLE,RETRIEVABLE
7464293343774756118,A,W-article,2025-01-26T18:30:23Z,1.5379,1-2y,1-2y,1-2y,1-2y,1-2y,1-2y,RETRIEVABLE,INDETERMINATE,RETRIEVABLE,RETRIEVABLE,RETRIEVABLE,RETRIEVABLE
7464402506311896338,A,W-article,2025-01-27T01:34:00Z,1.5371,1-2y,1-2y,1-2y,1-2y,1-2y,1-2y,RETRIEVABLE,RETRIEVABLE,RETRIEVABLE,RETRIEVABLE,RETRIEVABLE,RETRIEVABLE
7464949981628091666,A,W-article,2025-01-28T12:58:29Z,1.5330,1-2y,1-2y,1-2y,1-2y,1-2y,1-2y,RETRIEVABLE,RETRIEVABLE,RETRIEVABLE,RETRIEVABLE,RETRIEVABLE,RETRIEVABLE
7465052326701616390,A,W-article,2025-01-28T19:35:38Z,1.5323,1-2y,1-2y,1-2y,1-2y,1-2y,1-2y,RETRIEVABLE,RETRIEVABLE,RETRIEVABLE,RETRIEVABLE,RETRIEVABLE,RETRIEVABLE
7465567615076011282,A,W-article,2025-01-30T04:55:13Z,1.5285,1-2y,1-2y,1-2y,1-2y,1-2y,1-2y,RETRIEVABLE,RETRIEVABLE,RETRIEVABLE,RETRIEVABLE,RETRIEVABLE,RETRIEVABLE
7465799687388384545,A,W-article,2025-01-30T19:55:46Z,1.5267,1-2y,1-2y,1-2y,1-2y,1-2y,1-2y,RETRIEVABLE,RETRIEVABLE,RETRIEVABLE,RETRIEVABLE,RETRIEVABLE,RETRIEVABLE
7466142937798266158,A,W-article,2025-01-31T18:07:45Z,1.5242,1-2y,1-2y,1-2y,1-2y,1-2y,1-2y,RETRIEVABLE,RETRIEVABLE,RETRIEVABLE,RETRIEVABLE,RETRIEVABLE,RETRIEVABLE
7466434666338241800,A,W-article,2025-02-01T12:59:49Z,1.5221,1-2y,1-2y,1-2y,1-2y,1-2y,1-2y,RETRIEVABLE,RETRIEVABLE,RETRIEVABLE,RETRIEVABLE,RETRIEVABLE,RETRIEVABLE
7466450709375028485,A,W-article,2025-02-01T14:02:04Z,1.5219,1-2y,1-2y,1-2y,1-2y,1-2y,1-2y,RETRIEVABLE,RETRIEVABLE,RETRIEVABLE,RETRIEVABLE,RETRIEVABLE,RETRIEVABLE
7467446830062636295,A,W-article,2025-02-04T06:27:31Z,1.5146,1-2y,1-2y,1-2y,1-2y,1-2y,1-2y,RETRIEVABLE,RETRIEVABLE,RETRIEVABLE,RETRIEVABLE,RETRIEVABLE,RETRIEVABLE
7467455543091793159,A,W-article,2025-02-04T07:01:20Z,1.5145,1-2y,1-2y,1-2y,1-2y,1-2y,1-2y,NOT-RETRIEVABLE,NOT-RETRIEVABLE,NOT-RETRIEVABLE,NOT-RETRIEVABLE,NOT-RETRIEVABLE,NOT-RETRIEVABLE
7468166802997071122,A,W-article,2025-02-06T05:01:23Z,1.5093,1-2y,1-2y,1-2y,1-2y,1-2y,1-2y,RETRIEVABLE,RETRIEVABLE,RETRIEVABLE,RETRIEVABLE,RETRIEVABLE,RETRIEVABLE
7468425298770496773,A,W-article,2025-02-06T21:44:29Z,1.5074,1-2y,1-2y,1-2y,1-2y,1-2y,1-2y,RETRIEVABLE,RETRIEVABLE,RETRIEVABLE,RETRIEVABLE,RETRIEVABLE,RETRIEVABLE
7468496980717817093,A,W-article,2025-02-07T02:22:39Z,1.5068,1-2y,1-2y,1-2y,1-2y,1-2y,1-2y,RETRIEVABLE,RETRIEVABLE,RETRIEVABLE,RETRIEVABLE,RETRIEVABLE,RETRIEVABLE
7468519830556036360,A,W-article,2025-02-07T03:51:19Z,1.5067,1-2y,1-2y,1-2y,1-2y,1-2y,1-2y,RETRIEVABLE,RETRIEVABLE,RETRIEVABLE,RETRIEVABLE,RETRIEVABLE,RETRIEVABLE
7468590312118684945,A,W-article,2025-02-07T08:24:49Z,1.5062,1-2y,1-2y,1-2y,1-2y,1-2y,1-2y,RETRIEVABLE,RETRIEVABLE,RETRIEVABLE,RETRIEVABLE,RETRIEVABLE,RETRIEVABLE
7468599499716349202,A,W-article,2025-02-07T09:00:28Z,1.5061,1-2y,1-2y,1-2y,1-2y,1-2y,1-2y,RETRIEVABLE,RETRIEVABLE,INDETERMINATE,RETRIEVABLE,RETRIEVABLE,RETRIEVABLE
7468682039273737518,A,W-article,2025-02-07T14:20:46Z,1.5055,1-2y,1-2y,1-2y,1-2y,1-2y,1-2y,RETRIEVABLE,RETRIEVABLE,RETRIEVABLE,RETRIEVABLE,RETRIEVABLE,RETRIEVABLE
7469526539613293866,A,W-article,2025-02-09T20:57:52Z,1.4993,1-2y,1-2y,1-2y,1-2y,1-2y,1-2y,INDETERMINATE,RETRIEVABLE,RETRIEVABLE,RETRIEVABLE,RETRIEVABLE,RETRIEVABLE
7470228906281569582,A,W-article,2025-02-11T18:23:24Z,1.4941,1-2y,1-2y,1-2y,1-2y,1-2y,1-2y,RETRIEVABLE,RETRIEVABLE,RETRIEVABLE,RETRIEVABLE,RETRIEVABLE,RETRIEVABLE
7470272408809737494,A,W-article,2025-02-11T21:12:13Z,1.4937,1-2y,1-2y,1-2y,1-2y,1-2y,1-2y,RETRIEVABLE,RETRIEVABLE,RETRIEVABLE,RETRIEVABLE,RETRIEVABLE,RETRIEVABLE
7470838237427141906,A,W-article,2025-02-13T09:47:55Z,1.4896,1-2y,1-2y,1-2y,1-2y,1-2y,1-2y,RETRIEVABLE,RETRIEVABLE,RETRIEVABLE,RETRIEVABLE,RETRIEVABLE,RETRIEVABLE
7470940394415770896,A,W-article,2025-02-13T16:24:20Z,1.4888,1-2y,1-2y,1-2y,1-2y,1-2y,1-2y,RETRIEVABLE,RETRIEVABLE,RETRIEVABLE,RETRIEVABLE,RETRIEVABLE,RETRIEVABLE
7470943547764641040,A,W-article,2025-02-13T16:36:34Z,1.4888,1-2y,1-2y,1-2y,1-2y,1-2y,1-2y,RETRIEVABLE,RETRIEVABLE,RETRIEVABLE,RETRIEVABLE,RETRIEVABLE,RETRIEVABLE
7471072948825132296,A,W-article,2025-02-14T00:58:43Z,1.4878,1-2y,1-2y,1-2y,1-2y,1-2y,1-2y,RETRIEVABLE,RETRIEVABLE,RETRIEVABLE,RETRIEVABLE,RETRIEVABLE,RETRIEVABLE
7471178309288611079,A,W-article,2025-02-14T07:47:34Z,1.4871,1-2y,1-2y,1-2y,1-2y,1-2y,1-2y,RETRIEVABLE,RETRIEVABLE,RETRIEVABLE,RETRIEVABLE,RETRIEVABLE,RETRIEVABLE
7471331120592735494,A,W-article,2025-02-14T17:40:33Z,1.4859,1-2y,1-2y,1-2y,1-2y,1-2y,1-2y,RETRIEVABLE,RETRIEVABLE,RETRIEVABLE,RETRIEVABLE,RETRIEVABLE,RETRIEVABLE
7471348601566940438,A,W-article,2025-02-14T18:48:23Z,1.4858,1-2y,1-2y,1-2y,1-2y,1-2y,1-2y,RETRIEVABLE,RETRIEVABLE,RETRIEVABLE,RETRIEVABLE,RETRIEVABLE,RETRIEVABLE
7471469846216084791,A,W-article,2025-02-15T02:38:53Z,1.4849,1-2y,1-2y,1-2y,1-2y,1-2y,1-2y,RETRIEVABLE,RETRIEVABLE,RETRIEVABLE,RETRIEVABLE,RETRIEVABLE,RETRIEVABLE
7471506807853174022,A,W-article,2025-02-15T05:02:19Z,1.4846,1-2y,1-2y,1-2y,1-2y,1-2y,1-2y,RETRIEVABLE,RETRIEVABLE,RETRIEVABLE,RETRIEVABLE,RETRIEVABLE,RETRIEVABLE
7472020273265380625,A,W-article,2025-02-16T14:14:49Z,1.4809,1-2y,1-2y,1-2y,1-2y,1-2y,1-2y,RETRIEVABLE,RETRIEVABLE,RETRIEVABLE,RETRIEVABLE,RETRIEVABLE,RETRIEVABLE
7472189324985912581,A,W-article,2025-02-17T01:10:50Z,1.4796,1-2y,1-2y,1-2y,1-2y,1-2y,1-2y,RETRIEVABLE,RETRIEVABLE,RETRIEVABLE,RETRIEVABLE,RETRIEVABLE,RETRIEVABLE
7472309274371165447,A,W-article,2025-02-17T08:56:17Z,1.4787,1-2y,1-2y,1-2y,1-2y,1-2y,1-2y,RETRIEVABLE,RETRIEVABLE,RETRIEVABLE,RETRIEVABLE,RETRIEVABLE,RETRIEVABLE
7472552610097106182,A,W-article,2025-02-18T00:40:33Z,1.4769,1-2y,1-2y,1-2y,1-2y,1-2y,1-2y,RETRIEVABLE,RETRIEVABLE,RETRIEVABLE,RETRIEVABLE,RETRIEVABLE,RETRIEVABLE
7473068343092612370,A,W-article,2025-02-19T10:01:52Z,1.4731,1-2y,1-2y,1-2y,1-2y,1-2y,1-2y,RETRIEVABLE,RETRIEVABLE,RETRIEVABLE,RETRIEVABLE,RETRIEVABLE,RETRIEVABLE
7473098708159057159,A,W-article,2025-02-19T11:59:42Z,1.4729,1-2y,1-2y,1-2y,1-2y,1-2y,1-2y,RETRIEVABLE,RETRIEVABLE,RETRIEVABLE,RETRIEVABLE,RETRIEVABLE,RETRIEVABLE
7473325013505035527,A,W-article,2025-02-20T02:37:53Z,1.4712,1-2y,1-2y,1-2y,1-2y,1-2y,1-2y,RETRIEVABLE,RETRIEVABLE,RETRIEVABLE,RETRIEVABLE,RETRIEVABLE,RETRIEVABLE
7473696077925911830,A,W-article,2025-02-21T02:37:48Z,1.4685,1-2y,1-2y,1-2y,1-2y,1-2y,1-2y,RETRIEVABLE,RETRIEVABLE,RETRIEVABLE,RETRIEVABLE,RETRIEVABLE,RETRIEVABLE
7473748661378256136,A,W-article,2025-02-21T06:01:51Z,1.4681,1-2y,1-2y,1-2y,1-2y,1-2y,1-2y,RETRIEVABLE,RETRIEVABLE,RETRIEVABLE,RETRIEVABLE,RETRIEVABLE,RETRIEVABLE
7474226642781523222,A,W-article,2025-02-22T12:56:40Z,1.4646,1-2y,1-2y,1-2y,1-2y,1-2y,1-2y,RETRIEVABLE,RETRIEVABLE,RETRIEVABLE,RETRIEVABLE,RETRIEVABLE,RETRIEVABLE
7474266266413436182,A,W-article,2025-02-22T15:30:25Z,1.4643,1-2y,1-2y,1-2y,1-2y,1-2y,1-2y,RETRIEVABLE,RETRIEVABLE,RETRIEVABLE,RETRIEVABLE,RETRIEVABLE,RETRIEVABLE
7474937911234891030,A,W-article,2025-02-24T10:56:45Z,1.4593,1-2y,1-2y,1-2y,1-2y,1-2y,1-2y,RETRIEVABLE,RETRIEVABLE,RETRIEVABLE,INDETERMINATE,RETRIEVABLE,RETRIEVABLE
7475364253319302405,A,W-article,2025-02-25T14:31:10Z,1.4562,1-2y,1-2y,1-2y,1-2y,1-2y,1-2y,RETRIEVABLE,RETRIEVABLE,RETRIEVABLE,RETRIEVABLE,RETRIEVABLE,RETRIEVABLE
7475373665870220552,A,W-article,2025-02-25T15:07:42Z,1.4561,1-2y,1-2y,1-2y,1-2y,1-2y,1-2y,RETRIEVABLE,RETRIEVABLE,INDETERMINATE,RETRIEVABLE,RETRIEVABLE,RETRIEVABLE
7475395120167177494,A,W-article,2025-02-25T16:30:57Z,1.4560,1-2y,1-2y,1-2y,1-2y,1-2y,1-2y,RETRIEVABLE,RETRIEVABLE,RETRIEVABLE,RETRIEVABLE,RETRIEVABLE,RETRIEVABLE
7475509908809452806,A,W-article,2025-02-25T23:56:23Z,1.4551,1-2y,1-2y,1-2y,1-2y,1-2y,1-2y,RETRIEVABLE,RETRIEVABLE,RETRIEVABLE,RETRIEVABLE,RETRIEVABLE,RETRIEVABLE
7475594709218397446,A,W-article,2025-02-26T05:25:27Z,1.4545,1-2y,1-2y,1-2y,1-2y,1-2y,1-2y,RETRIEVABLE,RETRIEVABLE,RETRIEVABLE,RETRIEVABLE,RETRIEVABLE,RETRIEVABLE
7475604556580179255,A,W-article,2025-02-26T06:03:40Z,1.4544,1-2y,1-2y,1-2y,1-2y,1-2y,1-2y,RETRIEVABLE,RETRIEVABLE,RETRIEVABLE,RETRIEVABLE,RETRIEVABLE,RETRIEVABLE
7475804609102040375,A,W-article,2025-02-26T18:59:58Z,1.4529,1-2y,1-2y,1-2y,1-2y,1-2y,1-2y,RETRIEVABLE,RETRIEVABLE,RETRIEVABLE,RETRIEVABLE,RETRIEVABLE,RETRIEVABLE
7475858272701009170,A,W-article,2025-02-26T22:28:13Z,1.4525,1-2y,1-2y,1-2y,1-2y,1-2y,1-2y,RETRIEVABLE,RETRIEVABLE,RETRIEVABLE,RETRIEVABLE,RETRIEVABLE,RETRIEVABLE
7475942894554057990,A,W-article,2025-02-27T03:56:36Z,1.4519,1-2y,1-2y,1-2y,1-2y,1-2y,1-2y,RETRIEVABLE,RETRIEVABLE,RETRIEVABLE,RETRIEVABLE,RETRIEVABLE,RETRIEVABLE
7476379348925156663,A,W-article,2025-02-28T08:10:16Z,1.4487,1-2y,1-2y,1-2y,1-2y,1-2y,1-2y,RETRIEVABLE,RETRIEVABLE,RETRIEVABLE,RETRIEVABLE,RETRIEVABLE,RETRIEVABLE
7476496871364627754,A,W-article,2025-02-28T15:46:18Z,1.4478,1-2y,1-2y,1-2y,1-2y,1-2y,1-2y,RETRIEVABLE,RETRIEVABLE,RETRIEVABLE,RETRIEVABLE,RETRIEVABLE,RETRIEVABLE
7476497064961051909,A,W-article,2025-02-28T15:47:03Z,1.4478,1-2y,1-2y,1-2y,1-2y,1-2y,1-2y,RETRIEVABLE,INDETERMINATE,RETRIEVABLE,RETRIEVABLE,RETRIEVABLE,RETRIEVABLE
7476579496171179319,A,W-article,2025-02-28T21:06:56Z,1.4472,1-2y,1-2y,1-2y,1-2y,1-2y,1-2y,RETRIEVABLE,RETRIEVABLE,RETRIEVABLE,RETRIEVABLE,RETRIEVABLE,RETRIEVABLE
7476870778512821546,A,W-article,2025-03-01T15:57:15Z,1.4451,1-2y,1-2y,1-2y,1-2y,1-2y,1-2y,RETRIEVABLE,RETRIEVABLE,RETRIEVABLE,RETRIEVABLE,RETRIEVABLE,RETRIEVABLE
7476927021054954807,A,W-article,2025-03-01T19:35:30Z,1.4447,1-2y,1-2y,1-2y,1-2y,1-2y,1-2y,RETRIEVABLE,RETRIEVABLE,RETRIEVABLE,RETRIEVABLE,RETRIEVABLE,RETRIEVABLE
7477179457078299912,A,W-article,2025-03-02T11:55:05Z,1.4428,1-2y,1-2y,1-2y,1-2y,1-2y,1-2y,RETRIEVABLE,RETRIEVABLE,RETRIEVABLE,RETRIEVABLE,RETRIEVABLE,RETRIEVABLE
7477275444601965829,A,W-article,2025-03-02T18:07:34Z,1.4421,1-2y,1-2y,1-2y,1-2y,1-2y,1-2y,RETRIEVABLE,RETRIEVABLE,RETRIEVABLE,RETRIEVABLE,RETRIEVABLE,RETRIEVABLE
7477426848624823607,A,W-article,2025-03-03T03:55:06Z,1.4410,1-2y,1-2y,1-2y,1-2y,1-2y,1-2y,RETRIEVABLE,RETRIEVABLE,RETRIEVABLE,RETRIEVABLE,RETRIEVABLE,RETRIEVABLE
7477466426635226373,A,W-article,2025-03-03T06:28:41Z,1.4407,1-2y,1-2y,1-2y,1-2y,1-2y,1-2y,RETRIEVABLE,RETRIEVABLE,RETRIEVABLE,RETRIEVABLE,RETRIEVABLE,RETRIEVABLE
7477574938761727250,A,W-article,2025-03-03T13:29:45Z,1.4399,1-2y,1-2y,1-2y,1-2y,1-2y,1-2y,RETRIEVABLE,RETRIEVABLE,RETRIEVABLE,RETRIEVABLE,RETRIEVABLE,RETRIEVABLE
7478637947290406151,A,W-article,2025-03-06T10:14:46Z,1.4320,1-2y,1-2y,1-2y,1-2y,1-2y,1-2y,RETRIEVABLE,RETRIEVABLE,RETRIEVABLE,RETRIEVABLE,RETRIEVABLE,RETRIEVABLE
7478655118154435847,A,W-article,2025-03-06T11:21:24Z,1.4319,1-2y,1-2y,1-2y,1-2y,1-2y,1-2y,RETRIEVABLE,RETRIEVABLE,RETRIEVABLE,RETRIEVABLE,RETRIEVABLE,RETRIEVABLE
7478719869324709142,A,W-article,2025-03-06T15:32:40Z,1.4314,1-2y,1-2y,1-2y,1-2y,1-2y,1-2y,RETRIEVABLE,RETRIEVABLE,RETRIEVABLE,RETRIEVABLE,RETRIEVABLE,RETRIEVABLE
7478797940404784389,A,W-article,2025-03-06T20:35:38Z,1.4308,1-2y,1-2y,1-2y,1-2y,1-2y,1-2y,RETRIEVABLE,RETRIEVABLE,RETRIEVABLE,RETRIEVABLE,RETRIEVABLE,RETRIEVABLE
7479060979033099538,A,W-article,2025-03-07T13:36:21Z,1.4289,1-2y,1-2y,1-2y,1-2y,1-2y,1-2y,RETRIEVABLE,RETRIEVABLE,RETRIEVABLE,RETRIEVABLE,RETRIEVABLE,RETRIEVABLE
7479116692124142869,A,W-article,2025-03-07T17:12:33Z,1.4285,1-2y,1-2y,1-2y,1-2y,1-2y,1-2y,RETRIEVABLE,RETRIEVABLE,RETRIEVABLE,RETRIEVABLE,RETRIEVABLE,RETRIEVABLE
7479812152275045654,A,W-article,2025-03-09T14:11:17Z,1.4234,1-2y,1-2y,1-2y,1-2y,1-2y,1-2y,RETRIEVABLE,RETRIEVABLE,RETRIEVABLE,RETRIEVABLE,RETRIEVABLE,RETRIEVABLE
7479964720913714462,A,W-article,2025-03-10T00:03:20Z,1.4222,1-2y,1-2y,1-2y,1-2y,1-2y,1-2y,RETRIEVABLE,RETRIEVABLE,RETRIEVABLE,RETRIEVABLE,RETRIEVABLE,RETRIEVABLE
7480990632660487446,A,W-article,2025-03-12T18:24:24Z,1.4147,1-2y,1-2y,1-2y,1-2y,1-2y,1-2y,RETRIEVABLE,RETRIEVABLE,RETRIEVABLE,RETRIEVABLE,RETRIEVABLE,RETRIEVABLE
7481083827025136951,A,W-article,2025-03-13T00:26:02Z,1.4140,1-2y,1-2y,1-2y,1-2y,1-2y,1-2y,RETRIEVABLE,RETRIEVABLE,RETRIEVABLE,RETRIEVABLE,RETRIEVABLE,RETRIEVABLE
7481333417204878647,A,W-article,2025-03-13T16:34:34Z,1.4121,1-2y,1-2y,1-2y,1-2y,1-2y,1-2y,RETRIEVABLE,RETRIEVABLE,RETRIEVABLE,RETRIEVABLE,RETRIEVABLE,RETRIEVABLE
7481450904281959685,A,W-article,2025-03-14T00:10:29Z,1.4113,1-2y,1-2y,1-2y,1-2y,1-2y,1-2y,RETRIEVABLE,RETRIEVABLE,RETRIEVABLE,INDETERMINATE,RETRIEVABLE,RETRIEVABLE
7481580774873976081,A,W-article,2025-03-14T08:34:27Z,1.4103,1-2y,1-2y,1-2y,1-2y,1-2y,1-2y,RETRIEVABLE,RETRIEVABLE,RETRIEVABLE,RETRIEVABLE,RETRIEVABLE,RETRIEVABLE
7481647714720042262,A,W-article,2025-03-14T12:54:13Z,1.4098,1-2y,1-2y,1-2y,1-2y,1-2y,1-2y,RETRIEVABLE,RETRIEVABLE,RETRIEVABLE,RETRIEVABLE,RETRIEVABLE,RETRIEVABLE
7481727687292226822,A,W-article,2025-03-14T18:04:33Z,1.4092,1-2y,1-2y,1-2y,1-2y,1-2y,1-2y,RETRIEVABLE,RETRIEVABLE,RETRIEVABLE,RETRIEVABLE,RETRIEVABLE,RETRIEVABLE
7481749310330178838,A,W-article,2025-03-14T19:28:27Z,1.4091,1-2y,1-2y,1-2y,1-2y,1-2y,1-2y,RETRIEVABLE,RETRIEVABLE,RETRIEVABLE,RETRIEVABLE,RETRIEVABLE,RETRIEVABLE
7481788928127700242,A,W-article,2025-03-14T22:02:11Z,1.4088,1-2y,1-2y,1-2y,1-2y,1-2y,1-2y,RETRIEVABLE,RETRIEVABLE,RETRIEVABLE,RETRIEVABLE,RETRIEVABLE,RETRIEVABLE
7481850410819489042,A,W-article,2025-03-15T02:00:46Z,1.4083,1-2y,1-2y,1-2y,1-2y,1-2y,1-2y,RETRIEVABLE,RETRIEVABLE,RETRIEVABLE,RETRIEVABLE,RETRIEVABLE,RETRIEVABLE
7482948538318540050,A,W-article,2025-03-18T01:02:04Z,1.4002,1-2y,1-2y,1-2y,1-2y,1-2y,1-2y,RETRIEVABLE,RETRIEVABLE,RETRIEVABLE,RETRIEVABLE,RETRIEVABLE,RETRIEVABLE
7483221567770463518,A,W-article,2025-03-18T18:41:34Z,1.3982,1-2y,1-2y,1-2y,1-2y,1-2y,1-2y,RETRIEVABLE,RETRIEVABLE,RETRIEVABLE,RETRIEVABLE,RETRIEVABLE,RETRIEVABLE
7483245987973172522,A,W-article,2025-03-18T20:16:20Z,1.3980,1-2y,1-2y,1-2y,1-2y,1-2y,1-2y,RETRIEVABLE,RETRIEVABLE,RETRIEVABLE,RETRIEVABLE,RETRIEVABLE,RETRIEVABLE
7483246462566944022,A,W-article,2025-03-18T20:18:10Z,1.3980,1-2y,1-2y,1-2y,1-2y,1-2y,1-2y,RETRIEVABLE,RETRIEVABLE,RETRIEVABLE,RETRIEVABLE,RETRIEVABLE,RETRIEVABLE
7483628279073738002,A,W-article,2025-03-19T20:59:49Z,1.3952,1-2y,1-2y,1-2y,1-2y,1-2y,1-2y,RETRIEVABLE,RETRIEVABLE,RETRIEVABLE,RETRIEVABLE,RETRIEVABLE,RETRIEVABLE
7484600321470123282,A,W-article,2025-03-22T11:51:50Z,1.3880,1-2y,1-2y,1-2y,1-2y,1-2y,1-2y,RETRIEVABLE,RETRIEVABLE,RETRIEVABLE,RETRIEVABLE,RETRIEVABLE,RETRIEVABLE
7484740789931625735,A,W-article,2025-03-22T20:56:55Z,1.3870,1-2y,1-2y,1-2y,1-2y,1-2y,1-2y,NOT-RETRIEVABLE,NOT-RETRIEVABLE,NOT-RETRIEVABLE,NOT-RETRIEVABLE,NOT-RETRIEVABLE,NOT-RETRIEVABLE
7485227401551629586,A,W-article,2025-03-24T04:25:13Z,1.3834,1-2y,1-2y,1-2y,1-2y,1-2y,1-2y,RETRIEVABLE,RETRIEVABLE,RETRIEVABLE,RETRIEVABLE,RETRIEVABLE,RETRIEVABLE
7485345224428883208,A,W-article,2025-03-24T12:02:26Z,1.3825,1-2y,1-2y,1-2y,1-2y,1-2y,1-2y,RETRIEVABLE,RETRIEVABLE,RETRIEVABLE,RETRIEVABLE,RETRIEVABLE,RETRIEVABLE
7485477837164530966,A,W-article,2025-03-24T20:37:02Z,1.3816,1-2y,1-2y,1-2y,1-2y,1-2y,1-2y,RETRIEVABLE,RETRIEVABLE,RETRIEVABLE,RETRIEVABLE,RETRIEVABLE,RETRIEVABLE
7485482172443266335,A,W-article,2025-03-24T20:53:52Z,1.3815,1-2y,1-2y,1-2y,1-2y,1-2y,1-2y,RETRIEVABLE,RETRIEVABLE,RETRIEVABLE,RETRIEVABLE,RETRIEVABLE,RETRIEVABLE
7485544591223983368,A,W-article,2025-03-25T00:56:05Z,1.3811,1-2y,1-2y,1-2y,1-2y,1-2y,1-2y,RETRIEVABLE,RETRIEVABLE,RETRIEVABLE,RETRIEVABLE,INDETERMINATE,RETRIEVABLE
7485591116864097544,A,W-article,2025-03-25T03:56:37Z,1.3807,1-2y,1-2y,1-2y,1-2y,1-2y,1-2y,RETRIEVABLE,RETRIEVABLE,RETRIEVABLE,RETRIEVABLE,RETRIEVABLE,RETRIEVABLE
7485660108165221654,A,W-article,2025-03-25T08:24:21Z,1.3802,1-2y,1-2y,1-2y,1-2y,1-2y,1-2y,RETRIEVABLE,RETRIEVABLE,RETRIEVABLE,RETRIEVABLE,RETRIEVABLE,RETRIEVABLE
7485671381963738376,A,W-article,2025-03-25T09:08:06Z,1.3801,1-2y,1-2y,1-2y,1-2y,1-2y,1-2y,RETRIEVABLE,RETRIEVABLE,RETRIEVABLE,RETRIEVABLE,RETRIEVABLE,RETRIEVABLE
7486031499796483336,A,W-article,2025-03-26T08:25:32Z,1.3775,1-2y,1-2y,1-2y,1-2y,1-2y,1-2y,RETRIEVABLE,RETRIEVABLE,RETRIEVABLE,RETRIEVABLE,RETRIEVABLE,RETRIEVABLE
7486385264588279095,A,W-article,2025-03-27T07:18:19Z,1.3749,1-2y,1-2y,1-2y,1-2y,1-2y,1-2y,RETRIEVABLE,RETRIEVABLE,RETRIEVABLE,RETRIEVABLE,RETRIEVABLE,INDETERMINATE
7486401567734697223,A,W-article,2025-03-27T08:21:35Z,1.3747,1-2y,1-2y,1-2y,1-2y,1-2y,1-2y,RETRIEVABLE,RETRIEVABLE,RETRIEVABLE,RETRIEVABLE,RETRIEVABLE,RETRIEVABLE
7486693675532176660,A,W-article,2025-03-28T03:15:07Z,1.3726,1-2y,1-2y,1-2y,1-2y,1-2y,1-2y,RETRIEVABLE,RETRIEVABLE,RETRIEVABLE,RETRIEVABLE,RETRIEVABLE,RETRIEVABLE
7486747020443520264,A,W-article,2025-03-28T06:42:07Z,1.3722,1-2y,1-2y,1-2y,1-2y,1-2y,1-2y,RETRIEVABLE,RETRIEVABLE,RETRIEVABLE,RETRIEVABLE,RETRIEVABLE,RETRIEVABLE
7486795133023735048,A,W-article,2025-03-28T09:48:49Z,1.3718,1-2y,1-2y,1-2y,1-2y,1-2y,1-2y,RETRIEVABLE,RETRIEVABLE,RETRIEVABLE,RETRIEVABLE,RETRIEVABLE,RETRIEVABLE
7487511803417742600,A,W-article,2025-03-30T08:09:52Z,1.3666,1-2y,1-2y,1-2y,1-2y,1-2y,1-2y,RETRIEVABLE,RETRIEVABLE,RETRIEVABLE,RETRIEVABLE,RETRIEVABLE,RETRIEVABLE
7487543066635652374,A,W-article,2025-03-30T10:11:11Z,1.3663,1-2y,1-2y,1-2y,1-2y,1-2y,1-2y,RETRIEVABLE,RETRIEVABLE,RETRIEVABLE,RETRIEVABLE,RETRIEVABLE,RETRIEVABLE
7487623946708274454,A,W-article,2025-03-30T15:25:02Z,1.3657,1-2y,1-2y,1-2y,1-2y,1-2y,1-2y,RETRIEVABLE,RETRIEVABLE,RETRIEVABLE,RETRIEVABLE,RETRIEVABLE,RETRIEVABLE
7487868312009936146,A,W-article,2025-03-31T07:13:18Z,1.3639,1-2y,1-2y,1-2y,1-2y,1-2y,1-2y,RETRIEVABLE,RETRIEVABLE,RETRIEVABLE,RETRIEVABLE,RETRIEVABLE,RETRIEVABLE
7488146307987672326,A,W-article,2025-04-01T01:12:04Z,1.3619,1-2y,1-2y,1-2y,1-2y,1-2y,1-2y,RETRIEVABLE,RETRIEVABLE,RETRIEVABLE,RETRIEVABLE,RETRIEVABLE,RETRIEVABLE
7488266398448307461,A,W-article,2025-04-01T08:58:05Z,1.3610,1-2y,1-2y,1-2y,1-2y,1-2y,1-2y,RETRIEVABLE,RETRIEVABLE,RETRIEVABLE,RETRIEVABLE,RETRIEVABLE,RETRIEVABLE
7488388361598668054,A,W-article,2025-04-01T16:51:22Z,1.3601,1-2y,1-2y,1-2y,1-2y,1-2y,1-2y,RETRIEVABLE,RETRIEVABLE,RETRIEVABLE,RETRIEVABLE,RETRIEVABLE,RETRIEVABLE
7488829610692496671,A,W-article,2025-04-02T21:23:38Z,1.3568,1-2y,1-2y,1-2y,1-2y,1-2y,1-2y,RETRIEVABLE,RETRIEVABLE,RETRIEVABLE,RETRIEVABLE,RETRIEVABLE,RETRIEVABLE
7489025559649864968,A,W-article,2025-04-03T10:04:01Z,1.3554,1-2y,1-2y,1-2y,1-2y,1-2y,1-2y,RETRIEVABLE,RETRIEVABLE,RETRIEVABLE,RETRIEVABLE,RETRIEVABLE,RETRIEVABLE
7489064845422103814,A,W-article,2025-04-03T12:36:28Z,1.3551,1-2y,1-2y,1-2y,1-2y,1-2y,1-2y,RETRIEVABLE,RETRIEVABLE,RETRIEVABLE,RETRIEVABLE,RETRIEVABLE,RETRIEVABLE
7489127889447734574,A,W-article,2025-04-03T16:41:06Z,1.3546,1-2y,1-2y,1-2y,1-2y,1-2y,1-2y,RETRIEVABLE,RETRIEVABLE,RETRIEVABLE,RETRIEVABLE,RETRIEVABLE,RETRIEVABLE
7489365291156147511,A,W-article,2025-04-04T08:02:21Z,1.3529,1-2y,1-2y,1-2y,1-2y,1-2y,1-2y,RETRIEVABLE,RETRIEVABLE,RETRIEVABLE,RETRIEVABLE,RETRIEVABLE,RETRIEVABLE
7489694039596469559,A,W-article,2025-04-05T05:18:04Z,1.3505,1-2y,1-2y,1-2y,1-2y,1-2y,1-2y,NOT-RETRIEVABLE,NOT-RETRIEVABLE,NOT-RETRIEVABLE,NOT-RETRIEVABLE,NOT-RETRIEVABLE,NOT-RETRIEVABLE
7490118410580413701,A,W-article,2025-04-06T08:44:50Z,1.3473,1-2y,1-2y,1-2y,1-2y,1-2y,1-2y,RETRIEVABLE,RETRIEVABLE,RETRIEVABLE,RETRIEVABLE,RETRIEVABLE,RETRIEVABLE
7490405044081249542,A,W-article,2025-04-07T03:17:07Z,1.3452,1-2y,1-2y,1-2y,1-2y,1-2y,1-2y,RETRIEVABLE,RETRIEVABLE,RETRIEVABLE,RETRIEVABLE,RETRIEVABLE,RETRIEVABLE
7490509434507103511,A,W-article,2025-04-07T10:02:12Z,1.3444,1-2y,1-2y,1-2y,1-2y,1-2y,1-2y,RETRIEVABLE,RETRIEVABLE,RETRIEVABLE,RETRIEVABLE,RETRIEVABLE,RETRIEVABLE
7490526081141722386,A,W-article,2025-04-07T11:06:48Z,1.3443,1-2y,1-2y,1-2y,1-2y,1-2y,1-2y,RETRIEVABLE,RETRIEVABLE,RETRIEVABLE,RETRIEVABLE,RETRIEVABLE,RETRIEVABLE
7490582910895000854,A,W-article,2025-04-07T14:47:20Z,1.3439,1-2y,1-2y,1-2y,1-2y,1-2y,1-2y,RETRIEVABLE,RETRIEVABLE,RETRIEVABLE,RETRIEVABLE,RETRIEVABLE,RETRIEVABLE
7490649902163283230,A,W-article,2025-04-07T19:07:18Z,1.3434,1-2y,1-2y,1-2y,1-2y,1-2y,1-2y,RETRIEVABLE,RETRIEVABLE,RETRIEVABLE,RETRIEVABLE,RETRIEVABLE,RETRIEVABLE
7490844405050445111,A,W-article,2025-04-08T07:42:04Z,1.3420,1-2y,1-2y,1-2y,1-2y,1-2y,1-2y,RETRIEVABLE,RETRIEVABLE,RETRIEVABLE,RETRIEVABLE,RETRIEVABLE,RETRIEVABLE
7490946398376971527,A,W-article,2025-04-08T14:17:51Z,1.3412,1-2y,1-2y,1-2y,1-2y,1-2y,1-2y,RETRIEVABLE,RETRIEVABLE,RETRIEVABLE,RETRIEVABLE,RETRIEVABLE,RETRIEVABLE
7491584623768603911,A,W-article,2025-04-10T07:34:29Z,1.3365,1-2y,1-2y,1-2y,1-2y,1-2y,1-2y,RETRIEVABLE,RETRIEVABLE,RETRIEVABLE,RETRIEVABLE,RETRIEVABLE,RETRIEVABLE
7491652774011145480,A,W-article,2025-04-10T11:58:57Z,1.3360,1-2y,1-2y,1-2y,1-2y,1-2y,1-2y,RETRIEVABLE,RETRIEVABLE,RETRIEVABLE,RETRIEVABLE,RETRIEVABLE,RETRIEVABLE
7491703099548044566,A,W-article,2025-04-10T15:14:14Z,1.3356,1-2y,1-2y,1-2y,1-2y,1-2y,1-2y,RETRIEVABLE,RETRIEVABLE,RETRIEVABLE,RETRIEVABLE,RETRIEVABLE,RETRIEVABLE
7492145097501625646,A,W-article,2025-04-11T19:49:25Z,1.3324,1-2y,1-2y,1-2y,1-2y,1-2y,1-2y,RETRIEVABLE,RETRIEVABLE,RETRIEVABLE,RETRIEVABLE,RETRIEVABLE,RETRIEVABLE
7493132275270372630,A,W-article,2025-04-14T11:40:10Z,1.3251,1-2y,1-2y,1-2y,1-2y,1-2y,1-2y,RETRIEVABLE,RETRIEVABLE,RETRIEVABLE,RETRIEVABLE,RETRIEVABLE,RETRIEVABLE
7493164251742358791,A,W-article,2025-04-14T13:44:15Z,1.3249,1-2y,1-2y,1-2y,1-2y,1-2y,1-2y,NOT-RETRIEVABLE,NOT-RETRIEVABLE,NOT-RETRIEVABLE,NOT-RETRIEVABLE,NOT-RETRIEVABLE,NOT-RETRIEVABLE
7493187426660142352,A,W-article,2025-04-14T15:14:11Z,1.3247,1-2y,1-2y,1-2y,1-2y,1-2y,1-2y,RETRIEVABLE,RETRIEVABLE,RETRIEVABLE,INDETERMINATE,RETRIEVABLE,RETRIEVABLE
7493709385793867009,A,W-article,2025-04-16T00:59:39Z,1.3208,1-2y,1-2y,1-2y,1-2y,1-2y,1-2y,RETRIEVABLE,RETRIEVABLE,RETRIEVABLE,RETRIEVABLE,RETRIEVABLE,RETRIEVABLE
7493982730271722774,A,W-article,2025-04-16T18:40:22Z,1.3188,1-2y,1-2y,1-2y,1-2y,1-2y,1-2y,RETRIEVABLE,RETRIEVABLE,RETRIEVABLE,RETRIEVABLE,RETRIEVABLE,RETRIEVABLE
7494214776248225046,A,W-article,2025-04-17T09:40:50Z,1.3171,1-2y,1-2y,1-2y,1-2y,1-2y,1-2y,RETRIEVABLE,RETRIEVABLE,RETRIEVABLE,RETRIEVABLE,RETRIEVABLE,RETRIEVABLE
7494250968134061320,A,W-article,2025-04-17T12:01:16Z,1.3168,1-2y,1-2y,1-2y,1-2y,1-2y,1-2y,RETRIEVABLE,RETRIEVABLE,RETRIEVABLE,RETRIEVABLE,RETRIEVABLE,RETRIEVABLE
7494523469594512646,A,W-article,2025-04-18T05:38:43Z,1.3148,1-2y,1-2y,1-2y,1-2y,1-2y,1-2y,RETRIEVABLE,RETRIEVABLE,RETRIEVABLE,RETRIEVABLE,RETRIEVABLE,RETRIEVABLE
7494748085311196462,A,W-article,2025-04-18T20:10:20Z,1.3132,1-2y,1-2y,1-2y,1-2y,1-2y,1-2y,RETRIEVABLE,RETRIEVABLE,RETRIEVABLE,RETRIEVABLE,RETRIEVABLE,RETRIEVABLE
7495058567699959071,A,W-article,2025-04-19T16:15:10Z,1.3109,1-2y,1-2y,1-2y,1-2y,1-2y,1-2y,RETRIEVABLE,RETRIEVABLE,RETRIEVABLE,RETRIEVABLE,RETRIEVABLE,RETRIEVABLE
7495086656270224670,A,W-article,2025-04-19T18:04:10Z,1.3107,1-2y,1-2y,1-2y,1-2y,1-2y,1-2y,NOT-RETRIEVABLE,NOT-RETRIEVABLE,NOT-RETRIEVABLE,NOT-RETRIEVABLE,NOT-RETRIEVABLE,NOT-RETRIEVABLE
7495769445365812498,A,W-article,2025-04-21T14:13:44Z,1.3056,1-2y,1-2y,1-2y,1-2y,1-2y,1-2y,RETRIEVABLE,RETRIEVABLE,RETRIEVABLE,RETRIEVABLE,RETRIEVABLE,RETRIEVABLE
7496492789715324215,A,W-article,2025-04-23T13:00:41Z,1.3003,1-2y,1-2y,1-2y,1-2y,1-2y,1-2y,RETRIEVABLE,RETRIEVABLE,RETRIEVABLE,RETRIEVABLE,RETRIEVABLE,RETRIEVABLE
7496495936428969224,A,W-article,2025-04-23T13:12:54Z,1.3003,1-2y,1-2y,1-2y,1-2y,1-2y,1-2y,RETRIEVABLE,RETRIEVABLE,RETRIEVABLE,RETRIEVABLE,RETRIEVABLE,RETRIEVABLE
7496688726173551873,A,W-article,2025-04-24T01:41:01Z,1.2988,1-2y,1-2y,1-2y,1-2y,1-2y,1-2y,RETRIEVABLE,RETRIEVABLE,RETRIEVABLE,RETRIEVABLE,RETRIEVABLE,RETRIEVABLE
7496811365768695058,A,W-article,2025-04-24T09:36:55Z,1.2979,1-2y,1-2y,1-2y,1-2y,1-2y,1-2y,RETRIEVABLE,RETRIEVABLE,RETRIEVABLE,RETRIEVABLE,RETRIEVABLE,RETRIEVABLE
7496857125478583559,A,W-article,2025-04-24T12:34:29Z,1.2976,1-2y,1-2y,1-2y,1-2y,1-2y,1-2y,RETRIEVABLE,RETRIEVABLE,RETRIEVABLE,RETRIEVABLE,RETRIEVABLE,RETRIEVABLE
7496996074054307094,A,W-article,2025-04-24T21:33:41Z,1.2966,1-2y,1-2y,1-2y,1-2y,1-2y,1-2y,RETRIEVABLE,RETRIEVABLE,RETRIEVABLE,RETRIEVABLE,RETRIEVABLE,RETRIEVABLE
7498090140879834375,A,W-article,2025-04-27T20:19:13Z,1.2885,1-2y,1-2y,1-2y,1-2y,1-2y,1-2y,RETRIEVABLE,RETRIEVABLE,RETRIEVABLE,RETRIEVABLE,RETRIEVABLE,RETRIEVABLE
7498184800474385670,A,W-article,2025-04-28T02:26:33Z,1.2878,1-2y,1-2y,1-2y,1-2y,1-2y,1-2y,RETRIEVABLE,RETRIEVABLE,RETRIEVABLE,RETRIEVABLE,RETRIEVABLE,RETRIEVABLE
7498434324958612758,A,W-article,2025-04-28T18:34:50Z,1.2860,1-2y,1-2y,1-2y,1-2y,1-2y,1-2y,RETRIEVABLE,RETRIEVABLE,RETRIEVABLE,RETRIEVABLE,RETRIEVABLE,RETRIEVABLE
7498453379765734678,A,W-article,2025-04-28T19:48:46Z,1.2858,1-2y,1-2y,1-2y,1-2y,1-2y,1-2y,RETRIEVABLE,RETRIEVABLE,RETRIEVABLE,RETRIEVABLE,RETRIEVABLE,RETRIEVABLE
7498516625595944234,A,W-article,2025-04-28T23:54:12Z,1.2854,1-2y,1-2y,1-2y,1-2y,1-2y,1-2y,RETRIEVABLE,RETRIEVABLE,RETRIEVABLE,RETRIEVABLE,RETRIEVABLE,RETRIEVABLE
7498753678115998994,A,W-article,2025-04-29T15:14:05Z,1.2836,1-2y,1-2y,1-2y,1-2y,1-2y,1-2y,RETRIEVABLE,RETRIEVABLE,RETRIEVABLE,RETRIEVABLE,RETRIEVABLE,RETRIEVABLE
7498778926064569646,A,W-article,2025-04-29T16:52:03Z,1.2834,1-2y,1-2y,1-2y,1-2y,1-2y,1-2y,RETRIEVABLE,RETRIEVABLE,RETRIEVABLE,RETRIEVABLE,RETRIEVABLE,RETRIEVABLE
7499054647466888470,A,W-article,2025-04-30T10:42:00Z,1.2814,1-2y,1-2y,1-2y,1-2y,1-2y,1-2y,INDETERMINATE,RETRIEVABLE,RETRIEVABLE,RETRIEVABLE,RETRIEVABLE,RETRIEVABLE
7499360639161224455,A,W-article,2025-05-01T06:29:24Z,1.2791,1-2y,1-2y,1-2y,1-2y,1-2y,1-2y,RETRIEVABLE,RETRIEVABLE,RETRIEVABLE,RETRIEVABLE,RETRIEVABLE,RETRIEVABLE
7499742614854307080,A,W-article,2025-05-02T07:11:40Z,1.2763,1-2y,1-2y,1-2y,1-2y,1-2y,1-2y,RETRIEVABLE,RETRIEVABLE,RETRIEVABLE,RETRIEVABLE,RETRIEVABLE,RETRIEVABLE
7499779767919529238,A,W-article,2025-05-02T09:35:50Z,1.2760,1-2y,1-2y,1-2y,1-2y,1-2y,1-2y,RETRIEVABLE,RETRIEVABLE,RETRIEVABLE,RETRIEVABLE,RETRIEVABLE,RETRIEVABLE
7499975791606893829,A,W-article,2025-05-02T22:16:30Z,1.2746,1-2y,1-2y,1-2y,1-2y,1-2y,1-2y,RETRIEVABLE,RETRIEVABLE,RETRIEVABLE,RETRIEVABLE,RETRIEVABLE,RETRIEVABLE
7500608915986500870,A,W-article,2025-05-04T15:13:21Z,1.2699,1-2y,1-2y,1-2y,1-2y,1-2y,1-2y,NOT-RETRIEVABLE,NOT-RETRIEVABLE,NOT-RETRIEVABLE,NOT-RETRIEVABLE,NOT-RETRIEVABLE,NOT-RETRIEVABLE
7500626040302177558,A,W-article,2025-05-04T16:19:48Z,1.2698,1-2y,1-2y,1-2y,1-2y,1-2y,1-2y,RETRIEVABLE,RETRIEVABLE,RETRIEVABLE,RETRIEVABLE,RETRIEVABLE,RETRIEVABLE
7500682579012586758,A,W-article,2025-05-04T19:59:12Z,1.2694,1-2y,1-2y,1-2y,1-2y,1-2y,1-2y,RETRIEVABLE,RETRIEVABLE,RETRIEVABLE,RETRIEVABLE,RETRIEVABLE,RETRIEVABLE
7500894213677124887,A,W-article,2025-05-05T09:40:27Z,1.2678,1-2y,1-2y,1-2y,1-2y,1-2y,1-2y,RETRIEVABLE,RETRIEVABLE,RETRIEVABLE,RETRIEVABLE,RETRIEVABLE,RETRIEVABLE
7501038200815734038,A,W-article,2025-05-05T18:59:12Z,1.2668,1-2y,1-2y,1-2y,1-2y,1-2y,1-2y,RETRIEVABLE,RETRIEVABLE,RETRIEVABLE,RETRIEVABLE,RETRIEVABLE,RETRIEVABLE
7501325708392729862,A,W-article,2025-05-06T13:34:52Z,1.2646,1-2y,1-2y,1-2y,1-2y,1-2y,1-2y,RETRIEVABLE,RETRIEVABLE,RETRIEVABLE,RETRIEVABLE,RETRIEVABLE,RETRIEVABLE
7501649529876253974,A,W-article,2025-05-07T10:31:28Z,1.2622,1-2y,1-2y,1-2y,1-2y,1-2y,1-2y,RETRIEVABLE,RETRIEVABLE,RETRIEVABLE,RETRIEVABLE,RETRIEVABLE,RETRIEVABLE
7502021083734789384,A,W-article,2025-05-08T10:33:17Z,1.2595,1-2y,1-2y,1-2y,1-2y,1-2y,1-2y,RETRIEVABLE,RETRIEVABLE,RETRIEVABLE,RETRIEVABLE,RETRIEVABLE,RETRIEVABLE
7502094311308299543,A,W-article,2025-05-08T15:17:27Z,1.2590,1-2y,1-2y,1-2y,1-2y,1-2y,1-2y,RETRIEVABLE,RETRIEVABLE,RETRIEVABLE,RETRIEVABLE,RETRIEVABLE,RETRIEVABLE
7502478508451450134,A,W-article,2025-05-09T16:08:20Z,1.2561,1-2y,1-2y,1-2y,1-2y,1-2y,1-2y,RETRIEVABLE,RETRIEVABLE,RETRIEVABLE,RETRIEVABLE,RETRIEVABLE,RETRIEVABLE
7502614471886589215,A,W-article,2025-05-10T00:55:56Z,1.2551,1-2y,1-2y,1-2y,1-2y,1-2y,1-2y,RETRIEVABLE,RETRIEVABLE,RETRIEVABLE,RETRIEVABLE,RETRIEVABLE,RETRIEVABLE
7502776505462754582,A,W-article,2025-05-10T11:24:42Z,1.2539,1-2y,1-2y,1-2y,1-2y,1-2y,1-2y,RETRIEVABLE,RETRIEVABLE,RETRIEVABLE,RETRIEVABLE,RETRIEVABLE,RETRIEVABLE
7502904653785369878,A,W-article,2025-05-10T19:41:59Z,1.2530,1-2y,1-2y,1-2y,1-2y,1-2y,1-2y,RETRIEVABLE,RETRIEVABLE,RETRIEVABLE,RETRIEVABLE,RETRIEVABLE,RETRIEVABLE
7503906874052463894,A,W-article,2025-05-13T12:31:07Z,1.2456,1-2y,1-2y,1-2y,1-2y,1-2y,1-2y,RETRIEVABLE,RETRIEVABLE,RETRIEVABLE,RETRIEVABLE,RETRIEVABLE,RETRIEVABLE
7503910122112961814,A,W-article,2025-05-13T12:43:43Z,1.2456,1-2y,1-2y,1-2y,1-2y,1-2y,1-2y,RETRIEVABLE,RETRIEVABLE,INDETERMINATE,RETRIEVABLE,RETRIEVABLE,RETRIEVABLE
7503977145845419287,A,W-article,2025-05-13T17:03:48Z,1.2451,1-2y,1-2y,1-2y,1-2y,1-2y,1-2y,RETRIEVABLE,RETRIEVABLE,RETRIEVABLE,RETRIEVABLE,RETRIEVABLE,RETRIEVABLE
7504156372766887176,A,W-article,2025-05-14T04:39:18Z,1.2438,1-2y,1-2y,1-2y,1-2y,1-2y,1-2y,RETRIEVABLE,RETRIEVABLE,RETRIEVABLE,RETRIEVABLE,RETRIEVABLE,RETRIEVABLE
7504725753003609366,A,W-article,2025-05-15T17:28:47Z,1.2396,1-2y,1-2y,1-2y,1-2y,1-2y,1-2y,NOT-RETRIEVABLE,NOT-RETRIEVABLE,NOT-RETRIEVABLE,NOT-RETRIEVABLE,NOT-RETRIEVABLE,NOT-RETRIEVABLE
7505018651037207815,A,W-article,2025-05-16T12:25:23Z,1.2374,1-2y,1-2y,1-2y,1-2y,1-2y,1-2y,RETRIEVABLE,RETRIEVABLE,RETRIEVABLE,RETRIEVABLE,RETRIEVABLE,RETRIEVABLE
7505126252651564319,A,W-article,2025-05-16T19:22:56Z,1.2366,1-2y,1-2y,1-2y,1-2y,1-2y,1-2y,RETRIEVABLE,RETRIEVABLE,RETRIEVABLE,RETRIEVABLE,RETRIEVABLE,RETRIEVABLE
7505138893256215839,A,W-article,2025-05-16T20:11:59Z,1.2365,1-2y,1-2y,1-2y,1-2y,1-2y,1-2y,RETRIEVABLE,RETRIEVABLE,RETRIEVABLE,RETRIEVABLE,RETRIEVABLE,RETRIEVABLE
7505486031957888261,A,W-article,2025-05-17T18:39:03Z,1.2339,1-2y,1-2y,1-2y,1-2y,1-2y,1-2y,RETRIEVABLE,RETRIEVABLE,RETRIEVABLE,RETRIEVABLE,RETRIEVABLE,RETRIEVABLE
7505667811717500166,A,W-article,2025-05-18T06:24:27Z,1.2326,1-2y,1-2y,1-2y,1-2y,1-2y,1-2y,RETRIEVABLE,RETRIEVABLE,RETRIEVABLE,RETRIEVABLE,RETRIEVABLE,RETRIEVABLE
7506896809982315832,A,W-article,2025-05-21T13:53:36Z,1.2235,1-2y,1-2y,1-2y,1-2y,1-2y,1-2y,RETRIEVABLE,RETRIEVABLE,RETRIEVABLE,RETRIEVABLE,RETRIEVABLE,RETRIEVABLE
7507109330898963720,A,W-article,2025-05-22T03:38:17Z,1.2220,1-2y,1-2y,1-2y,1-2y,1-2y,1-2y,RETRIEVABLE,RETRIEVABLE,RETRIEVABLE,RETRIEVABLE,RETRIEVABLE,RETRIEVABLE
7507178234388253960,A,W-article,2025-05-22T08:05:40Z,1.2215,1-2y,1-2y,1-2y,1-2y,1-2y,1-2y,RETRIEVABLE,RETRIEVABLE,RETRIEVABLE,RETRIEVABLE,RETRIEVABLE,RETRIEVABLE
7507597477449567495,A,W-article,2025-05-23T11:12:32Z,1.2184,1-2y,1-2y,1-2y,1-2y,1-2y,1-2y,RETRIEVABLE,RETRIEVABLE,RETRIEVABLE,RETRIEVABLE,RETRIEVABLE,RETRIEVABLE
7507920170162130194,A,W-article,2025-05-24T08:04:45Z,1.2160,1-2y,1-2y,1-2y,1-2y,1-2y,1-2y,RETRIEVABLE,RETRIEVABLE,RETRIEVABLE,RETRIEVABLE,RETRIEVABLE,RETRIEVABLE
7509234752604343608,A,W-article,2025-05-27T21:06:00Z,1.2063,1-2y,1-2y,1-2y,1-2y,1-2y,1-2y,RETRIEVABLE,RETRIEVABLE,RETRIEVABLE,RETRIEVABLE,RETRIEVABLE,RETRIEVABLE
7509477312409242885,A,W-article,2025-05-28T12:47:16Z,1.2045,1-2y,1-2y,1-2y,1-2y,1-2y,1-2y,RETRIEVABLE,RETRIEVABLE,RETRIEVABLE,RETRIEVABLE,RETRIEVABLE,RETRIEVABLE
7509693984810355974,A,W-article,2025-05-29T02:48:04Z,1.2029,1-2y,1-2y,1-2y,1-2y,1-2y,1-2y,RETRIEVABLE,RETRIEVABLE,RETRIEVABLE,RETRIEVABLE,RETRIEVABLE,RETRIEVABLE
7509848940825562390,A,W-article,2025-05-29T12:49:22Z,1.2018,1-2y,1-2y,1-2y,1-2y,1-2y,1-2y,RETRIEVABLE,RETRIEVABLE,RETRIEVABLE,RETRIEVABLE,INDETERMINATE,RETRIEVABLE
7510063986675666207,A,W-article,2025-05-30T02:43:51Z,1.2002,1-2y,1-2y,1-2y,1-2y,1-2y,1-2y,RETRIEVABLE,RETRIEVABLE,RETRIEVABLE,RETRIEVABLE,RETRIEVABLE,RETRIEVABLE
7510708718409895190,A,W-article,2025-05-31T20:25:45Z,1.1954,1-2y,1-2y,1-2y,1-2y,1-2y,1-2y,RETRIEVABLE,RETRIEVABLE,RETRIEVABLE,RETRIEVABLE,RETRIEVABLE,RETRIEVABLE
7510937208795237654,A,W-article,2025-06-01T11:12:24Z,1.1937,1-2y,1-2y,1-2y,1-2y,1-2y,1-2y,RETRIEVABLE,RETRIEVABLE,RETRIEVABLE,RETRIEVABLE,RETRIEVABLE,RETRIEVABLE
7511280453249191186,A,W-article,2025-06-02T09:24:22Z,1.1912,1-2y,1-2y,1-2y,1-2y,1-2y,1-2y,RETRIEVABLE,RETRIEVABLE,RETRIEVABLE,RETRIEVABLE,RETRIEVABLE,RETRIEVABLE
7511333833086700822,A,W-article,2025-06-02T12:51:31Z,1.1908,1-2y,1-2y,1-2y,1-2y,1-2y,1-2y,RETRIEVABLE,RETRIEVABLE,RETRIEVABLE,RETRIEVABLE,RETRIEVABLE,RETRIEVABLE
7511440962724384008,A,W-article,2025-06-02T19:47:14Z,1.1900,1-2y,1-2y,1-2y,1-2y,1-2y,1-2y,RETRIEVABLE,RETRIEVABLE,RETRIEVABLE,RETRIEVABLE,RETRIEVABLE,RETRIEVABLE
7511830741341310251,A,W-article,2025-06-03T20:59:46Z,1.1871,1-2y,1-2y,1-2y,1-2y,1-2y,1-2y,RETRIEVABLE,RETRIEVABLE,RETRIEVABLE,RETRIEVABLE,RETRIEVABLE,RETRIEVABLE
7512177550743932203,A,W-article,2025-06-04T19:25:34Z,1.1846,1-2y,1-2y,1-2y,1-2y,1-2y,1-2y,RETRIEVABLE,RETRIEVABLE,RETRIEVABLE,RETRIEVABLE,RETRIEVABLE,RETRIEVABLE
7512446065761897750,A,W-article,2025-06-05T12:47:32Z,1.1826,1-2y,1-2y,1-2y,1-2y,1-2y,1-2y,RETRIEVABLE,RETRIEVABLE,RETRIEVABLE,RETRIEVABLE,RETRIEVABLE,RETRIEVABLE
7512534294380776726,A,W-article,2025-06-05T18:29:55Z,1.1819,1-2y,1-2y,1-2y,1-2y,1-2y,1-2y,RETRIEVABLE,RETRIEVABLE,RETRIEVABLE,RETRIEVABLE,RETRIEVABLE,RETRIEVABLE
7512545991426329863,A,W-article,2025-06-05T19:15:18Z,1.1819,1-2y,1-2y,1-2y,1-2y,1-2y,1-2y,RETRIEVABLE,RETRIEVABLE,RETRIEVABLE,RETRIEVABLE,RETRIEVABLE,RETRIEVABLE
7512966079438802198,A,W-article,2025-06-06T22:25:28Z,1.1788,1-2y,1-2y,1-2y,1-2y,1-2y,1-2y,RETRIEVABLE,RETRIEVABLE,RETRIEVABLE,RETRIEVABLE,RETRIEVABLE,RETRIEVABLE
7513609554735664402,A,W-article,2025-06-08T16:02:28Z,1.1740,1-2y,1-2y,1-2y,1-2y,1-2y,1-2y,RETRIEVABLE,RETRIEVABLE,RETRIEVABLE,RETRIEVABLE,RETRIEVABLE,RETRIEVABLE
7513706375168396586,A,W-article,2025-06-08T22:18:11Z,1.1733,1-2y,1-2y,1-2y,1-2y,1-2y,1-2y,RETRIEVABLE,RETRIEVABLE,RETRIEVABLE,RETRIEVABLE,RETRIEVABLE,RETRIEVABLE
7513850227640519958,A,W-article,2025-06-09T07:36:24Z,1.1722,1-2y,1-2y,1-2y,1-2y,1-2y,1-2y,RETRIEVABLE,RETRIEVABLE,RETRIEVABLE,RETRIEVABLE,RETRIEVABLE,RETRIEVABLE
7513951315752488199,A,W-article,2025-06-09T14:08:41Z,1.1715,1-2y,1-2y,1-2y,1-2y,1-2y,1-2y,RETRIEVABLE,RETRIEVABLE,RETRIEVABLE,RETRIEVABLE,RETRIEVABLE,RETRIEVABLE
7514407467976019242,A,W-article,2025-06-10T19:38:47Z,1.1681,1-2y,1-2y,1-2y,1-2y,1-2y,1-2y,RETRIEVABLE,RETRIEVABLE,RETRIEVABLE,RETRIEVABLE,RETRIEVABLE,RETRIEVABLE
7515118747527466271,A,W-article,2025-06-12T17:38:55Z,1.1629,1-2y,1-2y,1-2y,1-2y,1-2y,1-2y,RETRIEVABLE,RETRIEVABLE,RETRIEVABLE,RETRIEVABLE,RETRIEVABLE,RETRIEVABLE
7515608262771772702,A,W-article,2025-06-14T01:18:29Z,1.1593,1-2y,1-2y,1-2y,1-2y,1-2y,1-2y,RETRIEVABLE,RETRIEVABLE,RETRIEVABLE,RETRIEVABLE,RETRIEVABLE,RETRIEVABLE
7515915622992088362,A,W-article,2025-06-14T21:11:12Z,1.1570,1-2y,1-2y,1-2y,1-2y,1-2y,1-2y,RETRIEVABLE,RETRIEVABLE,RETRIEVABLE,RETRIEVABLE,RETRIEVABLE,RETRIEVABLE
7516822447157447954,A,W-article,2025-06-17T07:50:08Z,1.1503,1-2y,1-2y,1-2y,1-2y,1-2y,1-2y,RETRIEVABLE,RETRIEVABLE,RETRIEVABLE,RETRIEVABLE,RETRIEVABLE,RETRIEVABLE
7516822751202626824,A,W-article,2025-06-17T07:51:19Z,1.1503,1-2y,1-2y,1-2y,1-2y,1-2y,1-2y,RETRIEVABLE,RETRIEVABLE,RETRIEVABLE,RETRIEVABLE,RETRIEVABLE,RETRIEVABLE
7520629682161700118,A,W-article,2025-06-27T14:04:09Z,1.1222,1-2y,1-2y,1-2y,1-2y,1-2y,1-2y,RETRIEVABLE,RETRIEVABLE,RETRIEVABLE,RETRIEVABLE,RETRIEVABLE,RETRIEVABLE
7520659787831348486,A,W-article,2025-06-27T16:00:59Z,1.1220,1-2y,1-2y,1-2y,1-2y,1-2y,1-2y,RETRIEVABLE,RETRIEVABLE,RETRIEVABLE,RETRIEVABLE,RETRIEVABLE,RETRIEVABLE
7520853338666061070,A,W-article,2025-06-28T04:32:03Z,1.1206,1-2y,1-2y,1-2y,1-2y,1-2y,1-2y,RETRIEVABLE,RETRIEVABLE,RETRIEVABLE,RETRIEVABLE,RETRIEVABLE,RETRIEVABLE
7520959141431528760,A,W-article,2025-06-28T11:22:37Z,1.1198,1-2y,1-2y,1-2y,1-2y,1-2y,1-2y,RETRIEVABLE,RETRIEVABLE,RETRIEVABLE,RETRIEVABLE,RETRIEVABLE,RETRIEVABLE
7520990483477204231,A,W-article,2025-06-28T13:24:15Z,1.1196,1-2y,1-2y,1-2y,1-2y,1-2y,1-2y,RETRIEVABLE,RETRIEVABLE,RETRIEVABLE,RETRIEVABLE,RETRIEVABLE,RETRIEVABLE
7521481940420136210,A,W-article,2025-06-29T21:11:21Z,1.1159,1-2y,1-2y,1-2y,1-2y,1-2y,1-2y,NOT-RETRIEVABLE,NOT-RETRIEVABLE,NOT-RETRIEVABLE,NOT-RETRIEVABLE,NOT-RETRIEVABLE,NOT-RETRIEVABLE
7521647577075305733,A,W-article,2025-06-30T07:54:06Z,1.1147,1-2y,1-2y,1-2y,1-2y,1-2y,1-2y,NOT-RETRIEVABLE,NOT-RETRIEVABLE,NOT-RETRIEVABLE,NOT-RETRIEVABLE,NOT-RETRIEVABLE,NOT-RETRIEVABLE
7523219403035413782,A,W-article,2025-07-04T13:33:35Z,1.1031,1-2y,1-2y,1-2y,1-2y,1-2y,1-2y,RETRIEVABLE,RETRIEVABLE,RETRIEVABLE,RETRIEVABLE,RETRIEVABLE,RETRIEVABLE
7523244140281302294,A,W-article,2025-07-04T15:09:35Z,1.1029,1-2y,1-2y,1-2y,1-2y,1-2y,1-2y,RETRIEVABLE,RETRIEVABLE,RETRIEVABLE,RETRIEVABLE,RETRIEVABLE,INDETERMINATE
7523431021337988358,A,W-article,2025-07-05T03:14:47Z,1.1015,1-2y,1-2y,1-2y,1-2y,1-2y,1-2y,RETRIEVABLE,RETRIEVABLE,RETRIEVABLE,RETRIEVABLE,RETRIEVABLE,RETRIEVABLE
7523872309111770390,A,W-article,2025-07-06T07:47:12Z,1.0983,1-2y,1-2y,1-2y,1-2y,1-2y,1-2y,RETRIEVABLE,RETRIEVABLE,RETRIEVABLE,RETRIEVABLE,RETRIEVABLE,RETRIEVABLE
7524502503375801605,A,W-article,2025-07-08T00:32:41Z,1.0936,1-2y,1-2y,1-2y,1-2y,1-2y,1-2y,RETRIEVABLE,RETRIEVABLE,RETRIEVABLE,RETRIEVABLE,RETRIEVABLE,RETRIEVABLE
7525178543500791047,A,W-article,2025-07-09T20:16:03Z,1.0887,1-2y,1-2y,1-2y,1-2y,1-2y,1-2y,RETRIEVABLE,INDETERMINATE,RETRIEVABLE,RETRIEVABLE,RETRIEVABLE,RETRIEVABLE
7525353465770511623,A,W-article,2025-07-10T07:34:51Z,1.0874,1-2y,1-2y,1-2y,1-2y,1-2y,1-2y,RETRIEVABLE,RETRIEVABLE,RETRIEVABLE,RETRIEVABLE,RETRIEVABLE,RETRIEVABLE
7525392611310390546,A,W-article,2025-07-10T10:06:45Z,1.0871,1-2y,1-2y,1-2y,1-2y,1-2y,1-2y,RETRIEVABLE,RETRIEVABLE,RETRIEVABLE,RETRIEVABLE,RETRIEVABLE,RETRIEVABLE
7525444322955676950,A,W-article,2025-07-10T13:27:25Z,1.0867,1-2y,1-2y,1-2y,1-2y,1-2y,1-2y,RETRIEVABLE,RETRIEVABLE,RETRIEVABLE,RETRIEVABLE,RETRIEVABLE,RETRIEVABLE
7525451759326645511,A,W-article,2025-07-10T13:56:16Z,1.0866,1-2y,1-2y,1-2y,1-2y,1-2y,1-2y,NOT-RETRIEVABLE,INDETERMINATE,NOT-RETRIEVABLE,NOT-RETRIEVABLE,NOT-RETRIEVABLE,NOT-RETRIEVABLE
7525604685810535686,A,W-article,2025-07-10T23:49:42Z,1.0855,1-2y,1-2y,1-2y,1-2y,1-2y,1-2y,RETRIEVABLE,RETRIEVABLE,RETRIEVABLE,RETRIEVABLE,INDETERMINATE,RETRIEVABLE
7525760919746399506,A,W-article,2025-07-11T09:55:58Z,1.0844,1-2y,1-2y,1-2y,1-2y,1-2y,1-2y,RETRIEVABLE,RETRIEVABLE,RETRIEVABLE,RETRIEVABLE,RETRIEVABLE,RETRIEVABLE
7526133365095861522,A,W-article,2025-07-12T10:01:15Z,1.0816,1-2y,1-2y,1-2y,1-2y,1-2y,1-2y,RETRIEVABLE,RETRIEVABLE,RETRIEVABLE,RETRIEVABLE,RETRIEVABLE,RETRIEVABLE
7526174469094657285,A,W-article,2025-07-12T12:40:45Z,1.0813,1-2y,1-2y,1-2y,1-2y,1-2y,1-2y,RETRIEVABLE,RETRIEVABLE,RETRIEVABLE,RETRIEVABLE,RETRIEVABLE,RETRIEVABLE
7526350747471023366,A,W-article,2025-07-13T00:04:48Z,1.0800,1-2y,1-2y,1-2y,1-2y,1-2y,1-2y,RETRIEVABLE,RETRIEVABLE,RETRIEVABLE,RETRIEVABLE,RETRIEVABLE,RETRIEVABLE
7526500843273620744,A,W-article,2025-07-13T09:47:15Z,1.0789,1-2y,1-2y,1-2y,1-2y,1-2y,1-2y,RETRIEVABLE,RETRIEVABLE,RETRIEVABLE,RETRIEVABLE,RETRIEVABLE,RETRIEVABLE
7526846931310595346,A,W-article,2025-07-14T08:10:15Z,1.0763,1-2y,1-2y,1-2y,1-2y,1-2y,1-2y,RETRIEVABLE,RETRIEVABLE,RETRIEVABLE,RETRIEVABLE,RETRIEVABLE,RETRIEVABLE
7527039573772209463,A,W-article,2025-07-14T20:37:48Z,1.0749,1-2y,1-2y,1-2y,1-2y,1-2y,1-2y,RETRIEVABLE,RETRIEVABLE,RETRIEVABLE,RETRIEVABLE,RETRIEVABLE,RETRIEVABLE
7527281161878490390,A,W-article,2025-07-15T12:15:17Z,1.0731,1-2y,1-2y,1-2y,1-2y,1-2y,1-2y,RETRIEVABLE,RETRIEVABLE,RETRIEVABLE,RETRIEVABLE,RETRIEVABLE,RETRIEVABLE
7527298958276726018,A,W-article,2025-07-15T13:24:21Z,1.0730,1-2y,1-2y,1-2y,1-2y,1-2y,1-2y,RETRIEVABLE,RETRIEVABLE,INDETERMINATE,RETRIEVABLE,RETRIEVABLE,RETRIEVABLE
7527423587167259912,A,W-article,2025-07-15T21:27:58Z,1.0721,1-2y,1-2y,1-2y,1-2y,1-2y,1-2y,RETRIEVABLE,RETRIEVABLE,RETRIEVABLE,RETRIEVABLE,RETRIEVABLE,RETRIEVABLE
7527566496638176568,A,W-article,2025-07-16T06:42:32Z,1.0710,1-2y,1-2y,1-2y,1-2y,1-2y,1-2y,RETRIEVABLE,RETRIEVABLE,RETRIEVABLE,RETRIEVABLE,RETRIEVABLE,RETRIEVABLE
7527763054830882070,A,W-article,2025-07-16T19:25:17Z,1.0696,1-2y,1-2y,1-2y,1-2y,1-2y,1-2y,RETRIEVABLE,RETRIEVABLE,RETRIEVABLE,RETRIEVABLE,RETRIEVABLE,RETRIEVABLE
7528164348879998238,A,W-article,2025-07-17T21:22:30Z,1.0666,1-2y,1-2y,1-2y,1-2y,1-2y,1-2y,RETRIEVABLE,RETRIEVABLE,RETRIEVABLE,RETRIEVABLE,RETRIEVABLE,RETRIEVABLE
7528238059070983431,A,W-article,2025-07-18T02:08:32Z,1.0661,1-2y,1-2y,1-2y,1-2y,1-2y,1-2y,RETRIEVABLE,RETRIEVABLE,RETRIEVABLE,RETRIEVABLE,RETRIEVABLE,RETRIEVABLE
7528510843965721861,A,W-article,2025-07-18T19:47:05Z,1.0641,1-2y,1-2y,1-2y,1-2y,1-2y,1-2y,RETRIEVABLE,RETRIEVABLE,RETRIEVABLE,RETRIEVABLE,RETRIEVABLE,RETRIEVABLE
7528930294997601567,A,W-article,2025-07-19T22:54:46Z,1.0610,1-2y,1-2y,1-2y,1-2y,1-2y,1-2y,RETRIEVABLE,RETRIEVABLE,RETRIEVABLE,RETRIEVABLE,RETRIEVABLE,RETRIEVABLE
7529306720590449925,A,W-article,2025-07-20T23:15:30Z,1.0582,1-2y,1-2y,1-2y,1-2y,1-2y,1-2y,RETRIEVABLE,RETRIEVABLE,RETRIEVABLE,RETRIEVABLE,RETRIEVABLE,RETRIEVABLE
7529501367833070853,A,W-article,2025-07-21T11:50:49Z,1.0568,1-2y,1-2y,1-2y,1-2y,1-2y,1-2y,NOT-RETRIEVABLE,NOT-RETRIEVABLE,NOT-RETRIEVABLE,NOT-RETRIEVABLE,NOT-RETRIEVABLE,NOT-RETRIEVABLE
7529628259315666190,A,W-article,2025-07-21T20:03:14Z,1.0558,1-2y,1-2y,1-2y,1-2y,1-2y,1-2y,RETRIEVABLE,RETRIEVABLE,RETRIEVABLE,RETRIEVABLE,RETRIEVABLE,RETRIEVABLE
7529747430191926535,A,W-article,2025-07-22T03:45:40Z,1.0549,1-2y,1-2y,1-2y,1-2y,1-2y,1-2y,RETRIEVABLE,RETRIEVABLE,RETRIEVABLE,RETRIEVABLE,RETRIEVABLE,RETRIEVABLE
7529987524706471186,A,W-article,2025-07-22T19:17:22Z,1.0532,1-2y,1-2y,1-2y,1-2y,1-2y,1-2y,RETRIEVABLE,RETRIEVABLE,RETRIEVABLE,RETRIEVABLE,RETRIEVABLE,RETRIEVABLE
7530078271711546646,A,W-article,2025-07-23T01:09:30Z,1.0525,1-2y,1-2y,1-2y,1-2y,1-2y,1-2y,RETRIEVABLE,RETRIEVABLE,RETRIEVABLE,RETRIEVABLE,RETRIEVABLE,RETRIEVABLE
7530908033463897345,A,W-article,2025-07-25T06:49:24Z,1.0464,1-2y,1-2y,1-2y,1-2y,1-2y,1-2y,RETRIEVABLE,RETRIEVABLE,RETRIEVABLE,RETRIEVABLE,RETRIEVABLE,RETRIEVABLE
7531028041879866654,A,W-article,2025-07-25T14:35:06Z,1.0455,1-2y,1-2y,1-2y,1-2y,1-2y,1-2y,RETRIEVABLE,RETRIEVABLE,RETRIEVABLE,RETRIEVABLE,RETRIEVABLE,RETRIEVABLE
7531172180613172485,A,W-article,2025-07-25T23:54:26Z,1.0444,1-2y,1-2y,1-2y,1-2y,1-2y,1-2y,RETRIEVABLE,RETRIEVABLE,RETRIEVABLE,RETRIEVABLE,RETRIEVABLE,RETRIEVABLE
7531204031298014519,A,W-article,2025-07-26T01:58:02Z,1.0442,1-2y,1-2y,1-2y,1-2y,1-2y,1-2y,RETRIEVABLE,RETRIEVABLE,RETRIEVABLE,RETRIEVABLE,RETRIEVABLE,RETRIEVABLE
7531289361237806354,A,W-article,2025-07-26T07:29:09Z,1.0436,1-2y,1-2y,1-2y,1-2y,1-2y,1-2y,RETRIEVABLE,RETRIEVABLE,RETRIEVABLE,RETRIEVABLE,RETRIEVABLE,RETRIEVABLE
7531685398922251528,A,W-article,2025-07-27T09:05:59Z,1.0406,1-2y,1-2y,1-2y,1-2y,1-2y,1-2y,RETRIEVABLE,RETRIEVABLE,RETRIEVABLE,RETRIEVABLE,RETRIEVABLE,RETRIEVABLE
7531803637513719047,A,W-article,2025-07-27T16:44:48Z,1.0398,1-2y,1-2y,1-2y,1-2y,1-2y,1-2y,RETRIEVABLE,RETRIEVABLE,RETRIEVABLE,RETRIEVABLE,RETRIEVABLE,RETRIEVABLE
7531893376455626006,A,W-article,2025-07-27T22:33:02Z,1.0391,1-2y,1-2y,1-2y,1-2y,1-2y,1-2y,RETRIEVABLE,RETRIEVABLE,RETRIEVABLE,RETRIEVABLE,RETRIEVABLE,RETRIEVABLE
7532054139744865544,A,W-article,2025-07-28T08:56:53Z,1.0379,1-2y,1-2y,1-2y,1-2y,1-2y,1-2y,RETRIEVABLE,RETRIEVABLE,RETRIEVABLE,RETRIEVABLE,RETRIEVABLE,RETRIEVABLE
7532433125075373320,A,W-article,2025-07-29T09:27:32Z,1.0351,1-2y,1-2y,1-2y,1-2y,1-2y,1-2y,NOT-RETRIEVABLE,NOT-RETRIEVABLE,NOT-RETRIEVABLE,NOT-RETRIEVABLE,NOT-RETRIEVABLE,NOT-RETRIEVABLE
7532469092419177750,A,W-article,2025-07-29T11:47:07Z,1.0349,1-2y,1-2y,1-2y,1-2y,1-2y,1-2y,RETRIEVABLE,RETRIEVABLE,RETRIEVABLE,RETRIEVABLE,RETRIEVABLE,RETRIEVABLE
7532524396255153421,A,W-article,2025-07-29T15:21:43Z,1.0345,1-2y,1-2y,1-2y,1-2y,1-2y,1-2y,RETRIEVABLE,RETRIEVABLE,RETRIEVABLE,RETRIEVABLE,RETRIEVABLE,RETRIEVABLE
7532581330014457105,A,W-article,2025-07-29T19:02:39Z,1.0340,1-2y,1-2y,1-2y,1-2y,1-2y,1-2y,NOT-RETRIEVABLE,NOT-RETRIEVABLE,NOT-RETRIEVABLE,NOT-RETRIEVABLE,NOT-RETRIEVABLE,NOT-RETRIEVABLE
7532874451931696402,A,W-article,2025-07-30T14:00:07Z,1.0319,1-2y,1-2y,1-2y,1-2y,1-2y,1-2y,RETRIEVABLE,RETRIEVABLE,RETRIEVABLE,RETRIEVABLE,RETRIEVABLE,RETRIEVABLE
7533153143224274184,A,W-article,2025-07-31T08:01:35Z,1.0298,1-2y,1-2y,1-2y,1-2y,1-2y,1-2y,RETRIEVABLE,RETRIEVABLE,RETRIEVABLE,RETRIEVABLE,RETRIEVABLE,RETRIEVABLE
7533207279668153608,A,W-article,2025-07-31T11:31:39Z,1.0294,1-2y,1-2y,1-2y,1-2y,1-2y,1-2y,RETRIEVABLE,RETRIEVABLE,RETRIEVABLE,RETRIEVABLE,RETRIEVABLE,RETRIEVABLE
7533340812143299845,A,W-article,2025-07-31T20:09:50Z,1.0284,1-2y,1-2y,1-2y,1-2y,1-2y,1-2y,RETRIEVABLE,RETRIEVABLE,RETRIEVABLE,RETRIEVABLE,RETRIEVABLE,RETRIEVABLE
7533597272404282642,A,W-article,2025-08-01T12:45:01Z,1.0265,1-2y,1-2y,1-2y,1-2y,1-2y,1-2y,RETRIEVABLE,RETRIEVABLE,RETRIEVABLE,RETRIEVABLE,RETRIEVABLE,RETRIEVABLE
7533637793940049165,A,W-article,2025-08-01T15:22:16Z,1.0262,1-2y,1-2y,1-2y,1-2y,1-2y,1-2y,RETRIEVABLE,RETRIEVABLE,RETRIEVABLE,RETRIEVABLE,RETRIEVABLE,RETRIEVABLE
7533714141555543309,A,W-article,2025-08-01T20:18:32Z,1.0257,1-2y,1-2y,1-2y,1-2y,1-2y,1-2y,RETRIEVABLE,RETRIEVABLE,RETRIEVABLE,RETRIEVABLE,RETRIEVABLE,RETRIEVABLE
7533763200899222806,A,W-article,2025-08-01T23:28:55Z,1.0253,1-2y,1-2y,1-2y,1-2y,1-2y,1-2y,RETRIEVABLE,RETRIEVABLE,RETRIEVABLE,RETRIEVABLE,RETRIEVABLE,RETRIEVABLE
7534350907400555790,A,W-article,2025-08-03T13:29:31Z,1.0210,1-2y,1-2y,1-2y,1-2y,1-2y,1-2y,RETRIEVABLE,RETRIEVABLE,RETRIEVABLE,INDETERMINATE,RETRIEVABLE,RETRIEVABLE
7534658867897109776,A,W-article,2025-08-04T09:24:33Z,1.0187,1-2y,1-2y,1-2y,1-2y,1-2y,1-2y,RETRIEVABLE,RETRIEVABLE,RETRIEVABLE,RETRIEVABLE,RETRIEVABLE,RETRIEVABLE
7535586753533496582,A,W-article,2025-08-06T21:25:14Z,1.0119,1-2y,1-2y,1-2y,1-2y,1-2y,1-2y,RETRIEVABLE,RETRIEVABLE,RETRIEVABLE,RETRIEVABLE,RETRIEVABLE,RETRIEVABLE
7535644670802677006,A,W-article,2025-08-07T01:09:59Z,1.0114,1-2y,1-2y,1-2y,1-2y,1-2y,1-2y,RETRIEVABLE,RETRIEVABLE,RETRIEVABLE,RETRIEVABLE,RETRIEVABLE,RETRIEVABLE
7535912368245705990,A,W-article,2025-08-07T18:28:47Z,1.0095,1-2y,1-2y,1-2y,1-2y,1-2y,1-2y,RETRIEVABLE,RETRIEVABLE,RETRIEVABLE,RETRIEVABLE,RETRIEVABLE,RETRIEVABLE
7535913282675248439,A,W-article,2025-08-07T18:32:20Z,1.0095,1-2y,1-2y,1-2y,1-2y,1-2y,1-2y,RETRIEVABLE,RETRIEVABLE,RETRIEVABLE,RETRIEVABLE,RETRIEVABLE,RETRIEVABLE
7536419451793657108,A,W-article,2025-08-09T03:16:31Z,1.0057,1-2y,1-2y,1-2y,1-2y,1-2y,1-2y,NOT-RETRIEVABLE,NOT-RETRIEVABLE,NOT-RETRIEVABLE,NOT-RETRIEVABLE,NOT-RETRIEVABLE,NOT-RETRIEVABLE
7536443202996391199,A,W-article,2025-08-09T04:48:41Z,1.0055,1-2y,1-2y,1-2y,1-2y,1-2y,1-2y,RETRIEVABLE,RETRIEVABLE,RETRIEVABLE,RETRIEVABLE,RETRIEVABLE,RETRIEVABLE
7537023778610482445,A,W-article,2025-08-10T18:21:37Z,1.0013,1-2y,1-2y,1-2y,1-2y,1-2y,1-2y,RETRIEVABLE,RETRIEVABLE,RETRIEVABLE,RETRIEVABLE,RETRIEVABLE,RETRIEVABLE
7537876001884228877,A,W-article,2025-08-13T01:28:41Z,0.9950,0-1y,0-1y,0-1y,1-2y,1-2y,1-2y,RETRIEVABLE,RETRIEVABLE,RETRIEVABLE,RETRIEVABLE,RETRIEVABLE,RETRIEVABLE
7538331715274657042,A,W-article,2025-08-14T06:57:05Z,0.9916,0-1y,0-1y,0-1y,0-1y,1-2y,1-2y,RETRIEVABLE,RETRIEVABLE,RETRIEVABLE,RETRIEVABLE,RETRIEVABLE,RETRIEVABLE
7538704216416718087,A,W-article,2025-08-15T07:02:35Z,0.9889,0-1y,0-1y,0-1y,0-1y,0-1y,1-2y,RETRIEVABLE,RETRIEVABLE,INDETERMINATE,RETRIEVABLE,RETRIEVABLE,RETRIEVABLE
7538970912704449800,A,W-article,2025-08-16T00:17:30Z,0.9869,0-1y,0-1y,0-1y,0-1y,0-1y,0-1y,RETRIEVABLE,RETRIEVABLE,RETRIEVABLE,RETRIEVABLE,RETRIEVABLE,RETRIEVABLE
7539319149600853303,A,W-article,2025-08-16T22:48:50Z,0.9843,0-1y,0-1y,0-1y,0-1y,0-1y,0-1y,RETRIEVABLE,RETRIEVABLE,RETRIEVABLE,RETRIEVABLE,RETRIEVABLE,RETRIEVABLE
7539356494546980113,A,W-article,2025-08-17T01:13:45Z,0.9840,0-1y,0-1y,0-1y,0-1y,0-1y,0-1y,RETRIEVABLE,RETRIEVABLE,RETRIEVABLE,RETRIEVABLE,RETRIEVABLE,RETRIEVABLE
7539659991591030038,A,W-article,2025-08-17T20:51:28Z,0.9818,0-1y,0-1y,0-1y,0-1y,0-1y,0-1y,RETRIEVABLE,RETRIEVABLE,RETRIEVABLE,RETRIEVABLE,RETRIEVABLE,RETRIEVABLE
7539788660330220821,A,W-article,2025-08-18T05:10:46Z,0.9809,0-1y,0-1y,0-1y,0-1y,0-1y,0-1y,RETRIEVABLE,RETRIEVABLE,RETRIEVABLE,RETRIEVABLE,RETRIEVABLE,RETRIEVABLE
7539953860379528462,A,W-article,2025-08-18T15:51:50Z,0.9796,0-1y,0-1y,0-1y,0-1y,0-1y,0-1y,RETRIEVABLE,RETRIEVABLE,RETRIEVABLE,RETRIEVABLE,RETRIEVABLE,RETRIEVABLE
7540213543442926868,A,W-article,2025-08-19T08:39:32Z,0.9777,0-1y,0-1y,0-1y,0-1y,0-1y,0-1y,RETRIEVABLE,RETRIEVABLE,RETRIEVABLE,RETRIEVABLE,RETRIEVABLE,RETRIEVABLE
7540231349429456136,A,W-article,2025-08-19T09:48:38Z,0.9776,0-1y,0-1y,0-1y,0-1y,0-1y,0-1y,RETRIEVABLE,RETRIEVABLE,RETRIEVABLE,RETRIEVABLE,RETRIEVABLE,RETRIEVABLE
7540422458583567621,A,W-article,2025-08-19T22:10:14Z,0.9762,0-1y,0-1y,0-1y,0-1y,0-1y,0-1y,RETRIEVABLE,RETRIEVABLE,RETRIEVABLE,RETRIEVABLE,RETRIEVABLE,RETRIEVABLE
7540583587012234504,A,W-article,2025-08-20T08:35:30Z,0.9750,0-1y,0-1y,0-1y,0-1y,0-1y,0-1y,RETRIEVABLE,RETRIEVABLE,RETRIEVABLE,RETRIEVABLE,RETRIEVABLE,RETRIEVABLE
7540587241865792775,A,W-article,2025-08-20T08:49:41Z,0.9750,0-1y,0-1y,0-1y,0-1y,0-1y,0-1y,RETRIEVABLE,INDETERMINATE,RETRIEVABLE,RETRIEVABLE,RETRIEVABLE,RETRIEVABLE
7540942934854716690,A,W-article,2025-08-21T07:49:57Z,0.9723,0-1y,0-1y,0-1y,0-1y,0-1y,0-1y,RETRIEVABLE,RETRIEVABLE,RETRIEVABLE,RETRIEVABLE,RETRIEVABLE,RETRIEVABLE
7541229361869950226,A,W-article,2025-08-22T02:21:26Z,0.9702,0-1y,0-1y,0-1y,0-1y,0-1y,0-1y,RETRIEVABLE,RETRIEVABLE,RETRIEVABLE,RETRIEVABLE,RETRIEVABLE,RETRIEVABLE
7541238566370675975,A,W-article,2025-08-22T02:57:09Z,0.9702,0-1y,0-1y,0-1y,0-1y,0-1y,0-1y,RETRIEVABLE,RETRIEVABLE,RETRIEVABLE,RETRIEVABLE,RETRIEVABLE,RETRIEVABLE
7541365469408726294,A,W-article,2025-08-22T11:09:36Z,0.9692,0-1y,0-1y,0-1y,0-1y,0-1y,0-1y,RETRIEVABLE,RETRIEVABLE,RETRIEVABLE,RETRIEVABLE,RETRIEVABLE,RETRIEVABLE
7541679660250205447,A,W-article,2025-08-23T07:28:49Z,0.9669,0-1y,0-1y,0-1y,0-1y,0-1y,0-1y,RETRIEVABLE,RETRIEVABLE,RETRIEVABLE,RETRIEVABLE,RETRIEVABLE,RETRIEVABLE
7541763321452563730,A,W-article,2025-08-23T12:53:28Z,0.9663,0-1y,0-1y,0-1y,0-1y,0-1y,0-1y,RETRIEVABLE,RETRIEVABLE,RETRIEVABLE,RETRIEVABLE,RETRIEVABLE,RETRIEVABLE
7541918461719514373,A,W-article,2025-08-23T22:55:29Z,0.9651,0-1y,0-1y,0-1y,0-1y,0-1y,0-1y,RETRIEVABLE,RETRIEVABLE,RETRIEVABLE,RETRIEVABLE,RETRIEVABLE,RETRIEVABLE
7541977594338594055,A,W-article,2025-08-24T02:44:57Z,0.9647,0-1y,0-1y,0-1y,0-1y,0-1y,0-1y,RETRIEVABLE,RETRIEVABLE,RETRIEVABLE,RETRIEVABLE,RETRIEVABLE,RETRIEVABLE
7542313390291569928,A,W-article,2025-08-25T00:28:01Z,0.9622,0-1y,0-1y,0-1y,0-1y,0-1y,0-1y,RETRIEVABLE,RETRIEVABLE,RETRIEVABLE,RETRIEVABLE,RETRIEVABLE,RETRIEVABLE
7542471659039575303,A,W-article,2025-08-25T10:42:11Z,0.9611,0-1y,0-1y,0-1y,0-1y,0-1y,0-1y,RETRIEVABLE,RETRIEVABLE,RETRIEVABLE,RETRIEVABLE,RETRIEVABLE,RETRIEVABLE
7542519908400205076,A,W-article,2025-08-25T13:49:25Z,0.9607,0-1y,0-1y,0-1y,0-1y,0-1y,0-1y,RETRIEVABLE,RETRIEVABLE,RETRIEVABLE,RETRIEVABLE,RETRIEVABLE,RETRIEVABLE
7542764743354879240,A,W-article,2025-08-26T05:39:30Z,0.9589,0-1y,0-1y,0-1y,0-1y,0-1y,0-1y,RETRIEVABLE,RETRIEVABLE,RETRIEVABLE,RETRIEVABLE,RETRIEVABLE,RETRIEVABLE
7543183636892421384,A,W-article,2025-08-27T08:45:01Z,0.9558,0-1y,0-1y,0-1y,0-1y,0-1y,0-1y,RETRIEVABLE,RETRIEVABLE,RETRIEVABLE,RETRIEVABLE,RETRIEVABLE,RETRIEVABLE
7543194457282301191,A,W-article,2025-08-27T09:27:00Z,0.9557,0-1y,0-1y,0-1y,0-1y,0-1y,0-1y,RETRIEVABLE,RETRIEVABLE,RETRIEVABLE,RETRIEVABLE,RETRIEVABLE,RETRIEVABLE
7543251121574251783,A,W-article,2025-08-27T13:06:53Z,0.9553,0-1y,0-1y,0-1y,0-1y,0-1y,0-1y,RETRIEVABLE,RETRIEVABLE,RETRIEVABLE,RETRIEVABLE,RETRIEVABLE,RETRIEVABLE
7543384718163709206,A,W-article,2025-08-27T21:45:19Z,0.9543,0-1y,0-1y,0-1y,0-1y,0-1y,0-1y,RETRIEVABLE,RETRIEVABLE,RETRIEVABLE,RETRIEVABLE,RETRIEVABLE,RETRIEVABLE
7543584689043311880,A,W-article,2025-08-28T10:41:18Z,0.9529,0-1y,0-1y,0-1y,0-1y,0-1y,0-1y,RETRIEVABLE,RETRIEVABLE,RETRIEVABLE,RETRIEVABLE,RETRIEVABLE,RETRIEVABLE
7543911298833141010,A,W-article,2025-08-29T07:48:43Z,0.9504,0-1y,0-1y,0-1y,0-1y,0-1y,0-1y,RETRIEVABLE,RETRIEVABLE,RETRIEVABLE,RETRIEVABLE,INDETERMINATE,RETRIEVABLE
7544191052387814674,A,W-article,2025-08-30T01:54:18Z,0.9484,0-1y,0-1y,0-1y,0-1y,0-1y,0-1y,RETRIEVABLE,RETRIEVABLE,RETRIEVABLE,RETRIEVABLE,RETRIEVABLE,RETRIEVABLE
7544650951374703880,A,W-article,2025-08-31T07:38:57Z,0.9450,0-1y,0-1y,0-1y,0-1y,0-1y,0-1y,RETRIEVABLE,RETRIEVABLE,RETRIEVABLE,RETRIEVABLE,RETRIEVABLE,RETRIEVABLE
7544836950272904470,A,W-article,2025-08-31T19:40:43Z,0.9436,0-1y,0-1y,0-1y,0-1y,0-1y,0-1y,NOT-RETRIEVABLE,NOT-RETRIEVABLE,NOT-RETRIEVABLE,NOT-RETRIEVABLE,NOT-RETRIEVABLE,NOT-RETRIEVABLE
7545060008162086152,A,W-article,2025-09-01T10:06:18Z,0.9420,0-1y,0-1y,0-1y,0-1y,0-1y,0-1y,RETRIEVABLE,RETRIEVABLE,RETRIEVABLE,RETRIEVABLE,RETRIEVABLE,RETRIEVABLE
7545463333235870984,A,W-article,2025-09-02T12:11:24Z,0.9390,0-1y,0-1y,0-1y,0-1y,0-1y,0-1y,RETRIEVABLE,RETRIEVABLE,RETRIEVABLE,RETRIEVABLE,RETRIEVABLE,RETRIEVABLE
7545738172727037202,A,W-article,2025-09-03T05:57:55Z,0.9370,0-1y,0-1y,0-1y,0-1y,0-1y,0-1y,RETRIEVABLE,RETRIEVABLE,RETRIEVABLE,RETRIEVABLE,RETRIEVABLE,RETRIEVABLE
7546019038997122334,A,W-article,2025-09-04T00:07:49Z,0.9349,0-1y,0-1y,0-1y,0-1y,0-1y,0-1y,RETRIEVABLE,RETRIEVABLE,RETRIEVABLE,RETRIEVABLE,RETRIEVABLE,RETRIEVABLE
7546189218423377170,A,W-article,2025-09-04T11:08:12Z,0.9336,0-1y,0-1y,0-1y,0-1y,0-1y,0-1y,RETRIEVABLE,RETRIEVABLE,RETRIEVABLE,RETRIEVABLE,RETRIEVABLE,RETRIEVABLE
7546417401655479560,A,W-article,2025-09-05T01:53:40Z,0.9320,0-1y,0-1y,0-1y,0-1y,0-1y,0-1y,RETRIEVABLE,RETRIEVABLE,RETRIEVABLE,RETRIEVABLE,RETRIEVABLE,RETRIEVABLE
7546507775719869704,A,W-article,2025-09-05T07:44:22Z,0.9313,0-1y,0-1y,0-1y,0-1y,0-1y,0-1y,RETRIEVABLE,RETRIEVABLE,RETRIEVABLE,RETRIEVABLE,RETRIEVABLE,RETRIEVABLE
7546547546240421142,A,W-article,2025-09-05T10:18:42Z,0.9310,0-1y,0-1y,0-1y,0-1y,0-1y,0-1y,RETRIEVABLE,RETRIEVABLE,RETRIEVABLE,RETRIEVABLE,RETRIEVABLE,RETRIEVABLE
7546890254196821256,A,W-article,2025-09-06T08:28:35Z,0.9285,0-1y,0-1y,0-1y,0-1y,0-1y,0-1y,RETRIEVABLE,RETRIEVABLE,RETRIEVABLE,RETRIEVABLE,RETRIEVABLE,RETRIEVABLE
7546890775678799112,A,W-article,2025-09-06T08:30:36Z,0.9285,0-1y,0-1y,0-1y,0-1y,0-1y,0-1y,RETRIEVABLE,RETRIEVABLE,RETRIEVABLE,RETRIEVABLE,RETRIEVABLE,RETRIEVABLE
7547293940106530055,A,W-article,2025-09-07T10:35:05Z,0.9255,0-1y,0-1y,0-1y,0-1y,0-1y,0-1y,RETRIEVABLE,RETRIEVABLE,RETRIEVABLE,RETRIEVABLE,RETRIEVABLE,RETRIEVABLE
7547637919066983687,A,W-article,2025-09-08T08:49:54Z,0.9229,0-1y,0-1y,0-1y,0-1y,0-1y,0-1y,RETRIEVABLE,RETRIEVABLE,RETRIEVABLE,RETRIEVABLE,RETRIEVABLE,RETRIEVABLE
7547655698591583504,A,W-article,2025-09-08T09:58:54Z,0.9228,0-1y,0-1y,0-1y,0-1y,0-1y,0-1y,RETRIEVABLE,RETRIEVABLE,RETRIEVABLE,RETRIEVABLE,RETRIEVABLE,RETRIEVABLE
7547664868741090582,A,W-article,2025-09-08T10:34:29Z,0.9228,0-1y,0-1y,0-1y,0-1y,0-1y,0-1y,RETRIEVABLE,RETRIEVABLE,RETRIEVABLE,RETRIEVABLE,RETRIEVABLE,RETRIEVABLE
7547808613260217614,A,W-article,2025-09-08T19:52:17Z,0.9217,0-1y,0-1y,0-1y,0-1y,0-1y,0-1y,RETRIEVABLE,RETRIEVABLE,RETRIEVABLE,RETRIEVABLE,RETRIEVABLE,RETRIEVABLE
7547895984722939142,A,W-article,2025-09-09T01:31:20Z,0.9210,0-1y,0-1y,0-1y,0-1y,0-1y,0-1y,RETRIEVABLE,RETRIEVABLE,RETRIEVABLE,RETRIEVABLE,RETRIEVABLE,RETRIEVABLE
7547976893367209234,A,W-article,2025-09-09T06:45:18Z,0.9204,0-1y,0-1y,0-1y,0-1y,0-1y,0-1y,RETRIEVABLE,RETRIEVABLE,RETRIEVABLE,RETRIEVABLE,RETRIEVABLE,RETRIEVABLE
7548257829275045128,A,W-article,2025-09-10T00:55:28Z,0.9184,0-1y,0-1y,0-1y,0-1y,0-1y,0-1y,RETRIEVABLE,RETRIEVABLE,RETRIEVABLE,RETRIEVABLE,RETRIEVABLE,RETRIEVABLE
7548382278674550034,A,W-article,2025-09-10T08:58:24Z,0.9175,0-1y,0-1y,0-1y,0-1y,0-1y,0-1y,RETRIEVABLE,INDETERMINATE,RETRIEVABLE,RETRIEVABLE,RETRIEVABLE,RETRIEVABLE
7548454601964539144,A,W-article,2025-09-10T13:39:03Z,0.9169,0-1y,0-1y,0-1y,0-1y,0-1y,0-1y,RETRIEVABLE,RETRIEVABLE,RETRIEVABLE,RETRIEVABLE,RETRIEVABLE,RETRIEVABLE
7548611533845138709,A,W-article,2025-09-10T23:48:02Z,0.9158,0-1y,0-1y,0-1y,0-1y,0-1y,0-1y,RETRIEVABLE,RETRIEVABLE,RETRIEVABLE,RETRIEVABLE,RETRIEVABLE,RETRIEVABLE
7548772368098004231,A,W-article,2025-09-11T10:12:09Z,0.9146,0-1y,0-1y,0-1y,0-1y,0-1y,0-1y,RETRIEVABLE,RETRIEVABLE,RETRIEVABLE,RETRIEVABLE,RETRIEVABLE,RETRIEVABLE
7548801231343340822,A,W-article,2025-09-11T12:04:09Z,0.9144,0-1y,0-1y,0-1y,0-1y,0-1y,0-1y,RETRIEVABLE,RETRIEVABLE,RETRIEVABLE,RETRIEVABLE,RETRIEVABLE,RETRIEVABLE
7549048110425722130,A,W-article,2025-09-12T04:02:10Z,0.9125,0-1y,0-1y,0-1y,0-1y,0-1y,0-1y,RETRIEVABLE,RETRIEVABLE,RETRIEVABLE,RETRIEVABLE,RETRIEVABLE,RETRIEVABLE
7549124498709089544,A,W-article,2025-09-12T08:58:36Z,0.9120,0-1y,0-1y,0-1y,0-1y,0-1y,0-1y,RETRIEVABLE,RETRIEVABLE,RETRIEVABLE,RETRIEVABLE,RETRIEVABLE,RETRIEVABLE
7549493076352322824,A,W-article,2025-09-13T08:48:52Z,0.9093,0-1y,0-1y,0-1y,0-1y,0-1y,0-1y,RETRIEVABLE,RETRIEVABLE,RETRIEVABLE,RETRIEVABLE,RETRIEVABLE,RETRIEVABLE
7549780555756309780,A,W-article,2025-09-14T03:24:26Z,0.9071,0-1y,0-1y,0-1y,0-1y,0-1y,0-1y,RETRIEVABLE,RETRIEVABLE,RETRIEVABLE,RETRIEVABLE,RETRIEVABLE,RETRIEVABLE
7549860614743575826,A,W-article,2025-09-14T08:35:06Z,0.9065,0-1y,0-1y,0-1y,0-1y,0-1y,0-1y,RETRIEVABLE,RETRIEVABLE,RETRIEVABLE,RETRIEVABLE,RETRIEVABLE,RETRIEVABLE
7550297549471632658,A,W-article,2025-09-15T12:50:38Z,0.9033,0-1y,0-1y,0-1y,0-1y,0-1y,0-1y,RETRIEVABLE,RETRIEVABLE,RETRIEVABLE,RETRIEVABLE,RETRIEVABLE,RETRIEVABLE
7550588045251153160,A,W-article,2025-09-16T07:37:54Z,0.9012,0-1y,0-1y,0-1y,0-1y,0-1y,0-1y,RETRIEVABLE,RETRIEVABLE,RETRIEVABLE,RETRIEVABLE,RETRIEVABLE,RETRIEVABLE
7550660207144193288,A,W-article,2025-09-16T12:17:56Z,0.9007,0-1y,0-1y,0-1y,0-1y,0-1y,0-1y,RETRIEVABLE,RETRIEVABLE,RETRIEVABLE,RETRIEVABLE,RETRIEVABLE,RETRIEVABLE
7550719173605805334,A,W-article,2025-09-16T16:06:45Z,0.9002,0-1y,0-1y,0-1y,0-1y,0-1y,0-1y,RETRIEVABLE,RETRIEVABLE,RETRIEVABLE,RETRIEVABLE,RETRIEVABLE,RETRIEVABLE
7550780613347790098,A,W-article,2025-09-16T20:05:10Z,0.8998,0-1y,0-1y,0-1y,0-1y,0-1y,0-1y,RETRIEVABLE,RETRIEVABLE,RETRIEVABLE,RETRIEVABLE,RETRIEVABLE,RETRIEVABLE
7550982617043176712,A,W-article,2025-09-17T09:09:02Z,0.8983,0-1y,0-1y,0-1y,0-1y,0-1y,0-1y,RETRIEVABLE,RETRIEVABLE,RETRIEVABLE,RETRIEVABLE,RETRIEVABLE,RETRIEVABLE
7551146665281981729,A,W-article,2025-09-17T19:45:38Z,0.8971,0-1y,0-1y,0-1y,0-1y,0-1y,0-1y,RETRIEVABLE,RETRIEVABLE,RETRIEVABLE,RETRIEVABLE,INDETERMINATE,RETRIEVABLE
7551172531114249479,A,W-article,2025-09-17T21:26:00Z,0.8969,0-1y,0-1y,0-1y,0-1y,0-1y,0-1y,RETRIEVABLE,RETRIEVABLE,RETRIEVABLE,RETRIEVABLE,RETRIEVABLE,RETRIEVABLE
7551318539035053320,A,W-article,2025-09-18T06:52:35Z,0.8958,0-1y,0-1y,0-1y,0-1y,0-1y,0-1y,RETRIEVABLE,RETRIEVABLE,RETRIEVABLE,RETRIEVABLE,RETRIEVABLE,RETRIEVABLE
7551839492680715538,A,W-article,2025-09-19T16:34:09Z,0.8919,0-1y,0-1y,0-1y,0-1y,0-1y,0-1y,RETRIEVABLE,RETRIEVABLE,RETRIEVABLE,RETRIEVABLE,RETRIEVABLE,RETRIEVABLE
7552134858521283862,A,W-article,2025-09-20T11:40:20Z,0.8898,0-1y,0-1y,0-1y,0-1y,0-1y,0-1y,RETRIEVABLE,RETRIEVABLE,RETRIEVABLE,RETRIEVABLE,RETRIEVABLE,RETRIEVABLE
7552212798764272907,A,W-article,2025-09-20T16:42:46Z,0.8892,0-1y,0-1y,0-1y,0-1y,0-1y,0-1y,RETRIEVABLE,RETRIEVABLE,RETRIEVABLE,RETRIEVABLE,RETRIEVABLE,RETRIEVABLE
7552344398621592839,A,W-article,2025-09-21T01:13:27Z,0.8882,0-1y,0-1y,0-1y,0-1y,0-1y,0-1y,RETRIEVABLE,RETRIEVABLE,RETRIEVABLE,RETRIEVABLE,RETRIEVABLE,RETRIEVABLE
7552937031777799479,A,W-article,2025-09-22T15:33:10Z,0.8839,0-1y,0-1y,0-1y,0-1y,0-1y,0-1y,RETRIEVABLE,RETRIEVABLE,RETRIEVABLE,RETRIEVABLE,RETRIEVABLE,RETRIEVABLE
7553341703256542477,A,W-article,2025-09-23T17:43:30Z,0.8809,0-1y,0-1y,0-1y,0-1y,0-1y,0-1y,RETRIEVABLE,RETRIEVABLE,RETRIEVABLE,RETRIEVABLE,RETRIEVABLE,RETRIEVABLE
7553547095085485330,A,W-article,2025-09-24T07:00:32Z,0.8794,0-1y,0-1y,0-1y,0-1y,0-1y,0-1y,RETRIEVABLE,RETRIEVABLE,RETRIEVABLE,RETRIEVABLE,RETRIEVABLE,RETRIEVABLE
7554333891574697224,A,W-article,2025-09-26T09:53:42Z,0.8735,0-1y,0-1y,0-1y,0-1y,0-1y,0-1y,RETRIEVABLE,RETRIEVABLE,RETRIEVABLE,RETRIEVABLE,RETRIEVABLE,RETRIEVABLE
7555046602944040210,A,W-article,2025-09-28T07:59:23Z,0.8683,0-1y,0-1y,0-1y,0-1y,0-1y,0-1y,RETRIEVABLE,RETRIEVABLE,RETRIEVABLE,RETRIEVABLE,RETRIEVABLE,RETRIEVABLE
7555124183282339079,A,W-article,2025-09-28T13:00:26Z,0.8677,0-1y,0-1y,0-1y,0-1y,0-1y,0-1y,INDETERMINATE,RETRIEVABLE,RETRIEVABLE,RETRIEVABLE,RETRIEVABLE,RETRIEVABLE
7555186655632624952,A,W-article,2025-09-28T17:02:51Z,0.8673,0-1y,0-1y,0-1y,0-1y,0-1y,0-1y,RETRIEVABLE,RETRIEVABLE,RETRIEVABLE,RETRIEVABLE,RETRIEVABLE,RETRIEVABLE
7555224831633984770,A,W-article,2025-09-28T19:31:00Z,0.8670,0-1y,0-1y,0-1y,0-1y,0-1y,0-1y,RETRIEVABLE,RETRIEVABLE,RETRIEVABLE,RETRIEVABLE,RETRIEVABLE,RETRIEVABLE
7555259907700788511,A,W-article,2025-09-28T21:47:07Z,0.8667,0-1y,0-1y,0-1y,0-1y,0-1y,0-1y,NOT-RETRIEVABLE,NOT-RETRIEVABLE,NOT-RETRIEVABLE,NOT-RETRIEVABLE,NOT-RETRIEVABLE,NOT-RETRIEVABLE
7555754287658192158,A,W-article,2025-09-30T05:45:34Z,0.8631,0-1y,0-1y,0-1y,0-1y,0-1y,0-1y,RETRIEVABLE,RETRIEVABLE,RETRIEVABLE,RETRIEVABLE,RETRIEVABLE,RETRIEVABLE
7555841588929383687,A,W-article,2025-09-30T11:24:20Z,0.8624,0-1y,0-1y,0-1y,0-1y,0-1y,0-1y,RETRIEVABLE,RETRIEVABLE,RETRIEVABLE,RETRIEVABLE,RETRIEVABLE,RETRIEVABLE
7555914947490843917,A,W-article,2025-09-30T16:09:00Z,0.8619,0-1y,0-1y,0-1y,0-1y,0-1y,0-1y,RETRIEVABLE,RETRIEVABLE,RETRIEVABLE,RETRIEVABLE,RETRIEVABLE,RETRIEVABLE
7556129517987794189,A,W-article,2025-10-01T06:01:39Z,0.8603,0-1y,0-1y,0-1y,0-1y,0-1y,0-1y,RETRIEVABLE,RETRIEVABLE,RETRIEVABLE,RETRIEVABLE,RETRIEVABLE,RETRIEVABLE
7556550250702441750,A,W-article,2025-10-02T09:14:18Z,0.8572,0-1y,0-1y,0-1y,0-1y,0-1y,0-1y,RETRIEVABLE,RETRIEVABLE,RETRIEVABLE,RETRIEVABLE,RETRIEVABLE,RETRIEVABLE
7556556198766546198,A,W-article,2025-10-02T09:37:23Z,0.8572,0-1y,0-1y,0-1y,0-1y,0-1y,0-1y,RETRIEVABLE,RETRIEVABLE,RETRIEVABLE,RETRIEVABLE,RETRIEVABLE,RETRIEVABLE
7557034869923056918,A,W-article,2025-10-03T16:34:52Z,0.8536,0-1y,0-1y,0-1y,0-1y,0-1y,0-1y,RETRIEVABLE,RETRIEVABLE,RETRIEVABLE,RETRIEVABLE,RETRIEVABLE,RETRIEVABLE
7557493493489290514,A,W-article,2025-10-04T22:14:34Z,0.8502,0-1y,0-1y,0-1y,0-1y,0-1y,0-1y,RETRIEVABLE,RETRIEVABLE,RETRIEVABLE,RETRIEVABLE,RETRIEVABLE,RETRIEVABLE
7557728295933021462,A,W-article,2025-10-05T13:25:43Z,0.8485,0-1y,0-1y,0-1y,0-1y,0-1y,0-1y,RETRIEVABLE,RETRIEVABLE,RETRIEVABLE,RETRIEVABLE,RETRIEVABLE,RETRIEVABLE
7558287983669972280,A,W-article,2025-10-07T01:37:36Z,0.8444,0-1y,0-1y,0-1y,0-1y,0-1y,0-1y,RETRIEVABLE,RETRIEVABLE,RETRIEVABLE,RETRIEVABLE,RETRIEVABLE,RETRIEVABLE
7558807969350126856,A,W-article,2025-10-08T11:15:24Z,0.8405,0-1y,0-1y,0-1y,0-1y,0-1y,0-1y,RETRIEVABLE,RETRIEVABLE,RETRIEVABLE,RETRIEVABLE,RETRIEVABLE,INDETERMINATE
7558849942845017377,A,W-article,2025-10-08T13:58:17Z,0.8402,0-1y,0-1y,0-1y,0-1y,0-1y,0-1y,RETRIEVABLE,RETRIEVABLE,RETRIEVABLE,RETRIEVABLE,RETRIEVABLE,RETRIEVABLE
7559191761684385046,A,W-article,2025-10-09T12:04:43Z,0.8377,0-1y,0-1y,0-1y,0-1y,0-1y,0-1y,RETRIEVABLE,RETRIEVABLE,RETRIEVABLE,RETRIEVABLE,RETRIEVABLE,RETRIEVABLE
7559299685635149069,A,W-article,2025-10-09T19:03:31Z,0.8369,0-1y,0-1y,0-1y,0-1y,0-1y,0-1y,RETRIEVABLE,RETRIEVABLE,RETRIEVABLE,RETRIEVABLE,RETRIEVABLE,RETRIEVABLE
7559385548335451403,A,W-article,2025-10-10T00:36:42Z,0.8363,0-1y,0-1y,0-1y,0-1y,0-1y,0-1y,RETRIEVABLE,RETRIEVABLE,RETRIEVABLE,RETRIEVABLE,RETRIEVABLE,RETRIEVABLE
7559623092662783254,A,W-article,2025-10-10T15:58:30Z,0.8345,0-1y,0-1y,0-1y,0-1y,0-1y,0-1y,RETRIEVABLE,RETRIEVABLE,RETRIEVABLE,RETRIEVABLE,RETRIEVABLE,RETRIEVABLE
7560028984218635534,A,W-article,2025-10-11T18:13:34Z,0.8315,0-1y,0-1y,0-1y,0-1y,0-1y,0-1y,RETRIEVABLE,RETRIEVABLE,RETRIEVABLE,RETRIEVABLE,RETRIEVABLE,RETRIEVABLE
7561334464652070158,A,W-article,2025-10-15T06:39:30Z,0.8219,0-1y,0-1y,0-1y,0-1y,0-1y,0-1y,RETRIEVABLE,RETRIEVABLE,RETRIEVABLE,RETRIEVABLE,RETRIEVABLE,RETRIEVABLE
7562037205825260813,A,W-article,2025-10-17T04:06:29Z,0.8167,0-1y,0-1y,0-1y,0-1y,0-1y,0-1y,RETRIEVABLE,RETRIEVABLE,RETRIEVABLE,RETRIEVABLE,RETRIEVABLE,RETRIEVABLE
7562213496113466646,A,W-article,2025-10-17T15:30:35Z,0.8154,0-1y,0-1y,0-1y,0-1y,0-1y,0-1y,RETRIEVABLE,RETRIEVABLE,RETRIEVABLE,RETRIEVABLE,RETRIEVABLE,INDETERMINATE
7562993609637727519,A,W-article,2025-10-19T17:57:50Z,0.8097,0-1y,0-1y,0-1y,0-1y,0-1y,0-1y,RETRIEVABLE,RETRIEVABLE,RETRIEVABLE,RETRIEVABLE,RETRIEVABLE,RETRIEVABLE
7563384177861709086,A,W-article,2025-10-20T19:13:26Z,0.8068,0-1y,0-1y,0-1y,0-1y,0-1y,0-1y,RETRIEVABLE,RETRIEVABLE,RETRIEVABLE,RETRIEVABLE,RETRIEVABLE,RETRIEVABLE
7563415631069056287,A,W-article,2025-10-20T21:15:29Z,0.8065,0-1y,0-1y,0-1y,0-1y,0-1y,0-1y,RETRIEVABLE,RETRIEVABLE,RETRIEVABLE,RETRIEVABLE,RETRIEVABLE,RETRIEVABLE
7564794207387340045,A,W-article,2025-10-24T14:25:04Z,0.7964,0-1y,0-1y,0-1y,0-1y,0-1y,0-1y,RETRIEVABLE,RETRIEVABLE,RETRIEVABLE,RETRIEVABLE,RETRIEVABLE,RETRIEVABLE
7566081318212177159,A,W-article,2025-10-28T01:39:43Z,0.7869,0-1y,0-1y,0-1y,0-1y,0-1y,0-1y,RETRIEVABLE,RETRIEVABLE,RETRIEVABLE,RETRIEVABLE,RETRIEVABLE,RETRIEVABLE
7567021113486609686,A,W-article,2025-10-30T14:26:36Z,0.7799,0-1y,0-1y,0-1y,0-1y,0-1y,0-1y,RETRIEVABLE,RETRIEVABLE,RETRIEVABLE,RETRIEVABLE,RETRIEVABLE,RETRIEVABLE
7567255782706728210,A,W-article,2025-10-31T05:37:14Z,0.7782,0-1y,0-1y,0-1y,0-1y,0-1y,0-1y,NOT-RETRIEVABLE,NOT-RETRIEVABLE,NOT-RETRIEVABLE,NOT-RETRIEVABLE,NOT-RETRIEVABLE,NOT-RETRIEVABLE
7568476270502235400,A,W-article,2025-11-03T12:33:21Z,0.7692,0-1y,0-1y,0-1y,0-1y,0-1y,0-1y,RETRIEVABLE,RETRIEVABLE,RETRIEVABLE,RETRIEVABLE,RETRIEVABLE,RETRIEVABLE
7568654685473721622,A,W-article,2025-11-04T00:05:42Z,0.7679,0-1y,0-1y,0-1y,0-1y,0-1y,0-1y,RETRIEVABLE,RETRIEVABLE,RETRIEVABLE,INDETERMINATE,RETRIEVABLE,RETRIEVABLE
7569257396401655062,A,W-article,2025-11-05T15:04:31Z,0.7634,0-1y,0-1y,0-1y,0-1y,0-1y,0-1y,RETRIEVABLE,RETRIEVABLE,RETRIEVABLE,RETRIEVABLE,RETRIEVABLE,RETRIEVABLE
7569445453721373966,A,W-article,2025-11-06T03:14:17Z,0.7621,0-1y,0-1y,0-1y,0-1y,0-1y,0-1y,RETRIEVABLE,RETRIEVABLE,INDETERMINATE,RETRIEVABLE,RETRIEVABLE,RETRIEVABLE
7570292015708228884,A,W-article,2025-11-08T09:59:22Z,0.7558,0-1y,0-1y,0-1y,0-1y,0-1y,0-1y,RETRIEVABLE,RETRIEVABLE,RETRIEVABLE,RETRIEVABLE,RETRIEVABLE,RETRIEVABLE
7570776705464290568,A,W-article,2025-11-09T17:20:13Z,0.7522,0-1y,0-1y,0-1y,0-1y,0-1y,0-1y,RETRIEVABLE,RETRIEVABLE,RETRIEVABLE,RETRIEVABLE,RETRIEVABLE,RETRIEVABLE
7571327843393670422,A,W-article,2025-11-11T04:58:55Z,0.7482,0-1y,0-1y,0-1y,0-1y,0-1y,0-1y,RETRIEVABLE,RETRIEVABLE,RETRIEVABLE,RETRIEVABLE,RETRIEVABLE,RETRIEVABLE
7572029345858931988,A,W-article,2025-11-13T02:21:06Z,0.7430,0-1y,0-1y,0-1y,0-1y,0-1y,0-1y,RETRIEVABLE,RETRIEVABLE,RETRIEVABLE,RETRIEVABLE,RETRIEVABLE,RETRIEVABLE
7572703212461886775,A,W-article,2025-11-14T21:56:03Z,0.7380,0-1y,0-1y,0-1y,0-1y,0-1y,0-1y,RETRIEVABLE,RETRIEVABLE,RETRIEVABLE,RETRIEVABLE,RETRIEVABLE,RETRIEVABLE
7572750665999600904,A,W-article,2025-11-15T01:00:11Z,0.7377,0-1y,0-1y,0-1y,0-1y,0-1y,0-1y,RETRIEVABLE,RETRIEVABLE,RETRIEVABLE,RETRIEVABLE,RETRIEVABLE,RETRIEVABLE
7572915450808372488,A,W-article,2025-11-15T11:39:38Z,0.7365,0-1y,0-1y,0-1y,0-1y,0-1y,0-1y,NOT-RETRIEVABLE,NOT-RETRIEVABLE,NOT-RETRIEVABLE,NOT-RETRIEVABLE,NOT-RETRIEVABLE,NOT-RETRIEVABLE
7572927419233996054,A,W-article,2025-11-15T12:26:05Z,0.7364,0-1y,0-1y,0-1y,0-1y,0-1y,0-1y,RETRIEVABLE,RETRIEVABLE,RETRIEVABLE,RETRIEVABLE,RETRIEVABLE,RETRIEVABLE
7573122397663317266,A,W-article,2025-11-16T01:02:42Z,0.7349,0-1y,0-1y,0-1y,0-1y,0-1y,0-1y,RETRIEVABLE,RETRIEVABLE,RETRIEVABLE,RETRIEVABLE,RETRIEVABLE,RETRIEVABLE
7573124257190874423,A,W-article,2025-11-16T01:09:55Z,0.7349,0-1y,0-1y,0-1y,0-1y,0-1y,0-1y,RETRIEVABLE,RETRIEVABLE,RETRIEVABLE,RETRIEVABLE,RETRIEVABLE,RETRIEVABLE
7574202791485312287,A,W-article,2025-11-18T22:55:11Z,0.7270,0-1y,0-1y,0-1y,0-1y,0-1y,0-1y,RETRIEVABLE,RETRIEVABLE,RETRIEVABLE,RETRIEVABLE,RETRIEVABLE,RETRIEVABLE
7574319088349105426,A,W-article,2025-11-19T06:26:28Z,0.7261,0-1y,0-1y,0-1y,0-1y,0-1y,0-1y,RETRIEVABLE,RETRIEVABLE,RETRIEVABLE,RETRIEVABLE,RETRIEVABLE,RETRIEVABLE
7574771449550982418,A,W-article,2025-11-20T11:41:52Z,0.7228,0-1y,0-1y,0-1y,0-1y,0-1y,0-1y,RETRIEVABLE,RETRIEVABLE,RETRIEVABLE,RETRIEVABLE,RETRIEVABLE,RETRIEVABLE
7575874045174942988,A,W-article,2025-11-23T11:00:30Z,0.7146,0-1y,0-1y,0-1y,0-1y,0-1y,0-1y,RETRIEVABLE,RETRIEVABLE,RETRIEVABLE,RETRIEVABLE,RETRIEVABLE,RETRIEVABLE
7575982374157176097,A,W-article,2025-11-23T18:00:52Z,0.7138,0-1y,0-1y,0-1y,0-1y,0-1y,0-1y,RETRIEVABLE,RETRIEVABLE,RETRIEVABLE,RETRIEVABLE,RETRIEVABLE,RETRIEVABLE
7576335426865073426,A,W-article,2025-11-24T16:50:53Z,0.7112,0-1y,0-1y,0-1y,0-1y,0-1y,0-1y,RETRIEVABLE,RETRIEVABLE,RETRIEVABLE,RETRIEVABLE,RETRIEVABLE,RETRIEVABLE
7576480995965177095,A,W-article,2025-11-25T02:15:46Z,0.7101,0-1y,0-1y,0-1y,0-1y,0-1y,0-1y,NOT-RETRIEVABLE,NOT-RETRIEVABLE,NOT-RETRIEVABLE,NOT-RETRIEVABLE,NOT-RETRIEVABLE,NOT-RETRIEVABLE
7577155342442827021,A,W-article,2025-11-26T21:52:35Z,0.7052,0-1y,0-1y,0-1y,0-1y,0-1y,0-1y,RETRIEVABLE,RETRIEVABLE,RETRIEVABLE,RETRIEVABLE,INDETERMINATE,RETRIEVABLE
7577506047955422495,A,W-article,2025-11-27T20:33:30Z,0.7026,0-1y,0-1y,0-1y,0-1y,0-1y,0-1y,RETRIEVABLE,RETRIEVABLE,RETRIEVABLE,RETRIEVABLE,RETRIEVABLE,RETRIEVABLE
7577557252253453589,A,W-article,2025-11-27T23:52:12Z,0.7022,0-1y,0-1y,0-1y,0-1y,0-1y,0-1y,RETRIEVABLE,RETRIEVABLE,RETRIEVABLE,RETRIEVABLE,RETRIEVABLE,RETRIEVABLE
7577707514230312212,A,W-article,2025-11-28T09:35:17Z,0.7011,0-1y,0-1y,0-1y,0-1y,0-1y,0-1y,RETRIEVABLE,RETRIEVABLE,RETRIEVABLE,RETRIEVABLE,RETRIEVABLE,RETRIEVABLE
7579384210591403277,A,W-article,2025-12-02T22:01:44Z,0.6887,0-1y,0-1y,0-1y,0-1y,0-1y,0-1y,RETRIEVABLE,RETRIEVABLE,RETRIEVABLE,RETRIEVABLE,RETRIEVABLE,RETRIEVABLE
7579761096152583431,A,W-article,2025-12-03T22:24:14Z,0.6859,0-1y,0-1y,0-1y,0-1y,0-1y,0-1y,RETRIEVABLE,RETRIEVABLE,RETRIEVABLE,RETRIEVABLE,RETRIEVABLE,RETRIEVABLE
7579954227183635729,A,W-article,2025-12-04T10:53:41Z,0.6845,0-1y,0-1y,0-1y,0-1y,0-1y,0-1y,RETRIEVABLE,RETRIEVABLE,RETRIEVABLE,RETRIEVABLE,RETRIEVABLE,RETRIEVABLE
7580016171739598100,A,W-article,2025-12-04T14:54:04Z,0.6841,0-1y,0-1y,0-1y,0-1y,0-1y,0-1y,RETRIEVABLE,RETRIEVABLE,RETRIEVABLE,RETRIEVABLE,RETRIEVABLE,RETRIEVABLE
7580346757393943829,A,W-article,2025-12-05T12:16:54Z,0.6816,0-1y,0-1y,0-1y,0-1y,0-1y,0-1y,RETRIEVABLE,RETRIEVABLE,RETRIEVABLE,RETRIEVABLE,RETRIEVABLE,RETRIEVABLE
7580806531747220792,A,W-article,2025-12-06T18:01:04Z,0.6782,0-1y,0-1y,0-1y,0-1y,0-1y,0-1y,RETRIEVABLE,RETRIEVABLE,RETRIEVABLE,RETRIEVABLE,RETRIEVABLE,RETRIEVABLE
7581613229932137750,A,W-article,2025-12-08T22:11:28Z,0.6723,0-1y,0-1y,0-1y,0-1y,0-1y,0-1y,RETRIEVABLE,RETRIEVABLE,RETRIEVABLE,RETRIEVABLE,RETRIEVABLE,RETRIEVABLE
7581900794820136199,A,W-article,2025-12-09T16:47:22Z,0.6702,0-1y,0-1y,0-1y,0-1y,0-1y,0-1y,RETRIEVABLE,RETRIEVABLE,RETRIEVABLE,RETRIEVABLE,RETRIEVABLE,RETRIEVABLE
7582993556575358222,A,W-article,2025-12-12T15:27:50Z,0.6621,0-1y,0-1y,0-1y,0-1y,0-1y,0-1y,RETRIEVABLE,RETRIEVABLE,RETRIEVABLE,RETRIEVABLE,RETRIEVABLE,RETRIEVABLE
7583228616893287700,A,W-article,2025-12-13T06:39:59Z,0.6604,0-1y,0-1y,0-1y,0-1y,0-1y,0-1y,RETRIEVABLE,RETRIEVABLE,RETRIEVABLE,RETRIEVABLE,RETRIEVABLE,RETRIEVABLE
7583257477781736725,A,W-article,2025-12-13T08:31:59Z,0.6601,0-1y,0-1y,0-1y,0-1y,0-1y,0-1y,RETRIEVABLE,RETRIEVABLE,RETRIEVABLE,RETRIEVABLE,RETRIEVABLE,RETRIEVABLE
7583933188309798164,A,W-article,2025-12-15T04:14:05Z,0.6552,0-1y,0-1y,0-1y,0-1y,0-1y,0-1y,RETRIEVABLE,RETRIEVABLE,RETRIEVABLE,RETRIEVABLE,RETRIEVABLE,RETRIEVABLE
7584109870303939842,A,W-article,2025-12-15T15:39:42Z,0.6539,0-1y,0-1y,0-1y,0-1y,0-1y,0-1y,RETRIEVABLE,RETRIEVABLE,RETRIEVABLE,RETRIEVABLE,RETRIEVABLE,RETRIEVABLE
7584801392586394902,A,W-article,2025-12-17T12:23:10Z,0.6488,0-1y,0-1y,0-1y,0-1y,0-1y,0-1y,RETRIEVABLE,RETRIEVABLE,RETRIEVABLE,RETRIEVABLE,RETRIEVABLE,RETRIEVABLE
7585231489541901586,A,W-article,2025-12-18T16:12:09Z,0.6456,0-1y,0-1y,0-1y,0-1y,0-1y,0-1y,RETRIEVABLE,RETRIEVABLE,RETRIEVABLE,RETRIEVABLE,RETRIEVABLE,RETRIEVABLE
7585744235987733778,A,W-article,2025-12-20T01:21:53Z,0.6418,0-1y,0-1y,0-1y,0-1y,0-1y,0-1y,NOT-RETRIEVABLE,NOT-RETRIEVABLE,NOT-RETRIEVABLE,NOT-RETRIEVABLE,NOT-RETRIEVABLE,NOT-RETRIEVABLE
7585846618281331988,A,W-article,2025-12-20T07:59:10Z,0.6410,0-1y,0-1y,0-1y,0-1y,0-1y,0-1y,NOT-RETRIEVABLE,NOT-RETRIEVABLE,NOT-RETRIEVABLE,NOT-RETRIEVABLE,NOT-RETRIEVABLE,NOT-RETRIEVABLE
7585850104926473493,A,W-article,2025-12-20T08:12:42Z,0.6410,0-1y,0-1y,0-1y,0-1y,0-1y,0-1y,RETRIEVABLE,RETRIEVABLE,RETRIEVABLE,RETRIEVABLE,RETRIEVABLE,RETRIEVABLE
7587348260751363349,A,W-article,2025-12-24T09:06:19Z,0.6300,0-1y,0-1y,0-1y,0-1y,0-1y,0-1y,RETRIEVABLE,RETRIEVABLE,RETRIEVABLE,RETRIEVABLE,RETRIEVABLE,RETRIEVABLE
7587705869001968913,A,W-article,2025-12-25T08:14:01Z,0.6273,0-1y,0-1y,0-1y,0-1y,0-1y,0-1y,RETRIEVABLE,RETRIEVABLE,RETRIEVABLE,RETRIEVABLE,RETRIEVABLE,RETRIEVABLE
7588518508548476167,A,W-article,2025-12-27T12:47:28Z,0.6213,0-1y,0-1y,0-1y,0-1y,0-1y,0-1y,RETRIEVABLE,RETRIEVABLE,RETRIEVABLE,RETRIEVABLE,RETRIEVABLE,RETRIEVABLE
7589960346450857234,A,W-article,2025-12-31T10:02:32Z,0.6107,0-1y,0-1y,0-1y,0-1y,0-1y,0-1y,RETRIEVABLE,RETRIEVABLE,RETRIEVABLE,RETRIEVABLE,RETRIEVABLE,RETRIEVABLE
7590964589089623314,A,W-article,2026-01-03T02:59:31Z,0.6033,0-1y,0-1y,0-1y,0-1y,0-1y,0-1y,RETRIEVABLE,RETRIEVABLE,RETRIEVABLE,RETRIEVABLE,RETRIEVABLE,RETRIEVABLE
7591098624118099220,A,W-article,2026-01-03T11:39:38Z,0.6023,0-1y,0-1y,0-1y,0-1y,0-1y,0-1y,RETRIEVABLE,RETRIEVABLE,RETRIEVABLE,RETRIEVABLE,RETRIEVABLE,RETRIEVABLE
7591137063974522132,A,W-article,2026-01-03T14:08:48Z,0.6020,0-1y,0-1y,0-1y,0-1y,0-1y,0-1y,RETRIEVABLE,RETRIEVABLE,RETRIEVABLE,RETRIEVABLE,RETRIEVABLE,RETRIEVABLE
7591610070954233110,A,W-article,2026-01-04T20:44:19Z,0.5985,0-1y,0-1y,0-1y,0-1y,0-1y,0-1y,RETRIEVABLE,RETRIEVABLE,RETRIEVABLE,RETRIEVABLE,RETRIEVABLE,RETRIEVABLE
7592017252166176013,A,W-article,2026-01-05T23:04:23Z,0.5955,0-1y,0-1y,0-1y,0-1y,0-1y,0-1y,RETRIEVABLE,RETRIEVABLE,RETRIEVABLE,RETRIEVABLE,RETRIEVABLE,RETRIEVABLE
7592151065559190805,A,W-article,2026-01-06T07:43:39Z,0.5945,0-1y,0-1y,0-1y,0-1y,0-1y,0-1y,RETRIEVABLE,INDETERMINATE,RETRIEVABLE,RETRIEVABLE,RETRIEVABLE,RETRIEVABLE
7592459342452985109,A,W-article,2026-01-07T03:39:55Z,0.5923,0-1y,0-1y,0-1y,0-1y,0-1y,0-1y,RETRIEVABLE,RETRIEVABLE,RETRIEVABLE,RETRIEVABLE,RETRIEVABLE,RETRIEVABLE
7593286320554888469,A,W-article,2026-01-09T09:09:01Z,0.5862,0-1y,0-1y,0-1y,0-1y,0-1y,0-1y,NOT-RETRIEVABLE,NOT-RETRIEVABLE,NOT-RETRIEVABLE,NOT-RETRIEVABLE,NOT-RETRIEVABLE,NOT-RETRIEVABLE
7594304760191257864,A,W-article,2026-01-12T03:01:05Z,0.5786,0-1y,0-1y,0-1y,0-1y,0-1y,0-1y,NOT-RETRIEVABLE,NOT-RETRIEVABLE,NOT-RETRIEVABLE,NOT-RETRIEVABLE,INDETERMINATE,NOT-RETRIEVABLE
7595402716290010399,A,W-article,2026-01-15T02:01:43Z,0.5705,0-1y,0-1y,0-1y,0-1y,0-1y,0-1y,RETRIEVABLE,RETRIEVABLE,RETRIEVABLE,RETRIEVABLE,RETRIEVABLE,RETRIEVABLE
7595672921167695118,A,W-article,2026-01-15T19:30:15Z,0.5685,0-1y,0-1y,0-1y,0-1y,0-1y,0-1y,RETRIEVABLE,RETRIEVABLE,RETRIEVABLE,RETRIEVABLE,RETRIEVABLE,RETRIEVABLE
7596007441028959543,A,W-article,2026-01-16T17:08:21Z,0.5661,0-1y,0-1y,0-1y,0-1y,0-1y,0-1y,RETRIEVABLE,RETRIEVABLE,RETRIEVABLE,RETRIEVABLE,RETRIEVABLE,RETRIEVABLE
7596567525639326994,A,W-article,2026-01-18T05:21:46Z,0.5619,0-1y,0-1y,0-1y,0-1y,0-1y,0-1y,RETRIEVABLE,RETRIEVABLE,RETRIEVABLE,RETRIEVABLE,RETRIEVABLE,RETRIEVABLE
7596817284782427423,A,W-article,2026-01-18T21:30:58Z,0.5601,0-1y,0-1y,0-1y,0-1y,0-1y,0-1y,RETRIEVABLE,RETRIEVABLE,RETRIEVABLE,RETRIEVABLE,RETRIEVABLE,RETRIEVABLE
7597098517194132758,A,W-article,2026-01-19T15:42:17Z,0.5580,0-1y,0-1y,0-1y,0-1y,0-1y,0-1y,RETRIEVABLE,RETRIEVABLE,RETRIEVABLE,RETRIEVABLE,RETRIEVABLE,RETRIEVABLE
7598526356539854101,A,W-article,2026-01-23T12:03:02Z,0.5475,0-1y,0-1y,0-1y,0-1y,0-1y,0-1y,RETRIEVABLE,RETRIEVABLE,RETRIEVABLE,RETRIEVABLE,RETRIEVABLE,RETRIEVABLE
7599310218782051606,A,W-article,2026-01-25T14:44:49Z,0.5417,0-1y,0-1y,0-1y,0-1y,0-1y,0-1y,RETRIEVABLE,RETRIEVABLE,RETRIEVABLE,RETRIEVABLE,RETRIEVABLE,RETRIEVABLE
7600811482900712760,A,W-article,2026-01-29T15:50:29Z,0.5306,0-1y,0-1y,0-1y,0-1y,0-1y,0-1y,RETRIEVABLE,RETRIEVABLE,RETRIEVABLE,RETRIEVABLE,RETRIEVABLE,RETRIEVABLE
7600881881810275605,A,W-article,2026-01-29T20:23:40Z,0.5301,0-1y,0-1y,0-1y,0-1y,0-1y,0-1y,RETRIEVABLE,RETRIEVABLE,RETRIEVABLE,RETRIEVABLE,RETRIEVABLE,RETRIEVABLE
7601186288317861152,A,W-article,2026-01-30T16:04:56Z,0.5279,0-1y,0-1y,0-1y,0-1y,0-1y,0-1y,RETRIEVABLE,RETRIEVABLE,RETRIEVABLE,RETRIEVABLE,RETRIEVABLE,RETRIEVABLE
7601769018386582805,A,W-article,2026-02-01T05:46:13Z,0.5236,0-1y,0-1y,0-1y,0-1y,0-1y,0-1y,INDETERMINATE,NOT-RETRIEVABLE,NOT-RETRIEVABLE,NOT-RETRIEVABLE,NOT-RETRIEVABLE,NOT-RETRIEVABLE
7602032568774528269,A,W-article,2026-02-01T22:48:56Z,0.5216,0-1y,0-1y,0-1y,0-1y,0-1y,0-1y,RETRIEVABLE,RETRIEVABLE,RETRIEVABLE,RETRIEVABLE,RETRIEVABLE,RETRIEVABLE
7603730915231091975,A,W-article,2026-02-06T12:39:23Z,0.5091,0-1y,0-1y,0-1y,0-1y,0-1y,0-1y,RETRIEVABLE,RETRIEVABLE,RETRIEVABLE,RETRIEVABLE,RETRIEVABLE,RETRIEVABLE
7603922545699474702,A,W-article,2026-02-07T01:03:00Z,0.5077,0-1y,0-1y,0-1y,0-1y,0-1y,0-1y,RETRIEVABLE,RETRIEVABLE,RETRIEVABLE,RETRIEVABLE,RETRIEVABLE,RETRIEVABLE
7605345662162472222,A,W-article,2026-02-10T21:05:25Z,0.4972,0-1y,0-1y,0-1y,0-1y,0-1y,0-1y,RETRIEVABLE,RETRIEVABLE,RETRIEVABLE,RETRIEVABLE,RETRIEVABLE,RETRIEVABLE
7605820347933330706,A,W-article,2026-02-12T03:47:27Z,0.4937,0-1y,0-1y,0-1y,0-1y,0-1y,0-1y,RETRIEVABLE,RETRIEVABLE,RETRIEVABLE,RETRIEVABLE,RETRIEVABLE,RETRIEVABLE
7606191492297772296,A,W-article,2026-02-13T03:47:40Z,0.4909,0-1y,0-1y,0-1y,0-1y,0-1y,0-1y,RETRIEVABLE,RETRIEVABLE,RETRIEVABLE,RETRIEVABLE,RETRIEVABLE,RETRIEVABLE
7606217310658940174,A,W-article,2026-02-13T05:27:52Z,0.4908,0-1y,0-1y,0-1y,0-1y,0-1y,0-1y,RETRIEVABLE,RETRIEVABLE,RETRIEVABLE,RETRIEVABLE,RETRIEVABLE,RETRIEVABLE
7607299585123388692,A,W-article,2026-02-16T03:27:38Z,0.4828,0-1y,0-1y,0-1y,0-1y,0-1y,0-1y,RETRIEVABLE,RETRIEVABLE,RETRIEVABLE,RETRIEVABLE,RETRIEVABLE,RETRIEVABLE
7608711972963536140,A,W-article,2026-02-19T22:48:26Z,0.4723,0-1y,0-1y,0-1y,0-1y,0-1y,0-1y,RETRIEVABLE,RETRIEVABLE,RETRIEVABLE,RETRIEVABLE,RETRIEVABLE,RETRIEVABLE
7608828324579691784,A,W-article,2026-02-20T06:19:56Z,0.4715,0-1y,0-1y,0-1y,0-1y,0-1y,0-1y,RETRIEVABLE,RETRIEVABLE,RETRIEVABLE,RETRIEVABLE,RETRIEVABLE,RETRIEVABLE
7608908610831191318,A,W-article,2026-02-20T11:31:29Z,0.4709,0-1y,0-1y,0-1y,0-1y,0-1y,0-1y,RETRIEVABLE,RETRIEVABLE,RETRIEVABLE,RETRIEVABLE,RETRIEVABLE,RETRIEVABLE
7608925909562739975,A,W-article,2026-02-20T12:38:37Z,0.4708,0-1y,0-1y,0-1y,0-1y,0-1y,0-1y,RETRIEVABLE,RETRIEVABLE,RETRIEVABLE,RETRIEVABLE,RETRIEVABLE,RETRIEVABLE
7608933252803415314,A,W-article,2026-02-20T13:07:06Z,0.4707,0-1y,0-1y,0-1y,0-1y,0-1y,0-1y,RETRIEVABLE,RETRIEVABLE,RETRIEVABLE,RETRIEVABLE,RETRIEVABLE,RETRIEVABLE
7609003001138793748,A,W-article,2026-02-20T17:37:46Z,0.4702,0-1y,0-1y,0-1y,0-1y,0-1y,0-1y,RETRIEVABLE,RETRIEVABLE,RETRIEVABLE,RETRIEVABLE,RETRIEVABLE,RETRIEVABLE
7610128806946393357,A,W-article,2026-02-23T18:26:28Z,0.4619,0-1y,0-1y,0-1y,0-1y,0-1y,0-1y,RETRIEVABLE,RETRIEVABLE,RETRIEVABLE,RETRIEVABLE,RETRIEVABLE,RETRIEVABLE
7610131324078181664,A,W-article,2026-02-23T18:36:14Z,0.4619,0-1y,0-1y,0-1y,0-1y,0-1y,0-1y,RETRIEVABLE,RETRIEVABLE,RETRIEVABLE,RETRIEVABLE,RETRIEVABLE,RETRIEVABLE
7610463556164652289,A,W-article,2026-02-24T16:05:28Z,0.4594,0-1y,0-1y,0-1y,0-1y,0-1y,0-1y,RETRIEVABLE,RETRIEVABLE,RETRIEVABLE,RETRIEVABLE,RETRIEVABLE,RETRIEVABLE
7610539942585978133,A,W-article,2026-02-24T21:01:53Z,0.4589,0-1y,0-1y,0-1y,0-1y,0-1y,0-1y,RETRIEVABLE,RETRIEVABLE,RETRIEVABLE,RETRIEVABLE,RETRIEVABLE,RETRIEVABLE
7611937748282313991,A,W-article,2026-02-28T15:26:05Z,0.4485,0-1y,0-1y,0-1y,0-1y,0-1y,0-1y,RETRIEVABLE,RETRIEVABLE,RETRIEVABLE,RETRIEVABLE,RETRIEVABLE,RETRIEVABLE
7612232620998462741,A,W-article,2026-03-01T10:30:20Z,0.4464,0-1y,0-1y,0-1y,0-1y,0-1y,0-1y,NOT-RETRIEVABLE,NOT-RETRIEVABLE,NOT-RETRIEVABLE,NOT-RETRIEVABLE,NOT-RETRIEVABLE,NOT-RETRIEVABLE
7612654091444964630,A,W-article,2026-03-02T13:45:52Z,0.4433,0-1y,0-1y,0-1y,0-1y,0-1y,0-1y,RETRIEVABLE,RETRIEVABLE,RETRIEVABLE,RETRIEVABLE,RETRIEVABLE,RETRIEVABLE
7612871589520018708,A,W-article,2026-03-03T03:49:52Z,0.4417,0-1y,0-1y,0-1y,0-1y,0-1y,0-1y,RETRIEVABLE,RETRIEVABLE,RETRIEVABLE,RETRIEVABLE,RETRIEVABLE,RETRIEVABLE
7613601015861890311,A,W-article,2026-03-05T03:00:25Z,0.4363,0-1y,0-1y,0-1y,0-1y,0-1y,0-1y,RETRIEVABLE,RETRIEVABLE,INDETERMINATE,RETRIEVABLE,RETRIEVABLE,RETRIEVABLE
7613612753663610130,A,W-article,2026-03-05T03:45:57Z,0.4362,0-1y,0-1y,0-1y,0-1y,0-1y,0-1y,NOT-RETRIEVABLE,NOT-RETRIEVABLE,NOT-RETRIEVABLE,NOT-RETRIEVABLE,NOT-RETRIEVABLE,NOT-RETRIEVABLE
7613853682450386207,A,W-article,2026-03-05T19:20:53Z,0.4344,0-1y,0-1y,0-1y,0-1y,0-1y,0-1y,RETRIEVABLE,RETRIEVABLE,RETRIEVABLE,RETRIEVABLE,RETRIEVABLE,RETRIEVABLE
7614376442884918549,A,W-article,2026-03-07T05:09:28Z,0.4306,0-1y,0-1y,0-1y,0-1y,0-1y,0-1y,RETRIEVABLE,RETRIEVABLE,RETRIEVABLE,RETRIEVABLE,RETRIEVABLE,RETRIEVABLE
7614866116480929031,A,W-article,2026-03-08T12:49:39Z,0.4269,0-1y,0-1y,0-1y,0-1y,0-1y,0-1y,RETRIEVABLE,RETRIEVABLE,RETRIEVABLE,RETRIEVABLE,RETRIEVABLE,RETRIEVABLE
7616443824646196493,A,W-article,2026-03-12T18:51:58Z,0.4153,0-1y,0-1y,0-1y,0-1y,0-1y,0-1y,RETRIEVABLE,RETRIEVABLE,RETRIEVABLE,RETRIEVABLE,RETRIEVABLE,RETRIEVABLE
7616823032560094497,A,W-article,2026-03-13T19:23:29Z,0.4125,0-1y,0-1y,0-1y,0-1y,0-1y,0-1y,RETRIEVABLE,RETRIEVABLE,RETRIEVABLE,RETRIEVABLE,RETRIEVABLE,RETRIEVABLE
7617562538338831636,A,W-article,2026-03-15T19:13:08Z,0.4070,0-1y,0-1y,0-1y,0-1y,0-1y,0-1y,RETRIEVABLE,INDETERMINATE,RETRIEVABLE,RETRIEVABLE,RETRIEVABLE,RETRIEVABLE
7617598870972828950,A,W-article,2026-03-15T21:34:08Z,0.4068,0-1y,0-1y,0-1y,0-1y,0-1y,0-1y,RETRIEVABLE,RETRIEVABLE,RETRIEVABLE,RETRIEVABLE,RETRIEVABLE,RETRIEVABLE
7618160209961159956,A,W-article,2026-03-17T09:52:25Z,0.4026,0-1y,0-1y,0-1y,0-1y,0-1y,0-1y,RETRIEVABLE,RETRIEVABLE,RETRIEVABLE,RETRIEVABLE,RETRIEVABLE,RETRIEVABLE
7620435295665753358,A,W-article,2026-03-23T13:00:54Z,0.3859,0-1y,0-1y,0-1y,0-1y,0-1y,0-1y,RETRIEVABLE,RETRIEVABLE,RETRIEVABLE,RETRIEVABLE,RETRIEVABLE,RETRIEVABLE
7620668890619628821,A,W-article,2026-03-24T04:07:22Z,0.3841,0-1y,0-1y,0-1y,0-1y,0-1y,0-1y,RETRIEVABLE,RETRIEVABLE,RETRIEVABLE,RETRIEVABLE,RETRIEVABLE,RETRIEVABLE
7620773932148296982,A,W-article,2026-03-24T10:54:59Z,0.3834,0-1y,0-1y,0-1y,0-1y,0-1y,0-1y,RETRIEVABLE,RETRIEVABLE,RETRIEVABLE,RETRIEVABLE,RETRIEVABLE,RETRIEVABLE
7621095212227579137,A,W-article,2026-03-25T07:41:43Z,0.3810,0-1y,0-1y,0-1y,0-1y,0-1y,0-1y,RETRIEVABLE,RETRIEVABLE,RETRIEVABLE,RETRIEVABLE,RETRIEVABLE,RETRIEVABLE
7621711619671756050,A,W-article,2026-03-26T23:33:42Z,0.3764,0-1y,0-1y,0-1y,0-1y,0-1y,0-1y,RETRIEVABLE,RETRIEVABLE,RETRIEVABLE,RETRIEVABLE,RETRIEVABLE,RETRIEVABLE
7621976649231289607,A,W-article,2026-03-27T16:42:09Z,0.3745,0-1y,0-1y,0-1y,0-1y,0-1y,0-1y,RETRIEVABLE,RETRIEVABLE,RETRIEVABLE,RETRIEVABLE,RETRIEVABLE,RETRIEVABLE
7622419234513046806,A,W-article,2026-03-28T21:19:36Z,0.3712,0-1y,0-1y,0-1y,0-1y,0-1y,0-1y,RETRIEVABLE,RETRIEVABLE,RETRIEVABLE,RETRIEVABLE,RETRIEVABLE,RETRIEVABLE
7623157101417827614,A,W-article,2026-03-30T21:02:54Z,0.3658,0-1y,0-1y,0-1y,0-1y,0-1y,0-1y,NOT-RETRIEVABLE,NOT-RETRIEVABLE,NOT-RETRIEVABLE,NOT-RETRIEVABLE,NOT-RETRIEVABLE,NOT-RETRIEVABLE
7623555428156214541,A,W-article,2026-03-31T22:48:37Z,0.3628,0-1y,0-1y,0-1y,0-1y,0-1y,0-1y,RETRIEVABLE,RETRIEVABLE,RETRIEVABLE,RETRIEVABLE,RETRIEVABLE,RETRIEVABLE
7623814005626375431,A,W-article,2026-04-01T15:32:02Z,0.3609,0-1y,0-1y,0-1y,0-1y,0-1y,0-1y,RETRIEVABLE,RETRIEVABLE,RETRIEVABLE,RETRIEVABLE,RETRIEVABLE,RETRIEVABLE
7624937510237490454,A,W-article,2026-04-04T16:11:48Z,0.3526,0-1y,0-1y,0-1y,0-1y,0-1y,0-1y,RETRIEVABLE,RETRIEVABLE,RETRIEVABLE,RETRIEVABLE,RETRIEVABLE,RETRIEVABLE
7625273590681816342,A,W-article,2026-04-05T13:55:58Z,0.3502,0-1y,0-1y,0-1y,0-1y,0-1y,0-1y,RETRIEVABLE,RETRIEVABLE,RETRIEVABLE,RETRIEVABLE,RETRIEVABLE,RETRIEVABLE
7625395834926009607,A,W-article,2026-04-05T21:50:20Z,0.3493,0-1y,0-1y,0-1y,0-1y,0-1y,0-1y,RETRIEVABLE,RETRIEVABLE,RETRIEVABLE,RETRIEVABLE,RETRIEVABLE,RETRIEVABLE
7625868660095175943,A,W-article,2026-04-07T04:25:08Z,0.3458,0-1y,0-1y,0-1y,0-1y,0-1y,0-1y,RETRIEVABLE,RETRIEVABLE,RETRIEVABLE,RETRIEVABLE,RETRIEVABLE,RETRIEVABLE
7626471479617555733,A,W-article,2026-04-08T19:24:23Z,0.3413,0-1y,0-1y,0-1y,0-1y,0-1y,0-1y,RETRIEVABLE,RETRIEVABLE,RETRIEVABLE,RETRIEVABLE,RETRIEVABLE,RETRIEVABLE
7626559068576009502,A,W-article,2026-04-09T01:04:16Z,0.3407,0-1y,0-1y,0-1y,0-1y,0-1y,0-1y,RETRIEVABLE,RETRIEVABLE,RETRIEVABLE,RETRIEVABLE,RETRIEVABLE,RETRIEVABLE
7626860643802647828,A,W-article,2026-04-09T20:34:32Z,0.3384,0-1y,0-1y,0-1y,0-1y,0-1y,0-1y,RETRIEVABLE,RETRIEVABLE,RETRIEVABLE,RETRIEVABLE,RETRIEVABLE,RETRIEVABLE
7627345235630165278,A,W-article,2026-04-11T03:55:00Z,0.3349,0-1y,0-1y,0-1y,0-1y,0-1y,0-1y,RETRIEVABLE,RETRIEVABLE,RETRIEVABLE,RETRIEVABLE,RETRIEVABLE,RETRIEVABLE
7628320488414137614,A,W-article,2026-04-13T18:59:29Z,0.3277,0-1y,0-1y,0-1y,0-1y,0-1y,0-1y,RETRIEVABLE,RETRIEVABLE,RETRIEVABLE,RETRIEVABLE,RETRIEVABLE,INDETERMINATE
7630466938459737366,A,W-article,2026-04-19T13:48:48Z,0.3118,0-1y,0-1y,0-1y,0-1y,0-1y,0-1y,RETRIEVABLE,RETRIEVABLE,RETRIEVABLE,RETRIEVABLE,RETRIEVABLE,RETRIEVABLE
7630494464707955989,A,W-article,2026-04-19T15:35:37Z,0.3116,0-1y,0-1y,0-1y,0-1y,0-1y,0-1y,RETRIEVABLE,RETRIEVABLE,RETRIEVABLE,RETRIEVABLE,RETRIEVABLE,RETRIEVABLE
7630831256976067847,A,W-article,2026-04-20T13:22:33Z,0.3092,0-1y,0-1y,0-1y,0-1y,0-1y,0-1y,RETRIEVABLE,RETRIEVABLE,RETRIEVABLE,RETRIEVABLE,RETRIEVABLE,RETRIEVABLE
7631591674837290260,A,W-article,2026-04-22T14:33:21Z,0.3035,0-1y,0-1y,0-1y,0-1y,0-1y,0-1y,RETRIEVABLE,RETRIEVABLE,RETRIEVABLE,RETRIEVABLE,RETRIEVABLE,RETRIEVABLE
7631977354474343693,A,W-article,2026-04-23T15:29:59Z,0.3007,0-1y,0-1y,0-1y,0-1y,0-1y,0-1y,RETRIEVABLE,RETRIEVABLE,RETRIEVABLE,RETRIEVABLE,RETRIEVABLE,RETRIEVABLE
7632050144418057502,A,W-article,2026-04-23T20:12:27Z,0.3002,0-1y,0-1y,0-1y,0-1y,0-1y,0-1y,RETRIEVABLE,RETRIEVABLE,RETRIEVABLE,RETRIEVABLE,RETRIEVABLE,RETRIEVABLE
7632547271812435220,A,W-article,2026-04-25T04:21:34Z,0.2965,0-1y,0-1y,0-1y,0-1y,0-1y,0-1y,RETRIEVABLE,RETRIEVABLE,RETRIEVABLE,RETRIEVABLE,RETRIEVABLE,RETRIEVABLE
7633432502194982151,A,W-article,2026-04-27T13:36:42Z,0.2900,0-1y,0-1y,0-1y,0-1y,0-1y,0-1y,RETRIEVABLE,RETRIEVABLE,RETRIEVABLE,RETRIEVABLE,RETRIEVABLE,RETRIEVABLE
7633604934126013718,A,W-article,2026-04-28T00:45:50Z,0.2887,0-1y,0-1y,0-1y,0-1y,0-1y,0-1y,RETRIEVABLE,RETRIEVABLE,RETRIEVABLE,INDETERMINATE,RETRIEVABLE,RETRIEVABLE
7634873318700616980,A,W-article,2026-05-01T10:47:49Z,0.2793,0-1y,0-1y,0-1y,0-1y,0-1y,0-1y,RETRIEVABLE,RETRIEVABLE,RETRIEVABLE,RETRIEVABLE,RETRIEVABLE,RETRIEVABLE
7635151076940877077,A,W-article,2026-05-02T04:45:39Z,0.2773,0-1y,0-1y,0-1y,0-1y,0-1y,0-1y,RETRIEVABLE,RETRIEVABLE,RETRIEVABLE,RETRIEVABLE,RETRIEVABLE,RETRIEVABLE
7636173800861633822,A,W-article,2026-05-04T22:54:21Z,0.2697,0-1y,0-1y,0-1y,0-1y,0-1y,0-1y,RETRIEVABLE,RETRIEVABLE,RETRIEVABLE,RETRIEVABLE,RETRIEVABLE,RETRIEVABLE
7636410791293390094,A,W-article,2026-05-05T14:13:59Z,0.2680,0-1y,0-1y,0-1y,0-1y,0-1y,0-1y,RETRIEVABLE,RETRIEVABLE,RETRIEVABLE,RETRIEVABLE,RETRIEVABLE,RETRIEVABLE
7636416321697205535,A,W-article,2026-05-05T14:35:27Z,0.2679,0-1y,0-1y,0-1y,0-1y,0-1y,0-1y,RETRIEVABLE,RETRIEVABLE,RETRIEVABLE,RETRIEVABLE,RETRIEVABLE,RETRIEVABLE
7636458750794009869,A,W-article,2026-05-05T17:20:06Z,0.2676,0-1y,0-1y,0-1y,0-1y,0-1y,0-1y,RETRIEVABLE,RETRIEVABLE,RETRIEVABLE,RETRIEVABLE,RETRIEVABLE,RETRIEVABLE
7636485972074466591,A,W-article,2026-05-05T19:05:44Z,0.2674,0-1y,0-1y,0-1y,0-1y,0-1y,0-1y,RETRIEVABLE,RETRIEVABLE,RETRIEVABLE,RETRIEVABLE,RETRIEVABLE,RETRIEVABLE
7638547427137654037,A,W-article,2026-05-11T08:25:14Z,0.2522,0-1y,0-1y,0-1y,0-1y,0-1y,0-1y,RETRIEVABLE,RETRIEVABLE,RETRIEVABLE,RETRIEVABLE,RETRIEVABLE,RETRIEVABLE
7639131088090074399,A,W-article,2026-05-12T22:10:08Z,0.2479,0-1y,0-1y,0-1y,0-1y,0-1y,0-1y,RETRIEVABLE,RETRIEVABLE,RETRIEVABLE,RETRIEVABLE,RETRIEVABLE,RETRIEVABLE
7639689358026509590,A,W-article,2026-05-14T10:16:30Z,0.2438,0-1y,0-1y,0-1y,0-1y,0-1y,0-1y,RETRIEVABLE,RETRIEVABLE,RETRIEVABLE,RETRIEVABLE,RETRIEVABLE,RETRIEVABLE
7640434460546157845,A,W-article,2026-05-16T10:27:53Z,0.2383,0-1y,0-1y,0-1y,0-1y,0-1y,0-1y,RETRIEVABLE,RETRIEVABLE,RETRIEVABLE,RETRIEVABLE,RETRIEVABLE,RETRIEVABLE
7640453742076202258,A,W-article,2026-05-16T11:42:42Z,0.2382,0-1y,0-1y,0-1y,0-1y,0-1y,0-1y,RETRIEVABLE,RETRIEVABLE,RETRIEVABLE,RETRIEVABLE,RETRIEVABLE,RETRIEVABLE
7640795744647023894,A,W-article,2026-05-17T09:49:51Z,0.2356,0-1y,0-1y,0-1y,0-1y,0-1y,0-1y,RETRIEVABLE,RETRIEVABLE,RETRIEVABLE,RETRIEVABLE,RETRIEVABLE,RETRIEVABLE
7641262161574071566,A,W-article,2026-05-18T15:59:47Z,0.2322,0-1y,0-1y,0-1y,0-1y,0-1y,0-1y,RETRIEVABLE,RETRIEVABLE,RETRIEVABLE,RETRIEVABLE,RETRIEVABLE,RETRIEVABLE
7641298330529615134,A,W-article,2026-05-18T18:20:08Z,0.2319,0-1y,0-1y,0-1y,0-1y,0-1y,0-1y,RETRIEVABLE,RETRIEVABLE,RETRIEVABLE,RETRIEVABLE,RETRIEVABLE,RETRIEVABLE
7641621521575857439,A,W-article,2026-05-19T15:14:17Z,0.2295,0-1y,0-1y,0-1y,0-1y,0-1y,0-1y,RETRIEVABLE,RETRIEVABLE,RETRIEVABLE,RETRIEVABLE,RETRIEVABLE,RETRIEVABLE
7641764943825489170,A,W-article,2026-05-20T00:30:50Z,0.2285,0-1y,0-1y,0-1y,0-1y,0-1y,0-1y,RETRIEVABLE,RETRIEVABLE,RETRIEVABLE,RETRIEVABLE,RETRIEVABLE,RETRIEVABLE
7642835052778278175,A,W-article,2026-05-22T21:43:24Z,0.2206,0-1y,0-1y,0-1y,0-1y,0-1y,0-1y,RETRIEVABLE,RETRIEVABLE,RETRIEVABLE,RETRIEVABLE,RETRIEVABLE,RETRIEVABLE
7643132326028840212,A,W-article,2026-05-23T16:56:59Z,0.2184,0-1y,0-1y,0-1y,0-1y,0-1y,0-1y,RETRIEVABLE,RETRIEVABLE,RETRIEVABLE,RETRIEVABLE,RETRIEVABLE,RETRIEVABLE
7643452094481042708,A,W-article,2026-05-24T13:37:50Z,0.2160,0-1y,0-1y,0-1y,0-1y,0-1y,0-1y,RETRIEVABLE,RETRIEVABLE,RETRIEVABLE,RETRIEVABLE,RETRIEVABLE,RETRIEVABLE
7644025153071992085,A,W-article,2026-05-26T02:41:36Z,0.2118,0-1y,0-1y,0-1y,0-1y,0-1y,0-1y,RETRIEVABLE,RETRIEVABLE,RETRIEVABLE,RETRIEVABLE,RETRIEVABLE,RETRIEVABLE
7644090110199254290,A,W-article,2026-05-26T06:53:40Z,0.2113,0-1y,0-1y,0-1y,0-1y,0-1y,0-1y,RETRIEVABLE,RETRIEVABLE,RETRIEVABLE,RETRIEVABLE,RETRIEVABLE,RETRIEVABLE
7644493982482861332,A,W-article,2026-05-27T09:00:54Z,0.2083,0-1y,0-1y,0-1y,0-1y,0-1y,0-1y,RETRIEVABLE,RETRIEVABLE,RETRIEVABLE,RETRIEVABLE,RETRIEVABLE,RETRIEVABLE
7644642782899916054,A,W-article,2026-05-27T18:38:19Z,0.2073,0-1y,0-1y,0-1y,0-1y,0-1y,0-1y,RETRIEVABLE,RETRIEVABLE,RETRIEVABLE,RETRIEVABLE,RETRIEVABLE,RETRIEVABLE
7644779508649757972,A,W-article,2026-05-28T03:28:53Z,0.2062,0-1y,0-1y,0-1y,0-1y,0-1y,0-1y,RETRIEVABLE,RETRIEVABLE,RETRIEVABLE,RETRIEVABLE,RETRIEVABLE,RETRIEVABLE
7644917564946124053,A,W-article,2026-05-28T12:24:37Z,0.2052,0-1y,0-1y,0-1y,0-1y,0-1y,0-1y,RETRIEVABLE,RETRIEVABLE,RETRIEVABLE,RETRIEVABLE,RETRIEVABLE,RETRIEVABLE
7645019880684653854,A,W-article,2026-05-28T19:01:39Z,0.2045,0-1y,0-1y,0-1y,0-1y,0-1y,0-1y,RETRIEVABLE,RETRIEVABLE,RETRIEVABLE,RETRIEVABLE,RETRIEVABLE,RETRIEVABLE
7645615339425828116,A,W-article,2026-05-30T09:32:20Z,0.2001,0-1y,0-1y,0-1y,0-1y,0-1y,0-1y,RETRIEVABLE,RETRIEVABLE,RETRIEVABLE,RETRIEVABLE,RETRIEVABLE,RETRIEVABLE
7645852605935013140,A,W-article,2026-05-31T00:53:03Z,0.1983,0-1y,0-1y,0-1y,0-1y,0-1y,0-1y,RETRIEVABLE,RETRIEVABLE,RETRIEVABLE,RETRIEVABLE,RETRIEVABLE,RETRIEVABLE
7646117534978149654,A,W-article,2026-05-31T18:01:07Z,0.1964,0-1y,0-1y,0-1y,0-1y,0-1y,0-1y,RETRIEVABLE,RETRIEVABLE,RETRIEVABLE,RETRIEVABLE,RETRIEVABLE,RETRIEVABLE
7647362794286812436,A,W-article,2026-06-04T02:33:21Z,0.1872,0-1y,0-1y,0-1y,0-1y,0-1y,0-1y,RETRIEVABLE,RETRIEVABLE,INDETERMINATE,RETRIEVABLE,RETRIEVABLE,RETRIEVABLE
7647662436849437965,A,W-article,2026-06-04T21:56:07Z,0.1850,0-1y,0-1y,0-1y,0-1y,0-1y,0-1y,RETRIEVABLE,RETRIEVABLE,RETRIEVABLE,RETRIEVABLE,RETRIEVABLE,RETRIEVABLE
7651118003047714079,A,W-article,2026-06-14T05:25:29Z,0.1595,0-1y,0-1y,0-1y,0-1y,0-1y,0-1y,RETRIEVABLE,RETRIEVABLE,RETRIEVABLE,RETRIEVABLE,RETRIEVABLE,RETRIEVABLE
7651927095316090134,A,W-article,2026-06-16T09:45:10Z,0.1535,0-1y,0-1y,0-1y,0-1y,0-1y,0-1y,RETRIEVABLE,RETRIEVABLE,RETRIEVABLE,RETRIEVABLE,RETRIEVABLE,RETRIEVABLE
7652747105471073558,A,W-article,2026-06-18T14:47:14Z,0.1475,0-1y,0-1y,0-1y,0-1y,0-1y,0-1y,RETRIEVABLE,RETRIEVABLE,RETRIEVABLE,RETRIEVABLE,RETRIEVABLE,RETRIEVABLE
7652942393561353479,A,W-article,2026-06-19T03:25:03Z,0.1460,0-1y,0-1y,0-1y,0-1y,0-1y,0-1y,RETRIEVABLE,RETRIEVABLE,RETRIEVABLE,RETRIEVABLE,RETRIEVABLE,RETRIEVABLE
7653125825168018710,A,W-article,2026-06-19T15:16:51Z,0.1447,0-1y,0-1y,0-1y,0-1y,0-1y,0-1y,RETRIEVABLE,RETRIEVABLE,RETRIEVABLE,RETRIEVABLE,RETRIEVABLE,RETRIEVABLE
7653235811617410335,A,W-article,2026-06-19T22:23:40Z,0.1439,0-1y,0-1y,0-1y,0-1y,0-1y,0-1y,RETRIEVABLE,RETRIEVABLE,RETRIEVABLE,RETRIEVABLE,RETRIEVABLE,RETRIEVABLE
7653646975816011028,A,W-article,2026-06-21T00:59:11Z,0.1408,0-1y,0-1y,0-1y,0-1y,0-1y,0-1y,RETRIEVABLE,RETRIEVABLE,RETRIEVABLE,RETRIEVABLE,RETRIEVABLE,RETRIEVABLE
7654280782017481997,A,W-article,2026-06-22T17:58:41Z,0.1361,0-1y,0-1y,0-1y,0-1y,0-1y,0-1y,RETRIEVABLE,RETRIEVABLE,RETRIEVABLE,RETRIEVABLE,RETRIEVABLE,RETRIEVABLE
7655666676763036948,A,W-article,2026-06-26T11:36:39Z,0.1259,0-1y,0-1y,0-1y,0-1y,0-1y,0-1y,RETRIEVABLE,RETRIEVABLE,RETRIEVABLE,RETRIEVABLE,RETRIEVABLE,RETRIEVABLE
7656058034929683734,A,W-article,2026-06-27T12:55:20Z,0.1230,0-1y,0-1y,0-1y,0-1y,0-1y,0-1y,RETRIEVABLE,RETRIEVABLE,RETRIEVABLE,RETRIEVABLE,RETRIEVABLE,RETRIEVABLE
7656474298877594901,A,W-article,2026-06-28T15:50:39Z,0.1200,0-1y,0-1y,0-1y,0-1y,0-1y,0-1y,RETRIEVABLE,RETRIEVABLE,RETRIEVABLE,RETRIEVABLE,RETRIEVABLE,RETRIEVABLE
7657930290828004640,A,W-article,2026-07-02T14:00:38Z,0.1092,0-1y,0-1y,0-1y,0-1y,0-1y,0-1y,RETRIEVABLE,RETRIEVABLE,RETRIEVABLE,RETRIEVABLE,RETRIEVABLE,RETRIEVABLE
7659365102788873479,A,W-article,2026-07-06T10:48:26Z,0.0986,0-1y,0-1y,0-1y,0-1y,0-1y,0-1y,RETRIEVABLE,RETRIEVABLE,RETRIEVABLE,RETRIEVABLE,RETRIEVABLE,RETRIEVABLE
7666008784141110550,A,W-article,2026-07-24T08:29:19Z,0.0496,0-1y,0-1y,0-1y,0-1y,0-1y,0-1y,RETRIEVABLE,RETRIEVABLE,RETRIEVABLE,RETRIEVABLE,RETRIEVABLE,RETRIEVABLE
7666319068516896031,A,W-article,2026-07-25T04:33:23Z,0.0473,0-1y,0-1y,0-1y,0-1y,0-1y,0-1y,RETRIEVABLE,RETRIEVABLE,RETRIEVABLE,RETRIEVABLE,RETRIEVABLE,RETRIEVABLE
7667937314806484256,A,W-article,2026-07-29T13:13:00Z,0.0354,0-1y,0-1y,0-1y,0-1y,0-1y,0-1y,RETRIEVABLE,RETRIEVABLE,RETRIEVABLE,RETRIEVABLE,RETRIEVABLE,RETRIEVABLE
7668043157841382686,A,W-article,2026-07-29T20:03:44Z,0.0346,0-1y,0-1y,0-1y,0-1y,0-1y,0-1y,RETRIEVABLE,RETRIEVABLE,RETRIEVABLE,RETRIEVABLE,RETRIEVABLE,RETRIEVABLE
7669194939972209942,A,W-article,2026-08-01T22:33:14Z,0.0261,0-1y,0-1y,0-1y,0-1y,0-1y,0-1y,RETRIEVABLE,RETRIEVABLE,RETRIEVABLE,RETRIEVABLE,RETRIEVABLE,RETRIEVABLE
6689702165109411074,A-new,W-article,2019-05-11T09:41:00Z,7.2528,5y+,5y+,5y+,5y+,5y+,5y+,RETRIEVABLE,RETRIEVABLE,RETRIEVABLE,RETRIEVABLE,RETRIEVABLE,RETRIEVABLE
6789918354175036673,A-new,W-article,2020-02-05T11:11:00Z,6.5134,5y+,5y+,5y+,5y+,5y+,5y+,RETRIEVABLE,RETRIEVABLE,RETRIEVABLE,RETRIEVABLE,RETRIEVABLE,RETRIEVABLE
6815556391491669254,A-new,W-article,2020-04-14T13:19:41Z,6.3242,5y+,5y+,5y+,5y+,5y+,5y+,RETRIEVABLE,RETRIEVABLE,RETRIEVABLE,RETRIEVABLE,RETRIEVABLE,RETRIEVABLE
6850033973859536133,A-new,W-article,2020-07-16T11:10:19Z,6.0698,5y+,5y+,5y+,5y+,5y+,5y+,NOT-RETRIEVABLE,NOT-RETRIEVABLE,NOT-RETRIEVABLE,NOT-RETRIEVABLE,NOT-RETRIEVABLE,NOT-RETRIEVABLE
6875666358294547713,A-new,W-article,2020-09-23T12:57:03Z,5.8807,5y+,5y+,5y+,5y+,5y+,5y+,RETRIEVABLE,RETRIEVABLE,RETRIEVABLE,RETRIEVABLE,RETRIEVABLE,RETRIEVABLE
6927752081675750662,A-new,W-article,2021-02-10T21:36:16Z,5.4964,5y+,5y+,5y+,5y+,5y+,5y+,RETRIEVABLE,RETRIEVABLE,RETRIEVABLE,RETRIEVABLE,RETRIEVABLE,RETRIEVABLE
6928280074974252294,A-new,W-article,2021-02-12T07:45:09Z,5.4925,5y+,5y+,5y+,5y+,5y+,5y+,RETRIEVABLE,RETRIEVABLE,RETRIEVABLE,RETRIEVABLE,RETRIEVABLE,RETRIEVABLE
6934809501593865477,A-new,W-article,2021-03-01T22:02:39Z,5.4444,5y+,5y+,5y+,5y+,5y+,5y+,RETRIEVABLE,RETRIEVABLE,RETRIEVABLE,RETRIEVABLE,RETRIEVABLE,RETRIEVABLE
6948716616607665414,A-new,W-article,2021-04-08T09:29:22Z,5.3418,5y+,5y+,5y+,5y+,5y+,5y+,RETRIEVABLE,RETRIEVABLE,RETRIEVABLE,RETRIEVABLE,RETRIEVABLE,RETRIEVABLE
6949477334076394757,A-new,W-article,2021-04-10T10:41:20Z,5.3362,5y+,5y+,5y+,5y+,5y+,5y+,RETRIEVABLE,RETRIEVABLE,RETRIEVABLE,RETRIEVABLE,RETRIEVABLE,RETRIEVABLE
6949578746105957637,A-new,W-article,2021-04-10T17:14:52Z,5.3354,5y+,5y+,5y+,5y+,5y+,5y+,RETRIEVABLE,RETRIEVABLE,RETRIEVABLE,RETRIEVABLE,RETRIEVABLE,RETRIEVABLE
6952593075571051782,A-new,W-article,2021-04-18T20:12:00Z,5.3132,5y+,5y+,5y+,5y+,5y+,5y+,NOT-RETRIEVABLE,NOT-RETRIEVABLE,NOT-RETRIEVABLE,NOT-RETRIEVABLE,NOT-RETRIEVABLE,NOT-RETRIEVABLE
6959282778273795333,A-new,W-article,2021-05-06T20:51:28Z,5.2638,5y+,5y+,5y+,5y+,5y+,5y+,NOT-RETRIEVABLE,NOT-RETRIEVABLE,NOT-RETRIEVABLE,NOT-RETRIEVABLE,NOT-RETRIEVABLE,NOT-RETRIEVABLE
6969634005608107269,A-new,W-article,2021-06-03T18:19:31Z,5.1874,5y+,5y+,5y+,5y+,5y+,5y+,RETRIEVABLE,RETRIEVABLE,RETRIEVABLE,RETRIEVABLE,RETRIEVABLE,RETRIEVABLE
6971862895227407621,A-new,W-article,2021-06-09T18:28:45Z,5.1710,5y+,5y+,5y+,5y+,5y+,5y+,RETRIEVABLE,RETRIEVABLE,RETRIEVABLE,RETRIEVABLE,RETRIEVABLE,RETRIEVABLE
6981846059882417414,A-new,W-article,2021-07-06T16:08:32Z,5.0973,5y+,5y+,5y+,5y+,5y+,5y+,RETRIEVABLE,RETRIEVABLE,RETRIEVABLE,RETRIEVABLE,RETRIEVABLE,RETRIEVABLE
7018788397133188354,A-new,W-article,2021-10-14T05:23:40Z,4.8248,4-5y,4-5y,4-5y,4-5y,4-5y,4-5y,RETRIEVABLE,RETRIEVABLE,RETRIEVABLE,RETRIEVABLE,RETRIEVABLE,RETRIEVABLE
7018980187794574597,A-new,W-article,2021-10-14T17:47:54Z,4.8234,4-5y,4-5y,4-5y,4-5y,4-5y,4-5y,RETRIEVABLE,RETRIEVABLE,RETRIEVABLE,RETRIEVABLE,RETRIEVABLE,RETRIEVABLE
7026385668318268677,A-new,W-article,2021-11-03T16:44:57Z,4.7687,4-5y,4-5y,4-5y,4-5y,4-5y,4-5y,NOT-RETRIEVABLE,NOT-RETRIEVABLE,NOT-RETRIEVABLE,NOT-RETRIEVABLE,NOT-RETRIEVABLE,NOT-RETRIEVABLE
7034096377147739419,A-new,W-article,2021-11-24T11:26:27Z,4.7118,4-5y,4-5y,4-5y,4-5y,4-5y,4-5y,RETRIEVABLE,RETRIEVABLE,RETRIEVABLE,RETRIEVABLE,RETRIEVABLE,RETRIEVABLE
7034893176569728302,A-new,W-article,2021-11-26T14:58:26Z,4.7060,4-5y,4-5y,4-5y,4-5y,4-5y,4-5y,RETRIEVABLE,RETRIEVABLE,RETRIEVABLE,RETRIEVABLE,RETRIEVABLE,RETRIEVABLE
7036684261474323738,A-new,W-article,2021-12-01T10:48:45Z,4.6927,4-5y,4-5y,4-5y,4-5y,4-5y,4-5y,RETRIEVABLE,RETRIEVABLE,RETRIEVABLE,RETRIEVABLE,RETRIEVABLE,RETRIEVABLE
7056187331266563333,A-new,W-article,2022-01-23T00:10:38Z,4.5489,4-5y,4-5y,4-5y,4-5y,4-5y,4-5y,RETRIEVABLE,RETRIEVABLE,RETRIEVABLE,RETRIEVABLE,RETRIEVABLE,RETRIEVABLE
7063483214400163078,A-new,W-article,2022-02-11T16:02:23Z,4.4950,4-5y,4-5y,4-5y,4-5y,4-5y,4-5y,NOT-RETRIEVABLE,NOT-RETRIEVABLE,NOT-RETRIEVABLE,NOT-RETRIEVABLE,NOT-RETRIEVABLE,NOT-RETRIEVABLE
7065407655405440303,A-new,W-article,2022-02-16T20:30:12Z,4.4808,4-5y,4-5y,4-5y,4-5y,4-5y,4-5y,RETRIEVABLE,RETRIEVABLE,RETRIEVABLE,RETRIEVABLE,RETRIEVABLE,RETRIEVABLE
7070803819310927106,A-new,W-article,2022-03-03T09:30:04Z,4.4410,4-5y,4-5y,4-5y,4-5y,4-5y,4-5y,RETRIEVABLE,RETRIEVABLE,RETRIEVABLE,RETRIEVABLE,RETRIEVABLE,RETRIEVABLE
7074387146114698539,A-new,W-article,2022-03-13T01:15:12Z,4.4146,4-5y,4-5y,4-5y,4-5y,4-5y,4-5y,RETRIEVABLE,RETRIEVABLE,RETRIEVABLE,RETRIEVABLE,RETRIEVABLE,RETRIEVABLE
7076944019904908586,A-new,W-article,2022-03-19T22:37:11Z,4.3957,4-5y,4-5y,4-5y,4-5y,4-5y,4-5y,RETRIEVABLE,RETRIEVABLE,RETRIEVABLE,RETRIEVABLE,RETRIEVABLE,RETRIEVABLE
7082878816888229166,A-new,W-article,2022-04-04T22:27:13Z,4.3519,4-5y,4-5y,4-5y,4-5y,4-5y,4-5y,RETRIEVABLE,RETRIEVABLE,RETRIEVABLE,RETRIEVABLE,RETRIEVABLE,RETRIEVABLE
7089559800115219755,A-new,W-article,2022-04-22T22:32:51Z,4.3026,4-5y,4-5y,4-5y,4-5y,4-5y,4-5y,RETRIEVABLE,RETRIEVABLE,RETRIEVABLE,RETRIEVABLE,RETRIEVABLE,RETRIEVABLE
7091198550067006725,A-new,W-article,2022-04-27T08:32:02Z,4.2905,4-5y,4-5y,4-5y,4-5y,4-5y,4-5y,RETRIEVABLE,RETRIEVABLE,RETRIEVABLE,INDETERMINATE,RETRIEVABLE,INDETERMINATE
7095427911477513477,A-new,W-article,2022-05-08T18:04:07Z,4.2593,4-5y,4-5y,4-5y,4-5y,4-5y,4-5y,NOT-RETRIEVABLE,NOT-RETRIEVABLE,NOT-RETRIEVABLE,NOT-RETRIEVABLE,NOT-RETRIEVABLE,NOT-RETRIEVABLE
7119554588553825541,A-new,W-article,2022-07-12T18:27:57Z,4.0813,4-5y,4-5y,4-5y,4-5y,4-5y,4-5y,RETRIEVABLE,RETRIEVABLE,RETRIEVABLE,RETRIEVABLE,RETRIEVABLE,RETRIEVABLE
7123257217834437934,A-new,W-article,2022-07-22T17:56:02Z,4.0540,4-5y,4-5y,4-5y,4-5y,4-5y,4-5y,RETRIEVABLE,RETRIEVABLE,RETRIEVABLE,RETRIEVABLE,RETRIEVABLE,RETRIEVABLE
7128426696969096453,A-new,W-article,2022-08-05T16:16:16Z,4.0159,4-5y,4-5y,4-5y,4-5y,4-5y,4-5y,RETRIEVABLE,RETRIEVABLE,RETRIEVABLE,RETRIEVABLE,RETRIEVABLE,RETRIEVABLE
7137028895626235178,A-new,W-article,2022-08-28T20:37:11Z,3.9524,3-4y,3-4y,3-4y,3-4y,3-4y,3-4y,RETRIEVABLE,RETRIEVABLE,RETRIEVABLE,RETRIEVABLE,RETRIEVABLE,RETRIEVABLE
7137952073353547014,A-new,W-article,2022-08-31T08:19:35Z,3.9456,3-4y,3-4y,3-4y,3-4y,3-4y,3-4y,NOT-RETRIEVABLE,NOT-RETRIEVABLE,NOT-RETRIEVABLE,NOT-RETRIEVABLE,NOT-RETRIEVABLE,NOT-RETRIEVABLE
7139276239533067563,A-new,W-article,2022-09-03T21:58:02Z,3.9358,3-4y,3-4y,3-4y,3-4y,3-4y,3-4y,RETRIEVABLE,RETRIEVABLE,RETRIEVABLE,RETRIEVABLE,RETRIEVABLE,RETRIEVABLE
7155326312444464426,A-new,W-article,2022-10-17T04:00:30Z,3.8174,3-4y,3-4y,3-4y,3-4y,3-4y,3-4y,RETRIEVABLE,RETRIEVABLE,RETRIEVABLE,RETRIEVABLE,RETRIEVABLE,RETRIEVABLE
7157313243847986438,A-new,W-article,2022-10-22T12:30:49Z,3.8027,3-4y,3-4y,3-4y,3-4y,3-4y,3-4y,RETRIEVABLE,RETRIEVABLE,RETRIEVABLE,RETRIEVABLE,RETRIEVABLE,RETRIEVABLE
7157674650225429766,A-new,W-article,2022-10-23T11:53:15Z,3.8001,3-4y,3-4y,3-4y,3-4y,3-4y,3-4y,RETRIEVABLE,RETRIEVABLE,RETRIEVABLE,RETRIEVABLE,RETRIEVABLE,RETRIEVABLE
7157805207819291950,A-new,W-article,2022-10-23T20:19:53Z,3.7991,3-4y,3-4y,3-4y,3-4y,3-4y,3-4y,RETRIEVABLE,RETRIEVABLE,INDETERMINATE,RETRIEVABLE,RETRIEVABLE,RETRIEVABLE
7161120831748230406,A-new,W-article,2022-11-01T18:46:12Z,3.7747,3-4y,3-4y,3-4y,3-4y,3-4y,3-4y,RETRIEVABLE,RETRIEVABLE,RETRIEVABLE,RETRIEVABLE,RETRIEVABLE,RETRIEVABLE
7166673894605196587,A-new,W-article,2022-11-16T17:54:55Z,3.7337,3-4y,3-4y,3-4y,3-4y,3-4y,3-4y,RETRIEVABLE,RETRIEVABLE,RETRIEVABLE,RETRIEVABLE,RETRIEVABLE,RETRIEVABLE
7166694800018689286,A-new,W-article,2022-11-16T19:16:03Z,3.7335,3-4y,3-4y,3-4y,3-4y,3-4y,3-4y,RETRIEVABLE,RETRIEVABLE,RETRIEVABLE,RETRIEVABLE,RETRIEVABLE,RETRIEVABLE
7167997880609885482,A-new,W-article,2022-11-20T07:32:40Z,3.7239,3-4y,3-4y,3-4y,3-4y,3-4y,3-4y,RETRIEVABLE,INDETERMINATE,RETRIEVABLE,RETRIEVABLE,RETRIEVABLE,RETRIEVABLE
7169243549307915526,A-new,W-article,2022-11-23T16:06:30Z,3.7147,3-4y,3-4y,3-4y,3-4y,3-4y,3-4y,RETRIEVABLE,RETRIEVABLE,RETRIEVABLE,RETRIEVABLE,RETRIEVABLE,RETRIEVABLE
7171112892656405802,A-new,W-article,2022-11-28T17:00:30Z,3.7009,3-4y,3-4y,3-4y,3-4y,3-4y,3-4y,NOT-RETRIEVABLE,NOT-RETRIEVABLE,NOT-RETRIEVABLE,NOT-RETRIEVABLE,NOT-RETRIEVABLE,NOT-RETRIEVABLE
7174764289285213467,A-new,W-article,2022-12-08T13:09:47Z,3.6740,3-4y,3-4y,3-4y,3-4y,3-4y,3-4y,RETRIEVABLE,RETRIEVABLE,RETRIEVABLE,RETRIEVABLE,RETRIEVABLE,RETRIEVABLE
7174951907461467435,A-new,W-article,2022-12-09T01:17:50Z,3.6726,3-4y,3-4y,3-4y,3-4y,3-4y,3-4y,RETRIEVABLE,RETRIEVABLE,RETRIEVABLE,RETRIEVABLE,RETRIEVABLE,RETRIEVABLE
7176374576924871941,A-new,W-article,2022-12-12T21:18:31Z,3.6621,3-4y,3-4y,3-4y,3-4y,3-4y,3-4y,RETRIEVABLE,RETRIEVABLE,RETRIEVABLE,RETRIEVABLE,RETRIEVABLE,RETRIEVABLE
7187039669282966790,A-new,W-article,2023-01-10T15:04:32Z,3.5834,3-4y,3-4y,3-4y,3-4y,3-4y,3-4y,RETRIEVABLE,RETRIEVABLE,RETRIEVABLE,RETRIEVABLE,RETRIEVABLE,RETRIEVABLE
7188519659837132059,A-new,W-article,2023-01-14T14:47:39Z,3.5725,3-4y,3-4y,3-4y,3-4y,3-4y,3-4y,RETRIEVABLE,RETRIEVABLE,RETRIEVABLE,RETRIEVABLE,RETRIEVABLE,RETRIEVABLE
7189606571091987718,A-new,W-article,2023-01-17T13:05:25Z,3.5645,3-4y,3-4y,3-4y,3-4y,3-4y,3-4y,RETRIEVABLE,RETRIEVABLE,RETRIEVABLE,RETRIEVABLE,RETRIEVABLE,RETRIEVABLE
7189653601503988998,A-new,W-article,2023-01-17T16:07:55Z,3.5641,3-4y,3-4y,3-4y,3-4y,3-4y,3-4y,RETRIEVABLE,RETRIEVABLE,RETRIEVABLE,RETRIEVABLE,RETRIEVABLE,RETRIEVABLE
7197503947572022534,A-new,W-article,2023-02-07T19:51:16Z,3.5062,3-4y,3-4y,3-4y,3-4y,3-4y,3-4y,RETRIEVABLE,RETRIEVABLE,RETRIEVABLE,RETRIEVABLE,RETRIEVABLE,RETRIEVABLE
7201165860357131525,A-new,W-article,2023-02-17T16:41:22Z,3.4792,3-4y,3-4y,3-4y,3-4y,3-4y,3-4y,RETRIEVABLE,RETRIEVABLE,RETRIEVABLE,RETRIEVABLE,RETRIEVABLE,RETRIEVABLE
7202268546410532101,A-new,W-article,2023-02-20T16:00:21Z,3.4711,3-4y,3-4y,3-4y,3-4y,3-4y,3-4y,RETRIEVABLE,RETRIEVABLE,RETRIEVABLE,RETRIEVABLE,RETRIEVABLE,RETRIEVABLE
7205065624039591214,A-new,W-article,2023-02-28T04:54:26Z,3.4504,3-4y,3-4y,3-4y,3-4y,3-4y,3-4y,RETRIEVABLE,RETRIEVABLE,RETRIEVABLE,RETRIEVABLE,RETRIEVABLE,RETRIEVABLE
7205969667171585285,A-new,W-article,2023-03-02T15:22:35Z,3.4438,3-4y,3-4y,3-4y,3-4y,3-4y,3-4y,RETRIEVABLE,RETRIEVABLE,RETRIEVABLE,RETRIEVABLE,RETRIEVABLE,RETRIEVABLE
7212990478701120795,A-new,W-article,2023-03-21T13:26:55Z,3.3920,3-4y,3-4y,3-4y,3-4y,3-4y,3-4y,RETRIEVABLE,RETRIEVABLE,RETRIEVABLE,RETRIEVABLE,RETRIEVABLE,INDETERMINATE
7215810845975072006,A-new,W-article,2023-03-29T03:51:23Z,3.3712,3-4y,3-4y,3-4y,3-4y,3-4y,3-4y,RETRIEVABLE,RETRIEVABLE,RETRIEVABLE,RETRIEVABLE,RETRIEVABLE,RETRIEVABLE
7216367518670261531,A-new,W-article,2023-03-30T15:51:34Z,3.3670,3-4y,3-4y,3-4y,3-4y,3-4y,3-4y,RETRIEVABLE,RETRIEVABLE,RETRIEVABLE,RETRIEVABLE,RETRIEVABLE,RETRIEVABLE
7222503453140995355,A-new,W-article,2023-04-16T04:42:07Z,3.3218,3-4y,3-4y,3-4y,3-4y,3-4y,3-4y,RETRIEVABLE,RETRIEVABLE,RETRIEVABLE,RETRIEVABLE,RETRIEVABLE,RETRIEVABLE
7223364525649562906,A-new,W-article,2023-04-18T12:23:31Z,3.3154,3-4y,3-4y,3-4y,3-4y,3-4y,3-4y,RETRIEVABLE,RETRIEVABLE,RETRIEVABLE,RETRIEVABLE,RETRIEVABLE,RETRIEVABLE
7227457888216698139,A-new,W-article,2023-04-29T13:07:52Z,3.2852,3-4y,3-4y,3-4y,3-4y,3-4y,3-4y,NOT-RETRIEVABLE,NOT-RETRIEVABLE,NOT-RETRIEVABLE,NOT-RETRIEVABLE,NOT-RETRIEVABLE,NOT-RETRIEVABLE
7231923287201156379,A-new,W-article,2023-05-11T13:55:53Z,3.2523,3-4y,3-4y,3-4y,3-4y,3-4y,3-4y,NOT-RETRIEVABLE,NOT-RETRIEVABLE,NOT-RETRIEVABLE,NOT-RETRIEVABLE,NOT-RETRIEVABLE,NOT-RETRIEVABLE
7232287697103064325,A-new,W-article,2023-05-12T13:29:59Z,3.2496,3-4y,3-4y,3-4y,3-4y,3-4y,3-4y,RETRIEVABLE,RETRIEVABLE,RETRIEVABLE,RETRIEVABLE,RETRIEVABLE,RETRIEVABLE
7232782209319472390,A-new,W-article,2023-05-13T21:28:57Z,3.2459,3-4y,3-4y,3-4y,3-4y,3-4y,3-4y,RETRIEVABLE,RETRIEVABLE,RETRIEVABLE,RETRIEVABLE,RETRIEVABLE,RETRIEVABLE
7233079700875234586,A-new,W-article,2023-05-14T16:43:22Z,3.2437,3-4y,3-4y,3-4y,3-4y,3-4y,3-4y,RETRIEVABLE,RETRIEVABLE,RETRIEVABLE,RETRIEVABLE,RETRIEVABLE,RETRIEVABLE
7238970695764512026,A-new,W-article,2023-05-30T13:43:26Z,3.2003,3-4y,3-4y,3-4y,3-4y,3-4y,3-4y,RETRIEVABLE,RETRIEVABLE,RETRIEVABLE,RETRIEVABLE,RETRIEVABLE,RETRIEVABLE
7239367382903426331,A-new,W-article,2023-05-31T15:22:47Z,3.1974,3-4y,3-4y,3-4y,3-4y,3-4y,3-4y,RETRIEVABLE,RETRIEVABLE,RETRIEVABLE,RETRIEVABLE,RETRIEVABLE,RETRIEVABLE
7239624550521064731,A-new,W-article,2023-06-01T08:00:43Z,3.1955,3-4y,3-4y,3-4y,3-4y,3-4y,3-4y,NOT-RETRIEVABLE,NOT-RETRIEVABLE,NOT-RETRIEVABLE,NOT-RETRIEVABLE,NOT-RETRIEVABLE,NOT-RETRIEVABLE
7239692065196576001,A-new,W-article,2023-06-01T12:22:43Z,3.1950,3-4y,3-4y,3-4y,3-4y,3-4y,3-4y,RETRIEVABLE,RETRIEVABLE,RETRIEVABLE,RETRIEVABLE,RETRIEVABLE,RETRIEVABLE
7241458071619374363,A-new,W-article,2023-06-06T06:35:43Z,3.1819,3-4y,3-4y,3-4y,3-4y,3-4y,3-4y,NOT-RETRIEVABLE,NOT-RETRIEVABLE,NOT-RETRIEVABLE,NOT-RETRIEVABLE,NOT-RETRIEVABLE,NOT-RETRIEVABLE
7242736239365885202,A-new,W-article,2023-06-09T17:15:40Z,3.1725,3-4y,3-4y,3-4y,3-4y,3-4y,3-4y,RETRIEVABLE,RETRIEVABLE,RETRIEVABLE,RETRIEVABLE,RETRIEVABLE,RETRIEVABLE
7250578457984322843,A-new,W-article,2023-06-30T20:27:29Z,3.1146,3-4y,3-4y,3-4y,3-4y,3-4y,3-4y,RETRIEVABLE,RETRIEVABLE,RETRIEVABLE,RETRIEVABLE,RETRIEVABLE,RETRIEVABLE
7252232291794128155,A-new,W-article,2023-07-05T07:25:12Z,3.1024,3-4y,3-4y,3-4y,3-4y,3-4y,3-4y,RETRIEVABLE,RETRIEVABLE,RETRIEVABLE,RETRIEVABLE,RETRIEVABLE,RETRIEVABLE
7254470440620395802,A-new,W-article,2023-07-11T08:10:22Z,3.0859,3-4y,3-4y,3-4y,3-4y,3-4y,3-4y,RETRIEVABLE,RETRIEVABLE,RETRIEVABLE,RETRIEVABLE,RETRIEVABLE,RETRIEVABLE
7258194970736217346,A-new,W-article,2023-07-21T09:03:26Z,3.0584,3-4y,3-4y,3-4y,3-4y,3-4y,3-4y,RETRIEVABLE,RETRIEVABLE,RETRIEVABLE,RETRIEVABLE,RETRIEVABLE,RETRIEVABLE
7259773253978279194,A-new,W-article,2023-07-25T15:07:59Z,3.0468,3-4y,3-4y,3-4y,3-4y,3-4y,3-4y,RETRIEVABLE,RETRIEVABLE,RETRIEVABLE,RETRIEVABLE,RETRIEVABLE,RETRIEVABLE
7263922802476977414,A-new,W-article,2023-08-05T19:30:21Z,3.0162,3-4y,3-4y,3-4y,3-4y,3-4y,3-4y,RETRIEVABLE,RETRIEVABLE,RETRIEVABLE,RETRIEVABLE,RETRIEVABLE,RETRIEVABLE
7264229745036889352,A-new,W-article,2023-08-06T15:21:27Z,3.0139,3-4y,3-4y,3-4y,3-4y,3-4y,3-4y,RETRIEVABLE,RETRIEVABLE,RETRIEVABLE,RETRIEVABLE,RETRIEVABLE,RETRIEVABLE
7273383491226619179,A-new,W-article,2023-08-31T07:22:39Z,2.9464,2-3y,2-3y,2-3y,2-3y,2-3y,2-3y,RETRIEVABLE,RETRIEVABLE,RETRIEVABLE,RETRIEVABLE,RETRIEVABLE,RETRIEVABLE
7273492776895958305,A-new,W-article,2023-08-31T14:26:44Z,2.9456,2-3y,2-3y,2-3y,2-3y,2-3y,2-3y,RETRIEVABLE,RETRIEVABLE,RETRIEVABLE,RETRIEVABLE,RETRIEVABLE,RETRIEVABLE
7273709368103767297,A-new,W-article,2023-09-01T04:27:13Z,2.9440,2-3y,2-3y,2-3y,2-3y,2-3y,2-3y,RETRIEVABLE,RETRIEVABLE,RETRIEVABLE,RETRIEVABLE,RETRIEVABLE,RETRIEVABLE
7274102687300422944,A-new,W-article,2023-09-02T05:53:30Z,2.9411,2-3y,2-3y,2-3y,2-3y,2-3y,2-3y,RETRIEVABLE,INDETERMINATE,RETRIEVABLE,RETRIEVABLE,RETRIEVABLE,INDETERMINATE
7274620650688384289,A-new,W-article,2023-09-03T15:23:28Z,2.9373,2-3y,2-3y,2-3y,2-3y,2-3y,2-3y,RETRIEVABLE,RETRIEVABLE,RETRIEVABLE,RETRIEVABLE,RETRIEVABLE,RETRIEVABLE
7274887117841435936,A-new,W-article,2023-09-04T08:37:30Z,2.9353,2-3y,2-3y,2-3y,2-3y,2-3y,2-3y,RETRIEVABLE,RETRIEVABLE,RETRIEVABLE,INDETERMINATE,RETRIEVABLE,RETRIEVABLE
7275331485979233538,A-new,W-article,2023-09-05T13:21:52Z,2.9320,2-3y,2-3y,2-3y,2-3y,2-3y,2-3y,RETRIEVABLE,RETRIEVABLE,RETRIEVABLE,RETRIEVABLE,RETRIEVABLE,RETRIEVABLE
7276753641841642785,A-new,W-article,2023-09-09T09:20:34Z,2.9215,2-3y,2-3y,2-3y,2-3y,2-3y,2-3y,RETRIEVABLE,RETRIEVABLE,RETRIEVABLE,RETRIEVABLE,RETRIEVABLE,RETRIEVABLE
7276791621474061575,A-new,W-article,2023-09-09T11:47:56Z,2.9212,2-3y,2-3y,2-3y,2-3y,2-3y,2-3y,RETRIEVABLE,INDETERMINATE,RETRIEVABLE,RETRIEVABLE,RETRIEVABLE,RETRIEVABLE
7278862941300985106,A-new,W-article,2023-09-15T01:45:43Z,2.9060,2-3y,2-3y,2-3y,2-3y,2-3y,2-3y,RETRIEVABLE,RETRIEVABLE,RETRIEVABLE,RETRIEVABLE,RETRIEVABLE,RETRIEVABLE
7280527340776590625,A-new,W-article,2023-09-19T13:24:26Z,2.8937,2-3y,2-3y,2-3y,2-3y,2-3y,2-3y,RETRIEVABLE,RETRIEVABLE,RETRIEVABLE,RETRIEVABLE,RETRIEVABLE,RETRIEVABLE
7290656410088607008,A-new,W-article,2023-10-16T20:30:24Z,2.8189,2-3y,2-3y,2-3y,2-3y,2-3y,2-3y,RETRIEVABLE,RETRIEVABLE,RETRIEVABLE,RETRIEVABLE,RETRIEVABLE,RETRIEVABLE
7303686400099093762,A-new,W-article,2023-11-20T23:13:25Z,2.7228,2-3y,2-3y,2-3y,2-3y,2-3y,2-3y,RETRIEVABLE,RETRIEVABLE,RETRIEVABLE,RETRIEVABLE,RETRIEVABLE,RETRIEVABLE
7304719877841915141,A-new,W-article,2023-11-23T18:03:50Z,2.7152,2-3y,2-3y,2-3y,2-3y,2-3y,2-3y,RETRIEVABLE,RETRIEVABLE,RETRIEVABLE,RETRIEVABLE,INDETERMINATE,RETRIEVABLE
7305928724162153761,A-new,W-article,2023-11-27T00:14:47Z,2.7063,2-3y,2-3y,2-3y,2-3y,2-3y,2-3y,NOT-RETRIEVABLE,NOT-RETRIEVABLE,NOT-RETRIEVABLE,NOT-RETRIEVABLE,NOT-RETRIEVABLE,NOT-RETRIEVABLE
7306574873957109034,A-new,W-article,2023-11-28T18:02:10Z,2.7015,2-3y,2-3y,2-3y,2-3y,2-3y,2-3y,RETRIEVABLE,RETRIEVABLE,RETRIEVABLE,RETRIEVABLE,RETRIEVABLE,RETRIEVABLE
7317751417639406881,A-new,W-article,2023-12-28T20:52:52Z,2.6190,2-3y,2-3y,2-3y,2-3y,2-3y,2-3y,RETRIEVABLE,RETRIEVABLE,INDETERMINATE,RETRIEVABLE,RETRIEVABLE,RETRIEVABLE
7321487326218046751,A-new,W-article,2024-01-07T22:30:06Z,2.5915,2-3y,2-3y,2-3y,2-3y,2-3y,2-3y,RETRIEVABLE,RETRIEVABLE,RETRIEVABLE,RETRIEVABLE,RETRIEVABLE,RETRIEVABLE
7326127113571011872,A-new,W-article,2024-01-20T10:34:51Z,2.5572,2-3y,2-3y,2-3y,2-3y,2-3y,2-3y,RETRIEVABLE,RETRIEVABLE,RETRIEVABLE,RETRIEVABLE,RETRIEVABLE,RETRIEVABLE
7326160388775513365,A-new,W-article,2024-01-20T12:43:58Z,2.5570,2-3y,2-3y,2-3y,2-3y,2-3y,2-3y,RETRIEVABLE,RETRIEVABLE,RETRIEVABLE,RETRIEVABLE,RETRIEVABLE,RETRIEVABLE
7348383666298555681,A-new,W-article,2024-03-20T10:01:38Z,2.3930,2-3y,2-3y,2-3y,2-3y,2-3y,2-3y,RETRIEVABLE,RETRIEVABLE,RETRIEVABLE,RETRIEVABLE,RETRIEVABLE,RETRIEVABLE
7352473309268708641,A-new,W-article,2024-03-31T10:31:33Z,2.3629,2-3y,2-3y,2-3y,2-3y,2-3y,2-3y,INDETERMINATE,NOT-RETRIEVABLE,NOT-RETRIEVABLE,NOT-RETRIEVABLE,NOT-RETRIEVABLE,NOT-RETRIEVABLE
7353945695553850656,A-new,W-article,2024-04-04T09:45:09Z,2.3520,2-3y,2-3y,2-3y,2-3y,2-3y,2-3y,RETRIEVABLE,RETRIEVABLE,RETRIEVABLE,RETRIEVABLE,RETRIEVABLE,RETRIEVABLE
7357057087307812102,A-new,W-article,2024-04-12T18:58:57Z,2.3290,2-3y,2-3y,2-3y,2-3y,2-3y,2-3y,RETRIEVABLE,RETRIEVABLE,RETRIEVABLE,RETRIEVABLE,RETRIEVABLE,RETRIEVABLE
7359266772006014240,A-new,W-article,2024-04-18T17:53:39Z,2.3127,2-3y,2-3y,2-3y,2-3y,2-3y,2-3y,RETRIEVABLE,RETRIEVABLE,RETRIEVABLE,RETRIEVABLE,RETRIEVABLE,RETRIEVABLE
7359475350549613856,A-new,W-article,2024-04-19T07:23:02Z,2.3112,2-3y,2-3y,2-3y,2-3y,2-3y,2-3y,RETRIEVABLE,RETRIEVABLE,RETRIEVABLE,RETRIEVABLE,RETRIEVABLE,RETRIEVABLE
7361816030265543943,A-new,W-article,2024-04-25T14:46:04Z,2.2939,2-3y,2-3y,2-3y,2-3y,2-3y,2-3y,NOT-RETRIEVABLE,NOT-RETRIEVABLE,NOT-RETRIEVABLE,NOT-RETRIEVABLE,NOT-RETRIEVABLE,NOT-RETRIEVABLE
7362020799353654545,A-new,W-article,2024-04-26T04:00:41Z,2.2924,2-3y,2-3y,2-3y,2-3y,2-3y,2-3y,RETRIEVABLE,RETRIEVABLE,RETRIEVABLE,RETRIEVABLE,RETRIEVABLE,RETRIEVABLE
7362512514350976289,A-new,W-article,2024-04-27T11:48:47Z,2.2888,2-3y,2-3y,2-3y,2-3y,2-3y,2-3y,RETRIEVABLE,RETRIEVABLE,RETRIEVABLE,RETRIEVABLE,RETRIEVABLE,RETRIEVABLE
7364189618444487937,A-new,W-article,2024-05-02T00:16:48Z,2.2764,2-3y,2-3y,2-3y,2-3y,2-3y,2-3y,RETRIEVABLE,RETRIEVABLE,RETRIEVABLE,RETRIEVABLE,RETRIEVABLE,RETRIEVABLE
7365079994848054561,A-new,W-article,2024-05-04T09:51:55Z,2.2699,2-3y,2-3y,2-3y,2-3y,2-3y,2-3y,RETRIEVABLE,RETRIEVABLE,RETRIEVABLE,RETRIEVABLE,RETRIEVABLE,RETRIEVABLE
7365143319535422727,A-new,W-article,2024-05-04T13:57:39Z,2.2694,2-3y,2-3y,2-3y,2-3y,2-3y,2-3y,NOT-RETRIEVABLE,NOT-RETRIEVABLE,NOT-RETRIEVABLE,NOT-RETRIEVABLE,NOT-RETRIEVABLE,NOT-RETRIEVABLE
7366644001203621152,A-new,W-article,2024-05-08T15:01:04Z,2.2583,2-3y,2-3y,2-3y,2-3y,2-3y,2-3y,RETRIEVABLE,RETRIEVABLE,RETRIEVABLE,RETRIEVABLE,RETRIEVABLE,RETRIEVABLE
7367034651682147617,A-new,W-article,2024-05-09T16:16:59Z,2.2554,2-3y,2-3y,2-3y,2-3y,2-3y,2-3y,NOT-RETRIEVABLE,NOT-RETRIEVABLE,NOT-RETRIEVABLE,NOT-RETRIEVABLE,NOT-RETRIEVABLE,NOT-RETRIEVABLE
7372726039341976838,A-new,W-article,2024-05-25T00:22:29Z,2.2134,2-3y,2-3y,2-3y,2-3y,2-3y,2-3y,RETRIEVABLE,RETRIEVABLE,RETRIEVABLE,RETRIEVABLE,RETRIEVABLE,RETRIEVABLE
7375038528268373264,A-new,W-article,2024-05-31T05:56:07Z,2.1964,2-3y,2-3y,2-3y,2-3y,2-3y,2-3y,RETRIEVABLE,RETRIEVABLE,RETRIEVABLE,RETRIEVABLE,RETRIEVABLE,RETRIEVABLE
7379175278200868128,A-new,W-article,2024-06-11T09:28:49Z,2.1659,2-3y,2-3y,2-3y,2-3y,2-3y,2-3y,RETRIEVABLE,RETRIEVABLE,RETRIEVABLE,RETRIEVABLE,RETRIEVABLE,RETRIEVABLE
7379499281348185377,A-new,W-article,2024-06-12T06:26:07Z,2.1635,2-3y,2-3y,2-3y,2-3y,2-3y,2-3y,RETRIEVABLE,RETRIEVABLE,RETRIEVABLE,RETRIEVABLE,RETRIEVABLE,RETRIEVABLE
7380136573494545710,A-new,W-article,2024-06-13T23:39:08Z,2.1588,2-3y,2-3y,2-3y,2-3y,2-3y,2-3y,RETRIEVABLE,RETRIEVABLE,RETRIEVABLE,RETRIEVABLE,RETRIEVABLE,RETRIEVABLE
7384541854848552225,A-new,W-article,2024-06-25T20:33:53Z,2.1263,2-3y,2-3y,2-3y,2-3y,2-3y,2-3y,RETRIEVABLE,RETRIEVABLE,RETRIEVABLE,RETRIEVABLE,RETRIEVABLE,RETRIEVABLE
7384771039567416584,A-new,W-article,2024-06-26T11:23:14Z,2.1246,2-3y,2-3y,2-3y,2-3y,2-3y,2-3y,RETRIEVABLE,RETRIEVABLE,RETRIEVABLE,RETRIEVABLE,RETRIEVABLE,RETRIEVABLE
7389724029680094470,A-new,W-article,2024-07-09T19:43:22Z,2.0880,2-3y,2-3y,2-3y,2-3y,2-3y,2-3y,RETRIEVABLE,RETRIEVABLE,RETRIEVABLE,RETRIEVABLE,RETRIEVABLE,RETRIEVABLE
7398095604523486497,A-new,W-article,2024-08-01T09:09:21Z,2.0263,2-3y,2-3y,2-3y,2-3y,2-3y,2-3y,RETRIEVABLE,RETRIEVABLE,RETRIEVABLE,RETRIEVABLE,RETRIEVABLE,RETRIEVABLE
7399701897935867169,A-new,W-article,2024-08-05T17:02:35Z,2.0144,2-3y,2-3y,2-3y,2-3y,2-3y,2-3y,RETRIEVABLE,RETRIEVABLE,RETRIEVABLE,RETRIEVABLE,RETRIEVABLE,RETRIEVABLE
7402195724005313825,A-new,W-article,2024-08-12T10:19:54Z,1.9960,1-2y,1-2y,2-3y,2-3y,2-3y,2-3y,RETRIEVABLE,RETRIEVABLE,RETRIEVABLE,RETRIEVABLE,RETRIEVABLE,RETRIEVABLE
7405929924697034017,A-new,W-article,2024-08-22T11:50:31Z,1.9685,1-2y,1-2y,1-2y,1-2y,1-2y,1-2y,RETRIEVABLE,RETRIEVABLE,RETRIEVABLE,RETRIEVABLE,RETRIEVABLE,RETRIEVABLE
7405930497928334624,A-new,W-article,2024-08-22T11:52:44Z,1.9685,1-2y,1-2y,1-2y,1-2y,1-2y,1-2y,RETRIEVABLE,RETRIEVABLE,RETRIEVABLE,RETRIEVABLE,RETRIEVABLE,RETRIEVABLE
7406033390656425249,A-new,W-article,2024-08-22T18:32:01Z,1.9677,1-2y,1-2y,1-2y,1-2y,1-2y,1-2y,RETRIEVABLE,RETRIEVABLE,RETRIEVABLE,RETRIEVABLE,RETRIEVABLE,RETRIEVABLE
7412000631432498464,A-new,W-article,2024-09-07T20:27:57Z,1.9237,1-2y,1-2y,1-2y,1-2y,1-2y,1-2y,NOT-RETRIEVABLE,NOT-RETRIEVABLE,NOT-RETRIEVABLE,NOT-RETRIEVABLE,NOT-RETRIEVABLE,NOT-RETRIEVABLE
7412271402687958304,A-new,W-article,2024-09-08T13:58:41Z,1.9217,1-2y,1-2y,1-2y,1-2y,1-2y,1-2y,NOT-RETRIEVABLE,NOT-RETRIEVABLE,NOT-RETRIEVABLE,NOT-RETRIEVABLE,NOT-RETRIEVABLE,NOT-RETRIEVABLE
7419772084252871968,A-new,W-article,2024-09-28T19:05:10Z,1.8663,1-2y,1-2y,1-2y,1-2y,1-2y,1-2y,RETRIEVABLE,RETRIEVABLE,RETRIEVABLE,RETRIEVABLE,RETRIEVABLE,RETRIEVABLE
7420887642784435489,A-new,W-article,2024-10-01T19:14:06Z,1.8581,1-2y,1-2y,1-2y,1-2y,1-2y,1-2y,RETRIEVABLE,RETRIEVABLE,RETRIEVABLE,RETRIEVABLE,RETRIEVABLE,RETRIEVABLE
7422391806978968865,A-new,W-article,2024-10-05T20:31:01Z,1.8470,1-2y,1-2y,1-2y,1-2y,1-2y,1-2y,RETRIEVABLE,RETRIEVABLE,RETRIEVABLE,RETRIEVABLE,RETRIEVABLE,RETRIEVABLE
7423051382447459616,A-new,W-article,2024-10-07T15:10:31Z,1.8421,1-2y,1-2y,1-2y,1-2y,1-2y,1-2y,RETRIEVABLE,RETRIEVABLE,RETRIEVABLE,RETRIEVABLE,RETRIEVABLE,RETRIEVABLE
7424956665587436833,A-new,W-article,2024-10-12T18:23:59Z,1.8281,1-2y,1-2y,1-2y,1-2y,1-2y,1-2y,RETRIEVABLE,RETRIEVABLE,RETRIEVABLE,RETRIEVABLE,RETRIEVABLE,RETRIEVABLE
7424964795587169568,A-new,W-article,2024-10-12T18:55:32Z,1.8280,1-2y,1-2y,1-2y,1-2y,1-2y,1-2y,RETRIEVABLE,RETRIEVABLE,RETRIEVABLE,RETRIEVABLE,RETRIEVABLE,RETRIEVABLE
7424973970266426657,A-new,W-article,2024-10-12T19:31:08Z,1.8280,1-2y,1-2y,1-2y,1-2y,1-2y,1-2y,RETRIEVABLE,RETRIEVABLE,RETRIEVABLE,RETRIEVABLE,RETRIEVABLE,RETRIEVABLE
7427566986105785633,A-new,W-article,2024-10-19T19:13:22Z,1.8088,1-2y,1-2y,1-2y,1-2y,1-2y,1-2y,RETRIEVABLE,RETRIEVABLE,RETRIEVABLE,RETRIEVABLE,RETRIEVABLE,RETRIEVABLE
7438542844786167047,A-new,W-article,2024-11-18T09:05:18Z,1.7278,1-2y,1-2y,1-2y,1-2y,1-2y,1-2y,RETRIEVABLE,RETRIEVABLE,RETRIEVABLE,RETRIEVABLE,RETRIEVABLE,RETRIEVABLE
7443123765485063446,A-new,W-article,2024-11-30T17:21:37Z,1.6940,1-2y,1-2y,1-2y,1-2y,1-2y,1-2y,RETRIEVABLE,RETRIEVABLE,RETRIEVABLE,RETRIEVABLE,RETRIEVABLE,RETRIEVABLE
7443685494140996871,A-new,W-article,2024-12-02T05:41:24Z,1.6899,1-2y,1-2y,1-2y,1-2y,1-2y,1-2y,RETRIEVABLE,RETRIEVABLE,RETRIEVABLE,RETRIEVABLE,RETRIEVABLE,RETRIEVABLE
7447996521125104928,A-new,W-article,2024-12-13T20:30:23Z,1.6581,1-2y,1-2y,1-2y,1-2y,1-2y,1-2y,RETRIEVABLE,RETRIEVABLE,RETRIEVABLE,RETRIEVABLE,RETRIEVABLE,RETRIEVABLE
7452996488696827169,A-new,W-article,2024-12-27T07:52:49Z,1.6212,1-2y,1-2y,1-2y,1-2y,1-2y,1-2y,RETRIEVABLE,RETRIEVABLE,RETRIEVABLE,RETRIEVABLE,RETRIEVABLE,RETRIEVABLE
7465019012083207446,A-new,W-article,2025-01-28T17:26:21Z,1.5325,1-2y,1-2y,1-2y,1-2y,1-2y,1-2y,RETRIEVABLE,RETRIEVABLE,INDETERMINATE,RETRIEVABLE,RETRIEVABLE,RETRIEVABLE
7466054194265394462,A-new,W-article,2025-01-31T12:23:23Z,1.5249,1-2y,1-2y,1-2y,1-2y,1-2y,1-2y,RETRIEVABLE,RETRIEVABLE,RETRIEVABLE,RETRIEVABLE,RETRIEVABLE,RETRIEVABLE
7467132782385499394,A-new,W-article,2025-02-03T10:08:51Z,1.5169,1-2y,1-2y,1-2y,1-2y,1-2y,1-2y,RETRIEVABLE,RETRIEVABLE,RETRIEVABLE,RETRIEVABLE,RETRIEVABLE,RETRIEVABLE
7468721633717423382,A-new,W-article,2025-02-07T16:54:25Z,1.5052,1-2y,1-2y,1-2y,1-2y,1-2y,1-2y,RETRIEVABLE,RETRIEVABLE,RETRIEVABLE,RETRIEVABLE,RETRIEVABLE,RETRIEVABLE
7469408688625716498,A-new,W-article,2025-02-09T13:20:32Z,1.5001,1-2y,1-2y,1-2y,1-2y,1-2y,1-2y,RETRIEVABLE,RETRIEVABLE,RETRIEVABLE,RETRIEVABLE,RETRIEVABLE,RETRIEVABLE
7470192221313174789,A-new,W-article,2025-02-11T16:01:03Z,1.4943,1-2y,1-2y,1-2y,1-2y,1-2y,1-2y,RETRIEVABLE,RETRIEVABLE,RETRIEVABLE,RETRIEVABLE,RETRIEVABLE,RETRIEVABLE
7470570149234363654,A-new,W-article,2025-02-12T16:27:36Z,1.4916,1-2y,1-2y,1-2y,1-2y,1-2y,1-2y,RETRIEVABLE,RETRIEVABLE,RETRIEVABLE,RETRIEVABLE,RETRIEVABLE,RETRIEVABLE
7478702946855734546,A-new,W-article,2025-03-06T14:27:00Z,1.4315,1-2y,1-2y,1-2y,1-2y,1-2y,1-2y,RETRIEVABLE,RETRIEVABLE,RETRIEVABLE,RETRIEVABLE,RETRIEVABLE,RETRIEVABLE
7479138611837897990,A-new,W-article,2025-03-07T18:37:36Z,1.4283,1-2y,1-2y,1-2y,1-2y,1-2y,1-2y,RETRIEVABLE,RETRIEVABLE,RETRIEVABLE,RETRIEVABLE,RETRIEVABLE,RETRIEVABLE
7484689045738622230,A-new,W-article,2025-03-22T17:36:08Z,1.3874,1-2y,1-2y,1-2y,1-2y,1-2y,1-2y,RETRIEVABLE,RETRIEVABLE,RETRIEVABLE,RETRIEVABLE,RETRIEVABLE,RETRIEVABLE
7489137387277274390,A-new,W-article,2025-04-03T17:17:58Z,1.3546,1-2y,1-2y,1-2y,1-2y,1-2y,1-2y,RETRIEVABLE,RETRIEVABLE,RETRIEVABLE,RETRIEVABLE,RETRIEVABLE,RETRIEVABLE
7491451900504624415,A-new,W-article,2025-04-09T22:59:27Z,1.3375,1-2y,1-2y,1-2y,1-2y,1-2y,1-2y,RETRIEVABLE,RETRIEVABLE,RETRIEVABLE,RETRIEVABLE,RETRIEVABLE,RETRIEVABLE
7492085911631531286,A-new,W-article,2025-04-11T15:59:45Z,1.3328,1-2y,1-2y,1-2y,1-2y,1-2y,1-2y,RETRIEVABLE,RETRIEVABLE,RETRIEVABLE,RETRIEVABLE,RETRIEVABLE,RETRIEVABLE
7492823249466723607,A-new,W-article,2025-04-13T15:40:59Z,1.3274,1-2y,1-2y,1-2y,1-2y,1-2y,1-2y,RETRIEVABLE,RETRIEVABLE,RETRIEVABLE,RETRIEVABLE,RETRIEVABLE,RETRIEVABLE
7497628424551369991,A-new,W-article,2025-04-26T14:27:31Z,1.2919,1-2y,1-2y,1-2y,1-2y,1-2y,1-2y,RETRIEVABLE,RETRIEVABLE,RETRIEVABLE,RETRIEVABLE,RETRIEVABLE,RETRIEVABLE
7497669642509438230,A-new,W-article,2025-04-26T17:07:28Z,1.2916,1-2y,1-2y,1-2y,1-2y,1-2y,1-2y,RETRIEVABLE,RETRIEVABLE,RETRIEVABLE,RETRIEVABLE,RETRIEVABLE,RETRIEVABLE
7499447068776287510,A-new,W-article,2025-05-01T12:04:48Z,1.2785,1-2y,1-2y,1-2y,1-2y,1-2y,1-2y,RETRIEVABLE,RETRIEVABLE,RETRIEVABLE,RETRIEVABLE,RETRIEVABLE,RETRIEVABLE
7503197878614117639,A-new,W-article,2025-05-11T14:39:51Z,1.2508,1-2y,1-2y,1-2y,1-2y,1-2y,1-2y,RETRIEVABLE,RETRIEVABLE,RETRIEVABLE,RETRIEVABLE,RETRIEVABLE,RETRIEVABLE
7504234165198474518,A-new,W-article,2025-05-14T09:41:10Z,1.2432,1-2y,1-2y,1-2y,1-2y,1-2y,1-2y,NOT-RETRIEVABLE,NOT-RETRIEVABLE,NOT-RETRIEVABLE,NOT-RETRIEVABLE,NOT-RETRIEVABLE,NOT-RETRIEVABLE
7506608096547065110,A-new,W-article,2025-05-20T19:13:14Z,1.2257,1-2y,1-2y,1-2y,1-2y,1-2y,1-2y,RETRIEVABLE,RETRIEVABLE,RETRIEVABLE,RETRIEVABLE,RETRIEVABLE,RETRIEVABLE
7506864061913648406,A-new,W-article,2025-05-21T11:46:31Z,1.2238,1-2y,1-2y,1-2y,1-2y,1-2y,1-2y,RETRIEVABLE,RETRIEVABLE,RETRIEVABLE,RETRIEVABLE,RETRIEVABLE,RETRIEVABLE
7508551884429331720,A-new,W-article,2025-05-26T00:56:08Z,1.2113,1-2y,1-2y,1-2y,1-2y,1-2y,1-2y,RETRIEVABLE,RETRIEVABLE,RETRIEVABLE,INDETERMINATE,RETRIEVABLE,RETRIEVABLE
7508745736952007943,A-new,W-article,2025-05-26T13:28:22Z,1.2099,1-2y,1-2y,1-2y,1-2y,1-2y,1-2y,RETRIEVABLE,RETRIEVABLE,RETRIEVABLE,RETRIEVABLE,RETRIEVABLE,RETRIEVABLE
7515103618006043926,A-new,W-article,2025-06-12T16:40:12Z,1.1630,1-2y,1-2y,1-2y,1-2y,1-2y,1-2y,RETRIEVABLE,RETRIEVABLE,RETRIEVABLE,RETRIEVABLE,RETRIEVABLE,RETRIEVABLE
7524293048067542294,A-new,W-article,2025-07-07T10:59:53Z,1.0952,1-2y,1-2y,1-2y,1-2y,1-2y,1-2y,RETRIEVABLE,RETRIEVABLE,RETRIEVABLE,RETRIEVABLE,RETRIEVABLE,RETRIEVABLE
7524363923093507350,A-new,W-article,2025-07-07T15:34:55Z,1.0947,1-2y,1-2y,1-2y,1-2y,1-2y,1-2y,RETRIEVABLE,RETRIEVABLE,RETRIEVABLE,RETRIEVABLE,RETRIEVABLE,RETRIEVABLE
7524434250633055510,A-new,W-article,2025-07-07T20:07:49Z,1.0941,1-2y,1-2y,1-2y,1-2y,1-2y,1-2y,RETRIEVABLE,RETRIEVABLE,RETRIEVABLE,RETRIEVABLE,RETRIEVABLE,RETRIEVABLE
7526272184101178646,A-new,W-article,2025-07-12T18:59:56Z,1.0806,1-2y,1-2y,1-2y,1-2y,1-2y,1-2y,RETRIEVABLE,RETRIEVABLE,RETRIEVABLE,RETRIEVABLE,RETRIEVABLE,RETRIEVABLE
7528883301931650322,A-new,W-article,2025-07-19T19:52:25Z,1.0613,1-2y,1-2y,1-2y,1-2y,1-2y,1-2y,RETRIEVABLE,RETRIEVABLE,RETRIEVABLE,RETRIEVABLE,RETRIEVABLE,RETRIEVABLE
7532850875820297490,A-new,W-article,2025-07-30T12:28:37Z,1.0320,1-2y,1-2y,1-2y,1-2y,1-2y,1-2y,RETRIEVABLE,RETRIEVABLE,RETRIEVABLE,RETRIEVABLE,RETRIEVABLE,RETRIEVABLE
7535687452472741128,A-new,W-article,2025-08-07T03:55:59Z,1.0111,1-2y,1-2y,1-2y,1-2y,1-2y,1-2y,RETRIEVABLE,RETRIEVABLE,RETRIEVABLE,RETRIEVABLE,RETRIEVABLE,RETRIEVABLE
7539342354449255710,A-new,W-article,2025-08-17T00:18:53Z,0.9842,0-1y,0-1y,0-1y,0-1y,0-1y,0-1y,NOT-RETRIEVABLE,NOT-RETRIEVABLE,NOT-RETRIEVABLE,NOT-RETRIEVABLE,NOT-RETRIEVABLE,NOT-RETRIEVABLE
7546162657187990806,A-new,W-article,2025-09-04T09:25:08Z,0.9338,0-1y,0-1y,0-1y,0-1y,0-1y,0-1y,RETRIEVABLE,RETRIEVABLE,RETRIEVABLE,RETRIEVABLE,INDETERMINATE,RETRIEVABLE
7547408571940605206,A-new,W-article,2025-09-07T17:59:55Z,0.9246,0-1y,0-1y,0-1y,0-1y,0-1y,0-1y,RETRIEVABLE,RETRIEVABLE,RETRIEVABLE,RETRIEVABLE,RETRIEVABLE,RETRIEVABLE
7558199236857236768,A-new,W-article,2025-10-06T19:53:13Z,0.8450,0-1y,0-1y,0-1y,0-1y,0-1y,0-1y,RETRIEVABLE,RETRIEVABLE,RETRIEVABLE,RETRIEVABLE,RETRIEVABLE,RETRIEVABLE
7558852903226576150,A-new,W-article,2025-10-08T14:09:46Z,0.8402,0-1y,0-1y,0-1y,0-1y,0-1y,0-1y,NOT-RETRIEVABLE,NOT-RETRIEVABLE,NOT-RETRIEVABLE,NOT-RETRIEVABLE,NOT-RETRIEVABLE,NOT-RETRIEVABLE
7560655291788889366,A-new,W-article,2025-10-13T10:43:58Z,0.8269,0-1y,0-1y,0-1y,0-1y,0-1y,0-1y,RETRIEVABLE,RETRIEVABLE,RETRIEVABLE,RETRIEVABLE,RETRIEVABLE,RETRIEVABLE
7571404528575089921,A-new,W-article,2025-11-11T09:56:29Z,0.7476,0-1y,0-1y,0-1y,0-1y,0-1y,0-1y,RETRIEVABLE,RETRIEVABLE,RETRIEVABLE,RETRIEVABLE,RETRIEVABLE,RETRIEVABLE
7571856454223777046,A-new,W-article,2025-11-12T15:10:11Z,0.7443,0-1y,0-1y,0-1y,0-1y,0-1y,0-1y,RETRIEVABLE,RETRIEVABLE,RETRIEVABLE,RETRIEVABLE,RETRIEVABLE,RETRIEVABLE
7572609119840898322,A-new,W-article,2025-11-14T15:50:55Z,0.7387,0-1y,0-1y,0-1y,0-1y,0-1y,0-1y,RETRIEVABLE,RETRIEVABLE,RETRIEVABLE,RETRIEVABLE,RETRIEVABLE,RETRIEVABLE
7573277007065353495,A-new,W-article,2025-11-16T11:02:40Z,0.7338,0-1y,0-1y,0-1y,0-1y,0-1y,0-1y,RETRIEVABLE,RETRIEVABLE,RETRIEVABLE,RETRIEVABLE,RETRIEVABLE,RETRIEVABLE
7575425508762995990,A-new,W-article,2025-11-22T05:59:57Z,0.7179,0-1y,0-1y,0-1y,0-1y,0-1y,0-1y,RETRIEVABLE,RETRIEVABLE,RETRIEVABLE,RETRIEVABLE,RETRIEVABLE,RETRIEVABLE
7587027784069942550,A-new,W-article,2025-12-23T12:22:42Z,0.6323,0-1y,0-1y,0-1y,0-1y,0-1y,0-1y,RETRIEVABLE,RETRIEVABLE,RETRIEVABLE,RETRIEVABLE,RETRIEVABLE,RETRIEVABLE
7606468807535774998,A-new,W-article,2026-02-13T21:43:48Z,0.4889,0-1y,0-1y,0-1y,0-1y,0-1y,0-1y,NOT-RETRIEVABLE,NOT-RETRIEVABLE,NOT-RETRIEVABLE,NOT-RETRIEVABLE,NOT-RETRIEVABLE,NOT-RETRIEVABLE
7606691902246767894,A-new,W-article,2026-02-14T12:09:31Z,0.4873,0-1y,0-1y,0-1y,0-1y,0-1y,0-1y,RETRIEVABLE,RETRIEVABLE,RETRIEVABLE,RETRIEVABLE,RETRIEVABLE,RETRIEVABLE
7627452784043953430,A-new,W-article,2026-04-11T10:52:21Z,0.3341,0-1y,0-1y,0-1y,0-1y,0-1y,0-1y,RETRIEVABLE,RETRIEVABLE,RETRIEVABLE,RETRIEVABLE,RETRIEVABLE,RETRIEVABLE
7637973848767450389,A-new,W-article,2026-05-09T19:19:27Z,0.2565,0-1y,0-1y,0-1y,0-1y,0-1y,0-1y,RETRIEVABLE,RETRIEVABLE,RETRIEVABLE,RETRIEVABLE,RETRIEVABLE,RETRIEVABLE
7645462779939327254,A-new,W-article,2026-05-29T23:40:20Z,0.2012,0-1y,0-1y,0-1y,0-1y,0-1y,0-1y,RETRIEVABLE,RETRIEVABLE,RETRIEVABLE,RETRIEVABLE,RETRIEVABLE,RETRIEVABLE
7652293753478155542,A-new,W-article,2026-06-17T09:28:00Z,0.1508,0-1y,0-1y,0-1y,0-1y,0-1y,0-1y,RETRIEVABLE,RETRIEVABLE,RETRIEVABLE,RETRIEVABLE,RETRIEVABLE,RETRIEVABLE
7652360279791160594,A-new,W-article,2026-06-17T13:46:09Z,0.1503,0-1y,0-1y,0-1y,0-1y,0-1y,0-1y,RETRIEVABLE,RETRIEVABLE,RETRIEVABLE,RETRIEVABLE,RETRIEVABLE,RETRIEVABLE
7665445728050810132,A-new,W-article,2026-07-22T20:04:22Z,0.0538,0-1y,0-1y,0-1y,0-1y,0-1y,0-1y,RETRIEVABLE,RETRIEVABLE,RETRIEVABLE,RETRIEVABLE,RETRIEVABLE,RETRIEVABLE
27191084,A2,W-other-ns,,,,,,,,,NOT-RETRIEVABLE,NOT-RETRIEVABLE,NOT-RETRIEVABLE,NOT-RETRIEVABLE,NOT-RETRIEVABLE,NOT-RETRIEVABLE
6573522909984197893,A2,W-other-ns,2018-07-02T07:46:10Z,8.1099,5y+,5y+,5y+,5y+,5y+,5y+,RETRIEVABLE,RETRIEVABLE,RETRIEVABLE,RETRIEVABLE,RETRIEVABLE,RETRIEVABLE
6661400584362396934,A2,W-other-ns,2019-02-24T03:16:25Z,7.4616,5y+,5y+,5y+,5y+,5y+,5y+,RETRIEVABLE,RETRIEVABLE,RETRIEVABLE,RETRIEVABLE,RETRIEVABLE,RETRIEVABLE
6751193601423707398,A2,W-other-ns,2019-10-24T02:39:11Z,6.7991,5y+,5y+,5y+,5y+,5y+,5y+,RETRIEVABLE,RETRIEVABLE,RETRIEVABLE,RETRIEVABLE,RETRIEVABLE,RETRIEVABLE
6762308272121728262,A2,W-other-ns,2019-11-23T01:29:47Z,6.7171,5y+,5y+,5y+,5y+,5y+,5y+,RETRIEVABLE,RETRIEVABLE,RETRIEVABLE,RETRIEVABLE,RETRIEVABLE,RETRIEVABLE
6768969772278320390,A2,W-other-ns,2019-12-11T00:19:48Z,6.6679,5y+,5y+,5y+,5y+,5y+,5y+,RETRIEVABLE,RETRIEVABLE,RETRIEVABLE,RETRIEVABLE,RETRIEVABLE,RETRIEVABLE
6776748403150900485,A2,W-other-ns,2019-12-31T23:24:52Z,6.6105,5y+,5y+,5y+,5y+,5y+,5y+,RETRIEVABLE,RETRIEVABLE,RETRIEVABLE,RETRIEVABLE,RETRIEVABLE,RETRIEVABLE
6809916760217767174,A2,W-other-ns,2020-03-30T08:35:02Z,6.3658,5y+,5y+,5y+,5y+,5y+,5y+,RETRIEVABLE,RETRIEVABLE,RETRIEVABLE,RETRIEVABLE,RETRIEVABLE,RETRIEVABLE
6812316716408851717,A2,W-other-ns,2020-04-05T19:48:05Z,6.3481,5y+,5y+,5y+,5y+,5y+,5y+,RETRIEVABLE,RETRIEVABLE,RETRIEVABLE,RETRIEVABLE,RETRIEVABLE,RETRIEVABLE
6812706871112174853,A2,W-other-ns,2020-04-06T21:02:05Z,6.3452,5y+,5y+,5y+,5y+,5y+,5y+,RETRIEVABLE,RETRIEVABLE,RETRIEVABLE,RETRIEVABLE,RETRIEVABLE,RETRIEVABLE
6814055914505538822,A2,W-other-ns,2020-04-10T12:17:04Z,6.3353,5y+,5y+,5y+,5y+,5y+,5y+,RETRIEVABLE,INDETERMINATE,RETRIEVABLE,RETRIEVABLE,RETRIEVABLE,RETRIEVABLE
6817941796681764102,A2,W-other-ns,2020-04-20T23:36:16Z,6.3066,5y+,5y+,5y+,5y+,5y+,5y+,RETRIEVABLE,RETRIEVABLE,RETRIEVABLE,RETRIEVABLE,RETRIEVABLE,RETRIEVABLE
6819424284864187654,A2,W-other-ns,2020-04-24T23:29:05Z,6.2957,5y+,5y+,5y+,5y+,5y+,5y+,RETRIEVABLE,RETRIEVABLE,RETRIEVABLE,RETRIEVABLE,RETRIEVABLE,RETRIEVABLE
6820092529774529794,A2,W-other-ns,2020-04-26T18:42:13Z,6.2907,5y+,5y+,5y+,5y+,5y+,5y+,RETRIEVABLE,RETRIEVABLE,RETRIEVABLE,RETRIEVABLE,RETRIEVABLE,RETRIEVABLE
6820553863209159942,A2,W-other-ns,2020-04-28T00:32:26Z,6.2873,5y+,5y+,5y+,5y+,5y+,5y+,RETRIEVABLE,RETRIEVABLE,RETRIEVABLE,RETRIEVABLE,RETRIEVABLE,RETRIEVABLE
6822761946790579461,A2,W-other-ns,2020-05-03T23:20:55Z,6.2711,5y+,5y+,5y+,5y+,5y+,5y+,RETRIEVABLE,RETRIEVABLE,RETRIEVABLE,RETRIEVABLE,RETRIEVABLE,INDETERMINATE
6825796448425151750,A2,W-other-ns,2020-05-12T03:36:20Z,6.2487,5y+,5y+,5y+,5y+,5y+,5y+,RETRIEVABLE,RETRIEVABLE,RETRIEVABLE,RETRIEVABLE,RETRIEVABLE,RETRIEVABLE
6831198465473744134,A2,W-other-ns,2020-05-26T16:58:55Z,6.2088,5y+,5y+,5y+,5y+,5y+,5y+,RETRIEVABLE,RETRIEVABLE,RETRIEVABLE,RETRIEVABLE,RETRIEVABLE,RETRIEVABLE
6835653396255526150,A2,W-other-ns,2020-06-07T17:06:20Z,6.1759,5y+,5y+,5y+,5y+,5y+,5y+,NOT-RETRIEVABLE,NOT-RETRIEVABLE,NOT-RETRIEVABLE,NOT-RETRIEVABLE,NOT-RETRIEVABLE,NOT-RETRIEVABLE
6841239174465490182,A2,W-other-ns,2020-06-22T18:22:00Z,6.1347,5y+,5y+,5y+,5y+,5y+,5y+,NOT-RETRIEVABLE,NOT-RETRIEVABLE,NOT-RETRIEVABLE,NOT-RETRIEVABLE,NOT-RETRIEVABLE,NOT-RETRIEVABLE
6841356462120324358,A2,W-other-ns,2020-06-23T01:57:08Z,6.1339,5y+,5y+,5y+,5y+,5y+,5y+,NOT-RETRIEVABLE,NOT-RETRIEVABLE,NOT-RETRIEVABLE,NOT-RETRIEVABLE,NOT-RETRIEVABLE,NOT-RETRIEVABLE
6841383368211385606,A2,W-other-ns,2020-06-23T03:41:33Z,6.1337,5y+,5y+,5y+,5y+,5y+,5y+,RETRIEVABLE,RETRIEVABLE,RETRIEVABLE,RETRIEVABLE,RETRIEVABLE,RETRIEVABLE
6841634252140858630,A2,W-other-ns,2020-06-23T19:55:06Z,6.1318,5y+,5y+,5y+,5y+,5y+,5y+,NOT-RETRIEVABLE,NOT-RETRIEVABLE,NOT-RETRIEVABLE,NOT-RETRIEVABLE,NOT-RETRIEVABLE,NOT-RETRIEVABLE
6846638180805004546,A2,W-other-ns,2020-07-07T07:32:54Z,6.0949,5y+,5y+,5y+,5y+,5y+,5y+,RETRIEVABLE,RETRIEVABLE,RETRIEVABLE,RETRIEVABLE,RETRIEVABLE,RETRIEVABLE
6851007564289690886,A2,W-other-ns,2020-07-19T02:08:20Z,6.0627,5y+,5y+,5y+,5y+,5y+,5y+,RETRIEVABLE,RETRIEVABLE,RETRIEVABLE,RETRIEVABLE,RETRIEVABLE,RETRIEVABLE
6860178891319807238,A2,W-other-ns,2020-08-12T19:17:46Z,5.9950,5y+,5y+,5y+,5y+,5y+,5y+,RETRIEVABLE,RETRIEVABLE,RETRIEVABLE,RETRIEVABLE,INDETERMINATE,RETRIEVABLE
6861770003654462725,A2,W-other-ns,2020-08-17T02:12:06Z,5.9833,5y+,5y+,5y+,5y+,5y+,5y+,NOT-RETRIEVABLE,NOT-RETRIEVABLE,NOT-RETRIEVABLE,NOT-RETRIEVABLE,NOT-RETRIEVABLE,NOT-RETRIEVABLE
6863597259334880517,A2,W-other-ns,2020-08-22T00:22:47Z,5.9698,5y+,5y+,5y+,5y+,5y+,5y+,RETRIEVABLE,RETRIEVABLE,RETRIEVABLE,RETRIEVABLE,RETRIEVABLE,RETRIEVABLE
6868275452562197762,A2,W-other-ns,2020-09-03T14:56:34Z,5.9353,5y+,5y+,5y+,5y+,5y+,5y+,NOT-RETRIEVABLE,NOT-RETRIEVABLE,NOT-RETRIEVABLE,NOT-RETRIEVABLE,NOT-RETRIEVABLE,NOT-RETRIEVABLE
6872243621848960262,A2,W-other-ns,2020-09-14T07:35:05Z,5.9060,5y+,5y+,5y+,5y+,5y+,5y+,NOT-RETRIEVABLE,NOT-RETRIEVABLE,NOT-RETRIEVABLE,NOT-RETRIEVABLE,NOT-RETRIEVABLE,NOT-RETRIEVABLE
6875523447372483846,A2,W-other-ns,2020-09-23T03:42:29Z,5.8818,5y+,5y+,5y+,5y+,5y+,5y+,RETRIEVABLE,RETRIEVABLE,RETRIEVABLE,RETRIEVABLE,RETRIEVABLE,RETRIEVABLE
6880593898108931333,A2,W-other-ns,2020-10-06T19:38:26Z,5.8444,5y+,5y+,5y+,5y+,5y+,5y+,RETRIEVABLE,RETRIEVABLE,RETRIEVABLE,RETRIEVABLE,RETRIEVABLE,RETRIEVABLE
6892868148647726341,A2,W-other-ns,2020-11-08T21:28:47Z,5.7538,5y+,5y+,5y+,5y+,5y+,5y+,RETRIEVABLE,RETRIEVABLE,RETRIEVABLE,RETRIEVABLE,RETRIEVABLE,RETRIEVABLE
6894854586293669126,A2,W-other-ns,2020-11-14T05:57:11Z,5.7392,5y+,5y+,5y+,5y+,5y+,5y+,RETRIEVABLE,RETRIEVABLE,RETRIEVABLE,RETRIEVABLE,RETRIEVABLE,RETRIEVABLE
6895149978650463494,A2,W-other-ns,2020-11-15T01:03:27Z,5.7370,5y+,5y+,5y+,5y+,5y+,5y+,RETRIEVABLE,RETRIEVABLE,RETRIEVABLE,RETRIEVABLE,RETRIEVABLE,RETRIEVABLE
6901346217259764998,A2,W-other-ns,2020-12-01T17:48:01Z,5.6913,5y+,5y+,5y+,5y+,5y+,5y+,RETRIEVABLE,RETRIEVABLE,RETRIEVABLE,RETRIEVABLE,RETRIEVABLE,RETRIEVABLE
6903065889940262146,A2,W-other-ns,2020-12-06T09:01:14Z,5.6786,5y+,5y+,5y+,5y+,5y+,5y+,RETRIEVABLE,RETRIEVABLE,RETRIEVABLE,RETRIEVABLE,RETRIEVABLE,RETRIEVABLE
6910860023283420418,A2,W-other-ns,2020-12-27T09:06:27Z,5.6211,5y+,5y+,5y+,5y+,5y+,5y+,RETRIEVABLE,RETRIEVABLE,RETRIEVABLE,RETRIEVABLE,RETRIEVABLE,RETRIEVABLE
6914979033818172677,A2,W-other-ns,2021-01-07T11:30:19Z,5.5907,5y+,5y+,5y+,5y+,5y+,5y+,NOT-RETRIEVABLE,NOT-RETRIEVABLE,NOT-RETRIEVABLE,NOT-RETRIEVABLE,NOT-RETRIEVABLE,NOT-RETRIEVABLE
6916571997904407813,A2,W-other-ns,2021-01-11T18:31:50Z,5.5789,5y+,5y+,5y+,5y+,5y+,5y+,RETRIEVABLE,RETRIEVABLE,RETRIEVABLE,RETRIEVABLE,RETRIEVABLE,RETRIEVABLE
6917572838006246657,A2,W-other-ns,2021-01-14T11:15:36Z,5.5715,5y+,5y+,5y+,5y+,5y+,5y+,RETRIEVABLE,RETRIEVABLE,RETRIEVABLE,RETRIEVABLE,RETRIEVABLE,RETRIEVABLE
6918960216583277829,A2,W-other-ns,2021-01-18T04:59:20Z,5.5613,5y+,5y+,5y+,5y+,5y+,5y+,NOT-RETRIEVABLE,NOT-RETRIEVABLE,NOT-RETRIEVABLE,NOT-RETRIEVABLE,NOT-RETRIEVABLE,NOT-RETRIEVABLE
6920312405440384261,A2,W-other-ns,2021-01-21T20:26:31Z,5.5513,5y+,5y+,5y+,5y+,5y+,5y+,RETRIEVABLE,RETRIEVABLE,RETRIEVABLE,RETRIEVABLE,RETRIEVABLE,RETRIEVABLE
6921103787268541701,A2,W-other-ns,2021-01-23T23:37:29Z,5.5455,5y+,5y+,5y+,5y+,5y+,5y+,RETRIEVABLE,RETRIEVABLE,RETRIEVABLE,RETRIEVABLE,RETRIEVABLE,RETRIEVABLE
6932490256709176582,A2,W-other-ns,2021-02-23T16:02:48Z,5.4615,5y+,5y+,5y+,5y+,5y+,5y+,RETRIEVABLE,RETRIEVABLE,RETRIEVABLE,RETRIEVABLE,RETRIEVABLE,RETRIEVABLE
6932562814531947781,A2,W-other-ns,2021-02-23T20:44:22Z,5.4609,5y+,5y+,5y+,5y+,5y+,5y+,NOT-RETRIEVABLE,NOT-RETRIEVABLE,NOT-RETRIEVABLE,NOT-RETRIEVABLE,NOT-RETRIEVABLE,NOT-RETRIEVABLE
6933585433276206342,A2,W-other-ns,2021-02-26T14:52:39Z,5.4534,5y+,5y+,5y+,5y+,5y+,5y+,RETRIEVABLE,RETRIEVABLE,RETRIEVABLE,RETRIEVABLE,RETRIEVABLE,RETRIEVABLE
6934113825625017606,A2,W-other-ns,2021-02-28T01:03:05Z,5.4495,5y+,5y+,5y+,5y+,5y+,5y+,RETRIEVABLE,RETRIEVABLE,RETRIEVABLE,RETRIEVABLE,RETRIEVABLE,RETRIEVABLE
6936218553230085378,A2,W-other-ns,2021-03-05T17:10:30Z,5.4340,5y+,5y+,5y+,5y+,5y+,5y+,NOT-RETRIEVABLE,NOT-RETRIEVABLE,NOT-RETRIEVABLE,NOT-RETRIEVABLE,NOT-RETRIEVABLE,NOT-RETRIEVABLE
6936685528544808194,A2,W-other-ns,2021-03-06T23:22:36Z,5.4305,5y+,5y+,5y+,5y+,5y+,5y+,RETRIEVABLE,RETRIEVABLE,RETRIEVABLE,RETRIEVABLE,RETRIEVABLE,RETRIEVABLE
6939463644203830529,A2,W-other-ns,2021-03-14T11:03:06Z,5.4100,5y+,5y+,5y+,5y+,5y+,5y+,NOT-RETRIEVABLE,NOT-RETRIEVABLE,NOT-RETRIEVABLE,NOT-RETRIEVABLE,NOT-RETRIEVABLE,NOT-RETRIEVABLE
6942424321348422913,A2,W-other-ns,2021-03-22T10:32:03Z,5.3882,5y+,5y+,5y+,5y+,5y+,5y+,NOT-RETRIEVABLE,NOT-RETRIEVABLE,NOT-RETRIEVABLE,NOT-RETRIEVABLE,NOT-RETRIEVABLE,NOT-RETRIEVABLE
6943299808929074438,A2,W-other-ns,2021-03-24T19:09:23Z,5.3817,5y+,5y+,5y+,5y+,5y+,5y+,RETRIEVABLE,INDETERMINATE,RETRIEVABLE,RETRIEVABLE,RETRIEVABLE,RETRIEVABLE
6945562242259684613,A2,W-other-ns,2021-03-30T21:28:47Z,5.3650,5y+,5y+,5y+,5y+,5y+,5y+,RETRIEVABLE,RETRIEVABLE,RETRIEVABLE,RETRIEVABLE,RETRIEVABLE,RETRIEVABLE
6953852760852909314,A2,W-other-ns,2021-04-22T05:40:14Z,5.3039,5y+,5y+,5y+,5y+,5y+,5y+,RETRIEVABLE,RETRIEVABLE,RETRIEVABLE,RETRIEVABLE,RETRIEVABLE,RETRIEVABLE
6954818210763918598,A2,W-other-ns,2021-04-24T20:06:40Z,5.2967,5y+,5y+,5y+,5y+,5y+,5y+,RETRIEVABLE,RETRIEVABLE,RETRIEVABLE,RETRIEVABLE,RETRIEVABLE,RETRIEVABLE
6967319199786241282,A2,W-other-ns,2021-05-28T12:36:53Z,5.2045,5y+,5y+,5y+,5y+,5y+,5y+,RETRIEVABLE,RETRIEVABLE,RETRIEVABLE,RETRIEVABLE,RETRIEVABLE,RETRIEVABLE
6973394121687911686,A2,W-other-ns,2021-06-13T21:30:41Z,5.1597,5y+,5y+,5y+,5y+,5y+,5y+,RETRIEVABLE,RETRIEVABLE,RETRIEVABLE,RETRIEVABLE,RETRIEVABLE,RETRIEVABLE
6974391118351879430,A2,W-other-ns,2021-06-16T13:59:33Z,5.1523,5y+,5y+,5y+,5y+,5y+,5y+,RETRIEVABLE,RETRIEVABLE,RETRIEVABLE,RETRIEVABLE,RETRIEVABLE,RETRIEVABLE
6983426285313756421,A2,W-other-ns,2021-07-10T22:20:36Z,5.0857,5y+,5y+,5y+,5y+,5y+,5y+,RETRIEVABLE,RETRIEVABLE,RETRIEVABLE,RETRIEVABLE,RETRIEVABLE,RETRIEVABLE
6991753850571066650,A2,W-other-ns,2021-08-02T08:55:49Z,5.0242,5y+,5y+,5y+,5y+,5y+,5y+,RETRIEVABLE,RETRIEVABLE,RETRIEVABLE,RETRIEVABLE,RETRIEVABLE,RETRIEVABLE
6992159544663117082,A2,W-other-ns,2021-08-03T11:10:07Z,5.0212,5y+,5y+,5y+,5y+,5y+,5y+,RETRIEVABLE,RETRIEVABLE,INDETERMINATE,RETRIEVABLE,RETRIEVABLE,INDETERMINATE
6992256545157352709,A2,W-other-ns,2021-08-03T17:26:32Z,5.0205,5y+,5y+,5y+,5y+,5y+,5y+,RETRIEVABLE,RETRIEVABLE,RETRIEVABLE,RETRIEVABLE,RETRIEVABLE,RETRIEVABLE
6992458197684604165,A2,W-other-ns,2021-08-04T06:29:02Z,5.0190,5y+,5y+,5y+,5y+,5y+,5y+,RETRIEVABLE,RETRIEVABLE,RETRIEVABLE,RETRIEVABLE,RETRIEVABLE,RETRIEVABLE
6992630491555826950,A2,W-other-ns,2021-08-04T17:37:38Z,5.0178,5y+,5y+,5y+,5y+,5y+,5y+,RETRIEVABLE,RETRIEVABLE,RETRIEVABLE,RETRIEVABLE,RETRIEVABLE,RETRIEVABLE
6993060526196821254,A2,W-other-ns,2021-08-05T21:26:23Z,5.0146,5y+,5y+,5y+,5y+,5y+,5y+,NOT-RETRIEVABLE,NOT-RETRIEVABLE,NOT-RETRIEVABLE,INDETERMINATE,NOT-RETRIEVABLE,NOT-RETRIEVABLE
6997147307363814661,A2,W-other-ns,2021-08-16T21:45:11Z,4.9844,4-5y,4-5y,4-5y,4-5y,4-5y,4-5y,RETRIEVABLE,RETRIEVABLE,RETRIEVABLE,RETRIEVABLE,RETRIEVABLE,RETRIEVABLE
70,A2,W-other-ns,,,,,,,,,NOT-RETRIEVABLE,NOT-RETRIEVABLE,NOT-RETRIEVABLE,NOT-RETRIEVABLE,NOT-RETRIEVABLE,NOT-RETRIEVABLE
7000292813908757761,A2,W-other-ns,2021-08-25T09:11:21Z,4.9612,4-5y,4-5y,4-5y,4-5y,4-5y,4-5y,NOT-RETRIEVABLE,NOT-RETRIEVABLE,NOT-RETRIEVABLE,NOT-RETRIEVABLE,NOT-RETRIEVABLE,NOT-RETRIEVABLE
7004960262373625094,A2,W-other-ns,2021-09-06T23:03:26Z,4.9268,4-5y,4-5y,4-5y,4-5y,4-5y,4-5y,RETRIEVABLE,RETRIEVABLE,RETRIEVABLE,RETRIEVABLE,RETRIEVABLE,RETRIEVABLE
7004969659955023110,A2,W-other-ns,2021-09-06T23:39:54Z,4.9267,4-5y,4-5y,4-5y,4-5y,4-5y,4-5y,RETRIEVABLE,RETRIEVABLE,RETRIEVABLE,RETRIEVABLE,RETRIEVABLE,RETRIEVABLE
7006286103804202245,A2,W-other-ns,2021-09-10T12:48:23Z,4.9170,4-5y,4-5y,4-5y,4-5y,4-5y,4-5y,RETRIEVABLE,RETRIEVABLE,RETRIEVABLE,RETRIEVABLE,RETRIEVABLE,RETRIEVABLE
7007821632538512646,A2,W-other-ns,2021-09-14T16:07:01Z,4.9057,4-5y,4-5y,4-5y,4-5y,4-5y,4-5y,RETRIEVABLE,RETRIEVABLE,RETRIEVABLE,RETRIEVABLE,RETRIEVABLE,RETRIEVABLE
7009622303369596161,A2,W-other-ns,2021-09-19T12:34:32Z,4.8924,4-5y,4-5y,4-5y,4-5y,4-5y,4-5y,RETRIEVABLE,RETRIEVABLE,RETRIEVABLE,RETRIEVABLE,RETRIEVABLE,RETRIEVABLE
7009888780639391003,A2,W-other-ns,2021-09-20T05:48:36Z,4.8904,4-5y,4-5y,4-5y,4-5y,4-5y,4-5y,RETRIEVABLE,RETRIEVABLE,RETRIEVABLE,RETRIEVABLE,RETRIEVABLE,RETRIEVABLE
7009951250301160706,A2,W-other-ns,2021-09-20T09:51:01Z,4.8900,4-5y,4-5y,4-5y,4-5y,4-5y,4-5y,RETRIEVABLE,RETRIEVABLE,RETRIEVABLE,RETRIEVABLE,RETRIEVABLE,RETRIEVABLE
7012337636614343942,A2,W-other-ns,2021-09-26T20:11:25Z,4.8724,4-5y,4-5y,4-5y,4-5y,4-5y,4-5y,NOT-RETRIEVABLE,NOT-RETRIEVABLE,NOT-RETRIEVABLE,NOT-RETRIEVABLE,NOT-RETRIEVABLE,NOT-RETRIEVABLE
7013042927278591234,A2,W-other-ns,2021-09-28T17:48:18Z,4.8672,4-5y,4-5y,4-5y,4-5y,4-5y,4-5y,NOT-RETRIEVABLE,NOT-RETRIEVABLE,NOT-RETRIEVABLE,NOT-RETRIEVABLE,NOT-RETRIEVABLE,NOT-RETRIEVABLE
7013325525036862747,A2,W-other-ns,2021-09-29T12:04:56Z,4.8651,4-5y,4-5y,4-5y,4-5y,4-5y,4-5y,NOT-RETRIEVABLE,NOT-RETRIEVABLE,NOT-RETRIEVABLE,NOT-RETRIEVABLE,NOT-RETRIEVABLE,NOT-RETRIEVABLE
7016035993274928389,A2,W-other-ns,2021-10-06T19:22:56Z,4.8451,4-5y,4-5y,4-5y,4-5y,4-5y,4-5y,NOT-RETRIEVABLE,NOT-RETRIEVABLE,NOT-RETRIEVABLE,NOT-RETRIEVABLE,NOT-RETRIEVABLE,NOT-RETRIEVABLE
7020540028744895749,A2,W-other-ns,2021-10-18T22:40:53Z,4.8119,4-5y,4-5y,4-5y,4-5y,4-5y,4-5y,RETRIEVABLE,RETRIEVABLE,RETRIEVABLE,RETRIEVABLE,RETRIEVABLE,RETRIEVABLE
7021056541738552577,A2,W-other-ns,2021-10-20T08:05:13Z,4.8080,4-5y,4-5y,4-5y,4-5y,4-5y,4-5y,RETRIEVABLE,RETRIEVABLE,RETRIEVABLE,RETRIEVABLE,RETRIEVABLE,RETRIEVABLE
7028235997775236354,A2,W-other-ns,2021-11-08T16:25:11Z,4.7551,4-5y,4-5y,4-5y,4-5y,4-5y,4-5y,RETRIEVABLE,RETRIEVABLE,RETRIEVABLE,RETRIEVABLE,RETRIEVABLE,RETRIEVABLE
7030910186017672453,A2,W-other-ns,2021-11-15T21:22:24Z,4.7353,4-5y,4-5y,4-5y,4-5y,4-5y,4-5y,RETRIEVABLE,RETRIEVABLE,RETRIEVABLE,RETRIEVABLE,RETRIEVABLE,RETRIEVABLE
7032343854875479302,A2,W-other-ns,2021-11-19T18:05:46Z,4.7248,4-5y,4-5y,4-5y,4-5y,4-5y,4-5y,RETRIEVABLE,RETRIEVABLE,RETRIEVABLE,RETRIEVABLE,RETRIEVABLE,RETRIEVABLE
7034559443136318767,A2,W-other-ns,2021-11-25T17:23:22Z,4.7084,4-5y,4-5y,4-5y,4-5y,4-5y,4-5y,RETRIEVABLE,RETRIEVABLE,RETRIEVABLE,RETRIEVABLE,RETRIEVABLE,RETRIEVABLE
7035091441009331457,A2,W-other-ns,2021-11-27T03:47:48Z,4.7045,4-5y,4-5y,4-5y,4-5y,4-5y,4-5y,RETRIEVABLE,RETRIEVABLE,RETRIEVABLE,RETRIEVABLE,RETRIEVABLE,RETRIEVABLE
7036779131303988527,A2,W-other-ns,2021-12-01T16:56:54Z,4.6920,4-5y,4-5y,4-5y,4-5y,4-5y,4-5y,RETRIEVABLE,RETRIEVABLE,RETRIEVABLE,RETRIEVABLE,RETRIEVABLE,RETRIEVABLE
7039385906561764614,A2,W-other-ns,2021-12-08T17:32:31Z,4.6728,4-5y,4-5y,4-5y,4-5y,4-5y,4-5y,RETRIEVABLE,RETRIEVABLE,RETRIEVABLE,RETRIEVABLE,RETRIEVABLE,RETRIEVABLE
7042652320294817030,A2,W-other-ns,2021-12-17T12:47:52Z,4.6487,4-5y,4-5y,4-5y,4-5y,4-5y,4-5y,RETRIEVABLE,RETRIEVABLE,RETRIEVABLE,RETRIEVABLE,RETRIEVABLE,RETRIEVABLE
7043513176771529989,A2,W-other-ns,2021-12-19T20:28:26Z,4.6424,4-5y,4-5y,4-5y,4-5y,4-5y,4-5y,RETRIEVABLE,RETRIEVABLE,RETRIEVABLE,RETRIEVABLE,RETRIEVABLE,RETRIEVABLE
7049393982173973807,A2,W-other-ns,2022-01-04T16:48:58Z,4.5990,4-5y,4-5y,4-5y,4-5y,4-5y,4-5y,RETRIEVABLE,RETRIEVABLE,RETRIEVABLE,RETRIEVABLE,RETRIEVABLE,RETRIEVABLE
7049515418003770630,A2,W-other-ns,2022-01-05T00:40:12Z,4.5981,4-5y,4-5y,4-5y,4-5y,4-5y,4-5y,RETRIEVABLE,RETRIEVABLE,RETRIEVABLE,RETRIEVABLE,RETRIEVABLE,RETRIEVABLE
7049610791435144454,A2,W-other-ns,2022-01-05T06:50:18Z,4.5974,4-5y,4-5y,4-5y,4-5y,4-5y,4-5y,RETRIEVABLE,RETRIEVABLE,RETRIEVABLE,RETRIEVABLE,RETRIEVABLE,RETRIEVABLE
7050707473199631618,A2,W-other-ns,2022-01-08T05:45:59Z,4.5893,4-5y,4-5y,4-5y,4-5y,4-5y,4-5y,INDETERMINATE,RETRIEVABLE,RETRIEVABLE,RETRIEVABLE,RETRIEVABLE,RETRIEVABLE
7053835634917592326,A2,W-other-ns,2022-01-16T16:04:51Z,4.5662,4-5y,4-5y,4-5y,4-5y,4-5y,4-5y,NOT-RETRIEVABLE,NOT-RETRIEVABLE,NOT-RETRIEVABLE,NOT-RETRIEVABLE,NOT-RETRIEVABLE,NOT-RETRIEVABLE
7055460579800255791,A2,W-other-ns,2022-01-21T01:10:28Z,4.5542,4-5y,4-5y,4-5y,4-5y,4-5y,4-5y,NOT-RETRIEVABLE,NOT-RETRIEVABLE,NOT-RETRIEVABLE,NOT-RETRIEVABLE,NOT-RETRIEVABLE,NOT-RETRIEVABLE
7056178088236977455,A2,W-other-ns,2022-01-22T23:34:46Z,4.5489,4-5y,4-5y,4-5y,4-5y,4-5y,4-5y,INDETERMINATE,RETRIEVABLE,RETRIEVABLE,RETRIEVABLE,RETRIEVABLE,RETRIEVABLE
7059448413213035822,A2,W-other-ns,2022-01-31T19:05:17Z,4.5248,4-5y,4-5y,4-5y,4-5y,4-5y,4-5y,RETRIEVABLE,RETRIEVABLE,RETRIEVABLE,RETRIEVABLE,RETRIEVABLE,RETRIEVABLE
7059539265272761605,A2,W-other-ns,2022-02-01T00:57:51Z,4.5241,4-5y,4-5y,4-5y,4-5y,4-5y,4-5y,NOT-RETRIEVABLE,NOT-RETRIEVABLE,NOT-RETRIEVABLE,NOT-RETRIEVABLE,NOT-RETRIEVABLE,NOT-RETRIEVABLE
7060606982264442159,A2,W-other-ns,2022-02-03T22:01:08Z,4.5162,4-5y,4-5y,4-5y,4-5y,4-5y,4-5y,RETRIEVABLE,RETRIEVABLE,RETRIEVABLE,RETRIEVABLE,RETRIEVABLE,RETRIEVABLE
7065772955065945391,A2,W-other-ns,2022-02-17T20:07:45Z,4.4781,4-5y,4-5y,4-5y,4-5y,4-5y,4-5y,RETRIEVABLE,RETRIEVABLE,RETRIEVABLE,RETRIEVABLE,RETRIEVABLE,RETRIEVABLE
7068996210144578821,A2,W-other-ns,2022-02-26T12:35:37Z,4.4543,4-5y,4-5y,4-5y,4-5y,4-5y,4-5y,INDETERMINATE,NOT-RETRIEVABLE,NOT-RETRIEVABLE,NOT-RETRIEVABLE,NOT-RETRIEVABLE,NOT-RETRIEVABLE
7073838577867558171,A2,W-other-ns,2022-03-11T13:46:29Z,4.4186,4-5y,4-5y,4-5y,4-5y,4-5y,4-5y,RETRIEVABLE,RETRIEVABLE,RETRIEVABLE,RETRIEVABLE,RETRIEVABLE,RETRIEVABLE
7075477333909523758,A2,W-other-ns,2022-03-15T23:45:41Z,4.4065,4-5y,4-5y,4-5y,4-5y,4-5y,4-5y,RETRIEVABLE,RETRIEVABLE,RETRIEVABLE,RETRIEVABLE,RETRIEVABLE,RETRIEVABLE
7076163241314946347,A2,W-other-ns,2022-03-17T20:07:22Z,4.4015,4-5y,4-5y,4-5y,4-5y,4-5y,4-5y,RETRIEVABLE,RETRIEVABLE,RETRIEVABLE,RETRIEVABLE,RETRIEVABLE,RETRIEVABLE
7076205946753584426,A2,W-other-ns,2022-03-17T22:53:05Z,4.4012,4-5y,4-5y,4-5y,4-5y,4-5y,4-5y,RETRIEVABLE,RETRIEVABLE,RETRIEVABLE,RETRIEVABLE,RETRIEVABLE,RETRIEVABLE
7076228701175745834,A2,W-other-ns,2022-03-18T00:21:23Z,4.4010,4-5y,4-5y,4-5y,4-5y,4-5y,4-5y,RETRIEVABLE,RETRIEVABLE,RETRIEVABLE,RETRIEVABLE,RETRIEVABLE,RETRIEVABLE
7076814837426212139,A2,W-other-ns,2022-03-19T14:15:53Z,4.3967,4-5y,4-5y,4-5y,4-5y,4-5y,4-5y,RETRIEVABLE,RETRIEVABLE,RETRIEVABLE,RETRIEVABLE,INDETERMINATE,RETRIEVABLE
7077635697057844485,A2,W-other-ns,2022-03-21T19:21:14Z,4.3906,4-5y,4-5y,4-5y,4-5y,4-5y,4-5y,RETRIEVABLE,RETRIEVABLE,RETRIEVABLE,RETRIEVABLE,RETRIEVABLE,RETRIEVABLE
7077867249138208006,A2,W-other-ns,2022-03-22T10:19:47Z,4.3889,4-5y,4-5y,4-5y,4-5y,4-5y,4-5y,RETRIEVABLE,RETRIEVABLE,RETRIEVABLE,RETRIEVABLE,RETRIEVABLE,RETRIEVABLE
7078053300687490347,A2,W-other-ns,2022-03-22T22:21:45Z,4.3875,4-5y,4-5y,4-5y,4-5y,4-5y,4-5y,RETRIEVABLE,RETRIEVABLE,RETRIEVABLE,RETRIEVABLE,RETRIEVABLE,RETRIEVABLE
7081369214744857899,A2,W-other-ns,2022-03-31T20:49:12Z,4.3631,4-5y,4-5y,4-5y,4-5y,4-5y,4-5y,RETRIEVABLE,RETRIEVABLE,RETRIEVABLE,RETRIEVABLE,RETRIEVABLE,RETRIEVABLE
7081430932615400709,A2,W-other-ns,2022-04-01T00:48:42Z,4.3626,4-5y,4-5y,4-5y,4-5y,4-5y,4-5y,RETRIEVABLE,RETRIEVABLE,RETRIEVABLE,RETRIEVABLE,RETRIEVABLE,RETRIEVABLE
7092796890332302597,A2,W-other-ns,2022-05-01T15:54:25Z,4.2787,4-5y,4-5y,4-5y,4-5y,4-5y,4-5y,RETRIEVABLE,RETRIEVABLE,RETRIEVABLE,RETRIEVABLE,RETRIEVABLE,RETRIEVABLE
7096414714925714690,A2,W-other-ns,2022-05-11T09:53:25Z,4.2521,4-5y,4-5y,4-5y,4-5y,4-5y,4-5y,NOT-RETRIEVABLE,NOT-RETRIEVABLE,NOT-RETRIEVABLE,NOT-RETRIEVABLE,NOT-RETRIEVABLE,NOT-RETRIEVABLE
7097696315118849326,A2,W-other-ns,2022-05-14T20:46:41Z,4.2426,4-5y,4-5y,4-5y,4-5y,4-5y,4-5y,NOT-RETRIEVABLE,NOT-RETRIEVABLE,NOT-RETRIEVABLE,NOT-RETRIEVABLE,NOT-RETRIEVABLE,NOT-RETRIEVABLE
7098191098719309057,A2,W-other-ns,2022-05-16T04:46:42Z,4.2389,4-5y,4-5y,4-5y,4-5y,4-5y,4-5y,RETRIEVABLE,RETRIEVABLE,RETRIEVABLE,RETRIEVABLE,RETRIEVABLE,RETRIEVABLE
7102776154851101978,A2,W-other-ns,2022-05-28T13:19:03Z,4.2051,4-5y,4-5y,4-5y,4-5y,4-5y,4-5y,RETRIEVABLE,RETRIEVABLE,RETRIEVABLE,RETRIEVABLE,RETRIEVABLE,RETRIEVABLE
7105873120921226542,A2,W-other-ns,2022-06-05T21:36:52Z,4.1823,4-5y,4-5y,4-5y,4-5y,4-5y,4-5y,RETRIEVABLE,RETRIEVABLE,RETRIEVABLE,RETRIEVABLE,RETRIEVABLE,RETRIEVABLE
7106586007172336942,A2,W-other-ns,2022-06-07T19:43:14Z,4.1770,4-5y,4-5y,4-5y,4-5y,4-5y,4-5y,RETRIEVABLE,RETRIEVABLE,RETRIEVABLE,RETRIEVABLE,RETRIEVABLE,RETRIEVABLE
7109769397467745563,A2,W-other-ns,2022-06-16T09:36:25Z,4.1535,4-5y,4-5y,4-5y,4-5y,4-5y,4-5y,RETRIEVABLE,RETRIEVABLE,RETRIEVABLE,RETRIEVABLE,RETRIEVABLE,RETRIEVABLE
7111644884821380353,A2,W-other-ns,2022-06-21T10:54:15Z,4.1397,4-5y,4-5y,4-5y,4-5y,4-5y,4-5y,NOT-RETRIEVABLE,NOT-RETRIEVABLE,NOT-RETRIEVABLE,NOT-RETRIEVABLE,NOT-RETRIEVABLE,NOT-RETRIEVABLE
7112615043493203246,A2,W-other-ns,2022-06-24T01:38:58Z,4.1325,4-5y,4-5y,4-5y,4-5y,4-5y,4-5y,RETRIEVABLE,RETRIEVABLE,RETRIEVABLE,RETRIEVABLE,RETRIEVABLE,RETRIEVABLE
7114331445736246555,A2,W-other-ns,2022-06-28T16:39:29Z,4.1199,4-5y,4-5y,4-5y,4-5y,4-5y,4-5y,NOT-RETRIEVABLE,NOT-RETRIEVABLE,NOT-RETRIEVABLE,NOT-RETRIEVABLE,NOT-RETRIEVABLE,NOT-RETRIEVABLE
7116683100368768298,A2,W-other-ns,2022-07-05T00:45:06Z,4.1025,4-5y,4-5y,4-5y,4-5y,4-5y,4-5y,RETRIEVABLE,RETRIEVABLE,RETRIEVABLE,RETRIEVABLE,RETRIEVABLE,RETRIEVABLE
7117222982958714154,A2,W-other-ns,2022-07-06T11:40:08Z,4.0985,4-5y,4-5y,4-5y,4-5y,4-5y,4-5y,RETRIEVABLE,RETRIEVABLE,RETRIEVABLE,RETRIEVABLE,RETRIEVABLE,RETRIEVABLE
7118943520664227118,A2,W-other-ns,2022-07-11T02:56:42Z,4.0858,4-5y,4-5y,4-5y,4-5y,4-5y,4-5y,RETRIEVABLE,RETRIEVABLE,RETRIEVABLE,RETRIEVABLE,RETRIEVABLE,RETRIEVABLE
7119381309075557634,A2,W-other-ns,2022-07-12T07:15:32Z,4.0826,4-5y,4-5y,4-5y,4-5y,4-5y,4-5y,RETRIEVABLE,RETRIEVABLE,RETRIEVABLE,RETRIEVABLE,RETRIEVABLE,RETRIEVABLE
7119440491212524805,A2,W-other-ns,2022-07-12T11:05:12Z,4.0822,4-5y,4-5y,4-5y,4-5y,4-5y,4-5y,NOT-RETRIEVABLE,NOT-RETRIEVABLE,NOT-RETRIEVABLE,NOT-RETRIEVABLE,NOT-RETRIEVABLE,NOT-RETRIEVABLE
7119487537294380289,A2,W-other-ns,2022-07-12T14:07:45Z,4.0818,4-5y,4-5y,4-5y,4-5y,4-5y,4-5y,RETRIEVABLE,RETRIEVABLE,RETRIEVABLE,RETRIEVABLE,RETRIEVABLE,RETRIEVABLE
7119597782301773062,A2,W-other-ns,2022-07-12T21:15:34Z,4.0810,4-5y,4-5y,4-5y,4-5y,4-5y,4-5y,RETRIEVABLE,RETRIEVABLE,RETRIEVABLE,RETRIEVABLE,RETRIEVABLE,RETRIEVABLE
7119605664485248302,A2,W-other-ns,2022-07-12T21:46:09Z,4.0810,4-5y,4-5y,4-5y,4-5y,4-5y,4-5y,NOT-RETRIEVABLE,NOT-RETRIEVABLE,NOT-RETRIEVABLE,NOT-RETRIEVABLE,NOT-RETRIEVABLE,NOT-RETRIEVABLE
7119697417804532997,A2,W-other-ns,2022-07-13T03:42:12Z,4.0803,4-5y,4-5y,4-5y,4-5y,4-5y,4-5y,RETRIEVABLE,INDETERMINATE,RETRIEVABLE,RETRIEVABLE,RETRIEVABLE,RETRIEVABLE
7119869118450240774,A2,W-other-ns,2022-07-13T14:48:29Z,4.0790,4-5y,4-5y,4-5y,4-5y,4-5y,4-5y,RETRIEVABLE,RETRIEVABLE,RETRIEVABLE,RETRIEVABLE,RETRIEVABLE,RETRIEVABLE
7120585094254857478,A2,W-other-ns,2022-07-15T13:06:50Z,4.0737,4-5y,4-5y,4-5y,4-5y,4-5y,4-5y,RETRIEVABLE,RETRIEVABLE,RETRIEVABLE,RETRIEVABLE,RETRIEVABLE,RETRIEVABLE
7122130392777248042,A2,W-other-ns,2022-07-19T17:03:23Z,4.0623,4-5y,4-5y,4-5y,4-5y,4-5y,4-5y,RETRIEVABLE,RETRIEVABLE,RETRIEVABLE,RETRIEVABLE,RETRIEVABLE,RETRIEVABLE
7123019100938423557,A2,W-other-ns,2022-07-22T02:32:02Z,4.0558,4-5y,4-5y,4-5y,4-5y,4-5y,4-5y,NOT-RETRIEVABLE,NOT-RETRIEVABLE,NOT-RETRIEVABLE,NOT-RETRIEVABLE,NOT-RETRIEVABLE,NOT-RETRIEVABLE
7124129138906008875,A2,W-other-ns,2022-07-25T02:19:32Z,4.0476,4-5y,4-5y,4-5y,4-5y,4-5y,4-5y,RETRIEVABLE,RETRIEVABLE,RETRIEVABLE,RETRIEVABLE,RETRIEVABLE,RETRIEVABLE
7125560544215485739,A2,W-other-ns,2022-07-28T22:54:07Z,4.0370,4-5y,4-5y,4-5y,4-5y,4-5y,4-5y,RETRIEVABLE,RETRIEVABLE,RETRIEVABLE,RETRIEVABLE,RETRIEVABLE,RETRIEVABLE
7126469579735354629,A2,W-other-ns,2022-07-31T09:41:39Z,4.0303,4-5y,4-5y,4-5y,4-5y,4-5y,4-5y,RETRIEVABLE,RETRIEVABLE,RETRIEVABLE,RETRIEVABLE,RETRIEVABLE,RETRIEVABLE
7127981800198130950,A2,W-other-ns,2022-08-04T11:29:50Z,4.0192,4-5y,4-5y,4-5y,4-5y,4-5y,4-5y,NOT-RETRIEVABLE,NOT-RETRIEVABLE,NOT-RETRIEVABLE,NOT-RETRIEVABLE,NOT-RETRIEVABLE,NOT-RETRIEVABLE
7128171130971491626,A2,W-other-ns,2022-08-04T23:44:32Z,4.0178,4-5y,4-5y,4-5y,4-5y,4-5y,4-5y,NOT-RETRIEVABLE,NOT-RETRIEVABLE,NOT-RETRIEVABLE,NOT-RETRIEVABLE,NOT-RETRIEVABLE,NOT-RETRIEVABLE
7130911870654991617,A2,W-other-ns,2022-08-12T09:00:00Z,3.9975,3-4y,3-4y,4-5y,4-5y,4-5y,4-5y,RETRIEVABLE,RETRIEVABLE,RETRIEVABLE,RETRIEVABLE,RETRIEVABLE,RETRIEVABLE
7133334403316600110,A2,W-other-ns,2022-08-18T21:40:40Z,3.9797,3-4y,3-4y,3-4y,3-4y,3-4y,3-4y,RETRIEVABLE,RETRIEVABLE,RETRIEVABLE,RETRIEVABLE,RETRIEVABLE,RETRIEVABLE
7133644411631848750,A2,W-other-ns,2022-08-19T17:43:39Z,3.9774,3-4y,3-4y,3-4y,3-4y,3-4y,3-4y,RETRIEVABLE,RETRIEVABLE,RETRIEVABLE,RETRIEVABLE,RETRIEVABLE,RETRIEVABLE
7134864852119457067,A2,W-other-ns,2022-08-23T00:39:35Z,3.9684,3-4y,3-4y,3-4y,3-4y,3-4y,3-4y,NOT-RETRIEVABLE,NOT-RETRIEVABLE,NOT-RETRIEVABLE,NOT-RETRIEVABLE,NOT-RETRIEVABLE,NOT-RETRIEVABLE
7135401801657879835,A2,W-other-ns,2022-08-24T11:23:14Z,3.9644,3-4y,3-4y,3-4y,3-4y,3-4y,3-4y,RETRIEVABLE,RETRIEVABLE,RETRIEVABLE,RETRIEVABLE,RETRIEVABLE,RETRIEVABLE
7135796709996662058,A2,W-other-ns,2022-08-25T12:55:40Z,3.9615,3-4y,3-4y,3-4y,3-4y,3-4y,3-4y,RETRIEVABLE,RETRIEVABLE,RETRIEVABLE,RETRIEVABLE,RETRIEVABLE,RETRIEVABLE
7135929831845317893,A2,W-other-ns,2022-08-25T21:32:15Z,3.9605,3-4y,3-4y,3-4y,3-4y,3-4y,3-4y,RETRIEVABLE,RETRIEVABLE,RETRIEVABLE,RETRIEVABLE,RETRIEVABLE,RETRIEVABLE
7137425755373456646,A2,W-other-ns,2022-08-29T22:17:12Z,3.9495,3-4y,3-4y,3-4y,3-4y,3-4y,3-4y,NOT-RETRIEVABLE,NOT-RETRIEVABLE,NOT-RETRIEVABLE,NOT-RETRIEVABLE,NOT-RETRIEVABLE,NOT-RETRIEVABLE
7137962667368582427,A2,W-other-ns,2022-08-31T09:00:42Z,3.9455,3-4y,3-4y,3-4y,3-4y,3-4y,3-4y,RETRIEVABLE,RETRIEVABLE,RETRIEVABLE,RETRIEVABLE,RETRIEVABLE,RETRIEVABLE
7140730200312106246,A2,W-other-ns,2022-09-07T20:00:08Z,3.9251,3-4y,3-4y,3-4y,3-4y,3-4y,3-4y,RETRIEVABLE,RETRIEVABLE,RETRIEVABLE,RETRIEVABLE,RETRIEVABLE,RETRIEVABLE
7141368346146196782,A2,W-other-ns,2022-09-09T13:16:28Z,3.9204,3-4y,3-4y,3-4y,3-4y,3-4y,3-4y,RETRIEVABLE,RETRIEVABLE,RETRIEVABLE,RETRIEVABLE,RETRIEVABLE,RETRIEVABLE
7142972741954719019,A2,W-other-ns,2022-09-13T21:02:21Z,3.9086,3-4y,3-4y,3-4y,3-4y,3-4y,3-4y,RETRIEVABLE,RETRIEVABLE,RETRIEVABLE,RETRIEVABLE,INDETERMINATE,RETRIEVABLE
7145226213429103914,A2,W-other-ns,2022-09-19T22:46:58Z,3.8919,3-4y,3-4y,3-4y,3-4y,3-4y,3-4y,RETRIEVABLE,RETRIEVABLE,RETRIEVABLE,RETRIEVABLE,RETRIEVABLE,RETRIEVABLE
7146968503428418821,A2,W-other-ns,2022-09-24T15:27:56Z,3.8791,3-4y,3-4y,3-4y,3-4y,3-4y,3-4y,RETRIEVABLE,RETRIEVABLE,RETRIEVABLE,RETRIEVABLE,RETRIEVABLE,RETRIEVABLE
7147014466557758725,A2,W-other-ns,2022-09-24T18:26:18Z,3.8787,3-4y,3-4y,3-4y,3-4y,3-4y,3-4y,RETRIEVABLE,RETRIEVABLE,RETRIEVABLE,RETRIEVABLE,RETRIEVABLE,RETRIEVABLE
7147307156654673178,A2,W-other-ns,2022-09-25T13:22:05Z,3.8766,3-4y,3-4y,3-4y,3-4y,3-4y,3-4y,RETRIEVABLE,RETRIEVABLE,RETRIEVABLE,RETRIEVABLE,INDETERMINATE,RETRIEVABLE
7147339001433754886,A2,W-other-ns,2022-09-25T15:25:40Z,3.8763,3-4y,3-4y,3-4y,3-4y,3-4y,3-4y,RETRIEVABLE,RETRIEVABLE,RETRIEVABLE,RETRIEVABLE,RETRIEVABLE,RETRIEVABLE
7150207643074841862,A2,W-other-ns,2022-10-03T08:57:27Z,3.8552,3-4y,3-4y,3-4y,3-4y,3-4y,3-4y,RETRIEVABLE,RETRIEVABLE,RETRIEVABLE,RETRIEVABLE,RETRIEVABLE,RETRIEVABLE
7150851070573481259,A2,W-other-ns,2022-10-05T02:34:17Z,3.8504,3-4y,3-4y,3-4y,3-4y,3-4y,3-4y,NOT-RETRIEVABLE,NOT-RETRIEVABLE,NOT-RETRIEVABLE,NOT-RETRIEVABLE,NOT-RETRIEVABLE,NOT-RETRIEVABLE
7154057453829623042,A2,W-other-ns,2022-10-13T17:56:41Z,3.8268,3-4y,3-4y,3-4y,3-4y,3-4y,3-4y,RETRIEVABLE,RETRIEVABLE,RETRIEVABLE,RETRIEVABLE,RETRIEVABLE,RETRIEVABLE
7157617251745582338,A2,W-other-ns,2022-10-23T08:10:31Z,3.8005,3-4y,3-4y,3-4y,3-4y,3-4y,3-4y,RETRIEVABLE,RETRIEVABLE,RETRIEVABLE,RETRIEVABLE,RETRIEVABLE,RETRIEVABLE
7158794188169940229,A2,W-other-ns,2022-10-26T12:17:38Z,3.7918,3-4y,3-4y,3-4y,3-4y,3-4y,3-4y,RETRIEVABLE,RETRIEVABLE,RETRIEVABLE,RETRIEVABLE,RETRIEVABLE,RETRIEVABLE
7159610228902907141,A2,W-other-ns,2022-10-28T17:04:17Z,3.7858,3-4y,3-4y,3-4y,3-4y,3-4y,3-4y,RETRIEVABLE,RETRIEVABLE,RETRIEVABLE,RETRIEVABLE,RETRIEVABLE,RETRIEVABLE
7162049858931543302,A2,W-other-ns,2022-11-04T06:51:18Z,3.7678,3-4y,3-4y,3-4y,3-4y,3-4y,3-4y,RETRIEVABLE,RETRIEVABLE,RETRIEVABLE,RETRIEVABLE,RETRIEVABLE,RETRIEVABLE
7165369000719813889,A2,W-other-ns,2022-11-13T05:31:16Z,3.7433,3-4y,3-4y,3-4y,3-4y,3-4y,3-4y,RETRIEVABLE,RETRIEVABLE,RETRIEVABLE,RETRIEVABLE,RETRIEVABLE,RETRIEVABLE
7166735600589081861,A2,W-other-ns,2022-11-16T21:54:22Z,3.7332,3-4y,3-4y,3-4y,3-4y,3-4y,3-4y,RETRIEVABLE,INDETERMINATE,RETRIEVABLE,RETRIEVABLE,RETRIEVABLE,RETRIEVABLE
7167040472098163973,A2,W-other-ns,2022-11-17T17:37:26Z,3.7310,3-4y,3-4y,3-4y,3-4y,3-4y,3-4y,NOT-RETRIEVABLE,NOT-RETRIEVABLE,NOT-RETRIEVABLE,NOT-RETRIEVABLE,NOT-RETRIEVABLE,NOT-RETRIEVABLE
7170403097301257518,A2,W-other-ns,2022-11-26T19:06:08Z,3.7062,3-4y,3-4y,3-4y,3-4y,3-4y,3-4y,NOT-RETRIEVABLE,NOT-RETRIEVABLE,NOT-RETRIEVABLE,NOT-RETRIEVABLE,NOT-RETRIEVABLE,NOT-RETRIEVABLE
7173252230336744710,A2,W-other-ns,2022-12-04T11:22:13Z,3.6852,3-4y,3-4y,3-4y,3-4y,3-4y,3-4y,RETRIEVABLE,RETRIEVABLE,RETRIEVABLE,RETRIEVABLE,RETRIEVABLE,RETRIEVABLE
7174126892969184555,A2,W-other-ns,2022-12-06T19:56:22Z,3.6787,3-4y,3-4y,3-4y,3-4y,3-4y,3-4y,RETRIEVABLE,RETRIEVABLE,RETRIEVABLE,RETRIEVABLE,RETRIEVABLE,RETRIEVABLE
7175715839507713285,A2,W-other-ns,2022-12-11T02:42:17Z,3.6670,3-4y,3-4y,3-4y,3-4y,3-4y,3-4y,RETRIEVABLE,RETRIEVABLE,RETRIEVABLE,RETRIEVABLE,RETRIEVABLE,RETRIEVABLE
7176236529096953090,A2,W-other-ns,2022-12-12T12:22:50Z,3.6631,3-4y,3-4y,3-4y,3-4y,3-4y,3-4y,RETRIEVABLE,RETRIEVABLE,RETRIEVABLE,RETRIEVABLE,RETRIEVABLE,RETRIEVABLE
7177139713986333995,A2,W-other-ns,2022-12-14T22:47:39Z,3.6565,3-4y,3-4y,3-4y,3-4y,3-4y,3-4y,NOT-RETRIEVABLE,NOT-RETRIEVABLE,NOT-RETRIEVABLE,NOT-RETRIEVABLE,NOT-RETRIEVABLE,NOT-RETRIEVABLE
7177805161581055278,A2,W-other-ns,2022-12-16T17:49:55Z,3.6516,3-4y,3-4y,3-4y,3-4y,3-4y,3-4y,RETRIEVABLE,RETRIEVABLE,RETRIEVABLE,RETRIEVABLE,RETRIEVABLE,RETRIEVABLE
7178411186415766789,A2,W-other-ns,2022-12-18T09:01:36Z,3.6471,3-4y,3-4y,3-4y,3-4y,3-4y,3-4y,RETRIEVABLE,RETRIEVABLE,RETRIEVABLE,RETRIEVABLE,RETRIEVABLE,RETRIEVABLE
7179443337726938411,A2,W-other-ns,2022-12-21T03:46:53Z,3.6395,3-4y,3-4y,3-4y,3-4y,3-4y,3-4y,RETRIEVABLE,RETRIEVABLE,RETRIEVABLE,RETRIEVABLE,RETRIEVABLE,RETRIEVABLE
7180358179656568069,A2,W-other-ns,2022-12-23T14:56:56Z,3.6327,3-4y,3-4y,3-4y,3-4y,3-4y,3-4y,RETRIEVABLE,RETRIEVABLE,RETRIEVABLE,RETRIEVABLE,RETRIEVABLE,RETRIEVABLE
7182153015669869825,A2,W-other-ns,2022-12-28T11:01:49Z,3.6195,3-4y,3-4y,3-4y,3-4y,3-4y,3-4y,RETRIEVABLE,RETRIEVABLE,RETRIEVABLE,RETRIEVABLE,RETRIEVABLE,RETRIEVABLE
7183657367467330822,A2,W-other-ns,2023-01-01T12:19:28Z,3.6084,3-4y,3-4y,3-4y,3-4y,3-4y,3-4y,RETRIEVABLE,RETRIEVABLE,RETRIEVABLE,RETRIEVABLE,RETRIEVABLE,RETRIEVABLE
7184695094488878338,A2,W-other-ns,2023-01-04T07:26:23Z,3.6007,3-4y,3-4y,3-4y,3-4y,3-4y,3-4y,RETRIEVABLE,RETRIEVABLE,RETRIEVABLE,RETRIEVABLE,RETRIEVABLE,RETRIEVABLE
7184814401961069826,A2,W-other-ns,2023-01-04T15:09:21Z,3.5998,3-4y,3-4y,3-4y,3-4y,3-4y,3-4y,RETRIEVABLE,RETRIEVABLE,RETRIEVABLE,RETRIEVABLE,RETRIEVABLE,RETRIEVABLE
7185239799916203306,A2,W-other-ns,2023-01-05T18:40:07Z,3.5967,3-4y,3-4y,3-4y,3-4y,3-4y,3-4y,NOT-RETRIEVABLE,NOT-RETRIEVABLE,NOT-RETRIEVABLE,NOT-RETRIEVABLE,NOT-RETRIEVABLE,NOT-RETRIEVABLE
7186164859233504554,A2,W-other-ns,2023-01-08T06:29:49Z,3.5899,3-4y,3-4y,3-4y,3-4y,3-4y,3-4y,NOT-RETRIEVABLE,NOT-RETRIEVABLE,NOT-RETRIEVABLE,NOT-RETRIEVABLE,NOT-RETRIEVABLE,NOT-RETRIEVABLE
7187954391536864558,A2,W-other-ns,2023-01-13T02:14:07Z,3.5767,3-4y,3-4y,3-4y,3-4y,3-4y,3-4y,RETRIEVABLE,RETRIEVABLE,RETRIEVABLE,RETRIEVABLE,RETRIEVABLE,RETRIEVABLE
7189598908782284038,A2,W-other-ns,2023-01-17T12:35:41Z,3.5645,3-4y,3-4y,3-4y,3-4y,3-4y,3-4y,RETRIEVABLE,RETRIEVABLE,RETRIEVABLE,RETRIEVABLE,RETRIEVABLE,RETRIEVABLE
7189681811180571909,A2,W-other-ns,2023-01-17T17:57:23Z,3.5639,3-4y,3-4y,3-4y,3-4y,3-4y,3-4y,RETRIEVABLE,RETRIEVABLE,RETRIEVABLE,RETRIEVABLE,RETRIEVABLE,RETRIEVABLE
7190499674393038126,A2,W-other-ns,2023-01-19T22:51:07Z,3.5579,3-4y,3-4y,3-4y,3-4y,3-4y,3-4y,RETRIEVABLE,RETRIEVABLE,RETRIEVABLE,RETRIEVABLE,RETRIEVABLE,RETRIEVABLE
7191601159038160133,A2,W-other-ns,2023-01-22T22:05:26Z,3.5498,3-4y,3-4y,3-4y,3-4y,3-4y,3-4y,RETRIEVABLE,RETRIEVABLE,RETRIEVABLE,RETRIEVABLE,RETRIEVABLE,RETRIEVABLE
7192812423693307141,A2,W-other-ns,2023-01-26T04:25:46Z,3.5408,3-4y,3-4y,3-4y,3-4y,3-4y,3-4y,NOT-RETRIEVABLE,NOT-RETRIEVABLE,NOT-RETRIEVABLE,NOT-RETRIEVABLE,NOT-RETRIEVABLE,NOT-RETRIEVABLE
7193091249279077675,A2,W-other-ns,2023-01-26T22:27:45Z,3.5388,3-4y,3-4y,3-4y,3-4y,3-4y,3-4y,RETRIEVABLE,RETRIEVABLE,RETRIEVABLE,RETRIEVABLE,RETRIEVABLE,RETRIEVABLE
7194642887185927467,A2,W-other-ns,2023-01-31T02:48:54Z,3.5273,3-4y,3-4y,3-4y,3-4y,3-4y,3-4y,RETRIEVABLE,RETRIEVABLE,RETRIEVABLE,RETRIEVABLE,RETRIEVABLE,RETRIEVABLE
7195013187702557998,A2,W-other-ns,2023-02-01T02:45:51Z,3.5246,3-4y,3-4y,3-4y,3-4y,3-4y,3-4y,RETRIEVABLE,RETRIEVABLE,RETRIEVABLE,RETRIEVABLE,RETRIEVABLE,RETRIEVABLE
7195429982716398891,A2,W-other-ns,2023-02-02T05:43:14Z,3.5215,3-4y,3-4y,3-4y,3-4y,3-4y,3-4y,RETRIEVABLE,RETRIEVABLE,RETRIEVABLE,RETRIEVABLE,RETRIEVABLE,RETRIEVABLE
7196030779711917318,A2,W-other-ns,2023-02-03T20:34:38Z,3.5171,3-4y,3-4y,3-4y,3-4y,3-4y,3-4y,RETRIEVABLE,RETRIEVABLE,RETRIEVABLE,RETRIEVABLE,RETRIEVABLE,RETRIEVABLE
7196750999795649797,A2,W-other-ns,2023-02-05T19:09:27Z,3.5118,3-4y,3-4y,3-4y,3-4y,3-4y,3-4y,RETRIEVABLE,RETRIEVABLE,RETRIEVABLE,RETRIEVABLE,RETRIEVABLE,RETRIEVABLE
7197427851803626794,A2,W-other-ns,2023-02-07T14:55:59Z,3.5068,3-4y,3-4y,3-4y,3-4y,3-4y,3-4y,RETRIEVABLE,RETRIEVABLE,RETRIEVABLE,RETRIEVABLE,RETRIEVABLE,RETRIEVABLE
7200906003162877226,A2,W-other-ns,2023-02-16T23:52:59Z,3.4811,3-4y,3-4y,3-4y,3-4y,3-4y,3-4y,RETRIEVABLE,RETRIEVABLE,RETRIEVABLE,RETRIEVABLE,RETRIEVABLE,RETRIEVABLE
7202893655596715270,A2,W-other-ns,2023-02-22T08:26:06Z,3.4665,3-4y,3-4y,3-4y,3-4y,3-4y,3-4y,NOT-RETRIEVABLE,NOT-RETRIEVABLE,NOT-RETRIEVABLE,NOT-RETRIEVABLE,NOT-RETRIEVABLE,NOT-RETRIEVABLE
7203726695071894790,A2,W-other-ns,2023-02-24T14:18:43Z,3.4603,3-4y,3-4y,3-4y,3-4y,3-4y,3-4y,RETRIEVABLE,RETRIEVABLE,RETRIEVABLE,RETRIEVABLE,RETRIEVABLE,RETRIEVABLE
7206027254449622277,A2,W-other-ns,2023-03-02T19:06:03Z,3.4433,3-4y,3-4y,3-4y,3-4y,3-4y,3-4y,NOT-RETRIEVABLE,NOT-RETRIEVABLE,NOT-RETRIEVABLE,NOT-RETRIEVABLE,NOT-RETRIEVABLE,NOT-RETRIEVABLE
7206080230451055878,A2,W-other-ns,2023-03-02T22:31:38Z,3.4429,3-4y,3-4y,3-4y,3-4y,3-4y,3-4y,RETRIEVABLE,RETRIEVABLE,RETRIEVABLE,RETRIEVABLE,RETRIEVABLE,RETRIEVABLE
7211345112553606443,A2,W-other-ns,2023-03-17T03:02:04Z,3.4041,3-4y,3-4y,3-4y,3-4y,3-4y,3-4y,RETRIEVABLE,RETRIEVABLE,RETRIEVABLE,RETRIEVABLE,RETRIEVABLE,RETRIEVABLE
7212324676926835973,A2,W-other-ns,2023-03-19T18:23:16Z,3.3969,3-4y,3-4y,3-4y,3-4y,3-4y,3-4y,RETRIEVABLE,RETRIEVABLE,RETRIEVABLE,RETRIEVABLE,RETRIEVABLE,RETRIEVABLE
7212691587749448986,A2,W-other-ns,2023-03-20T18:07:04Z,3.3942,3-4y,3-4y,3-4y,3-4y,3-4y,3-4y,RETRIEVABLE,RETRIEVABLE,RETRIEVABLE,RETRIEVABLE,RETRIEVABLE,RETRIEVABLE
7213035514784451846,A2,W-other-ns,2023-03-21T16:21:41Z,3.3916,3-4y,3-4y,3-4y,3-4y,3-4y,3-4y,RETRIEVABLE,RETRIEVABLE,RETRIEVABLE,RETRIEVABLE,RETRIEVABLE,RETRIEVABLE
7214190977009880363,A2,W-other-ns,2023-03-24T19:05:28Z,3.3831,3-4y,3-4y,3-4y,3-4y,3-4y,3-4y,RETRIEVABLE,RETRIEVABLE,RETRIEVABLE,RETRIEVABLE,INDETERMINATE,RETRIEVABLE
7214956355860401454,A2,W-other-ns,2023-03-26T20:35:32Z,3.3775,3-4y,3-4y,3-4y,3-4y,3-4y,3-4y,NOT-RETRIEVABLE,NOT-RETRIEVABLE,NOT-RETRIEVABLE,NOT-RETRIEVABLE,NOT-RETRIEVABLE,NOT-RETRIEVABLE
7215279650686258437,A2,W-other-ns,2023-03-27T17:30:05Z,3.3751,3-4y,3-4y,3-4y,3-4y,3-4y,3-4y,RETRIEVABLE,RETRIEVABLE,RETRIEVABLE,RETRIEVABLE,RETRIEVABLE,RETRIEVABLE
7216186533907401986,A2,W-other-ns,2023-03-30T04:09:15Z,3.3684,3-4y,3-4y,3-4y,3-4y,3-4y,3-4y,RETRIEVABLE,RETRIEVABLE,RETRIEVABLE,RETRIEVABLE,RETRIEVABLE,RETRIEVABLE
7217344048917384454,A2,W-other-ns,2023-04-02T07:01:00Z,3.3598,3-4y,3-4y,3-4y,3-4y,3-4y,3-4y,NOT-RETRIEVABLE,NOT-RETRIEVABLE,NOT-RETRIEVABLE,NOT-RETRIEVABLE,NOT-RETRIEVABLE,NOT-RETRIEVABLE
7218250269069544709,A2,W-other-ns,2023-04-04T17:37:36Z,3.3532,3-4y,3-4y,3-4y,3-4y,3-4y,3-4y,RETRIEVABLE,RETRIEVABLE,RETRIEVABLE,RETRIEVABLE,RETRIEVABLE,RETRIEVABLE
7218256983525248298,A2,W-other-ns,2023-04-04T18:03:39Z,3.3531,3-4y,3-4y,3-4y,3-4y,3-4y,3-4y,RETRIEVABLE,RETRIEVABLE,RETRIEVABLE,RETRIEVABLE,RETRIEVABLE,RETRIEVABLE
7221557512334478638,A2,W-other-ns,2023-04-13T15:31:23Z,3.3288,3-4y,3-4y,3-4y,3-4y,3-4y,3-4y,RETRIEVABLE,RETRIEVABLE,RETRIEVABLE,RETRIEVABLE,RETRIEVABLE,RETRIEVABLE
7221955498466250030,A2,W-other-ns,2023-04-14T17:15:47Z,3.3258,3-4y,3-4y,3-4y,3-4y,3-4y,3-4y,RETRIEVABLE,RETRIEVABLE,RETRIEVABLE,RETRIEVABLE,RETRIEVABLE,RETRIEVABLE
7222078260459375914,A2,W-other-ns,2023-04-15T01:12:09Z,3.3249,3-4y,3-4y,3-4y,3-4y,3-4y,3-4y,RETRIEVABLE,RETRIEVABLE,RETRIEVABLE,RETRIEVABLE,RETRIEVABLE,RETRIEVABLE
7222377670930124078,A2,W-other-ns,2023-04-15T20:34:01Z,3.3227,3-4y,3-4y,3-4y,3-4y,3-4y,3-4y,RETRIEVABLE,RETRIEVABLE,RETRIEVABLE,RETRIEVABLE,RETRIEVABLE,RETRIEVABLE
7224156139078831387,A2,W-other-ns,2023-04-20T15:35:23Z,3.3096,3-4y,3-4y,3-4y,3-4y,3-4y,3-4y,RETRIEVABLE,RETRIEVABLE,RETRIEVABLE,RETRIEVABLE,RETRIEVABLE,RETRIEVABLE
7225320858993118491,A2,W-other-ns,2023-04-23T18:55:06Z,3.3010,3-4y,3-4y,3-4y,3-4y,3-4y,3-4y,RETRIEVABLE,RETRIEVABLE,RETRIEVABLE,RETRIEVABLE,RETRIEVABLE,RETRIEVABLE
7227671947134504238,A2,W-other-ns,2023-04-30T02:58:31Z,3.2836,3-4y,3-4y,3-4y,3-4y,3-4y,3-4y,RETRIEVABLE,RETRIEVABLE,RETRIEVABLE,RETRIEVABLE,RETRIEVABLE,RETRIEVABLE
7228587634392681754,A2,W-other-ns,2023-05-02T14:11:51Z,3.2769,3-4y,3-4y,3-4y,3-4y,3-4y,3-4y,RETRIEVABLE,RETRIEVABLE,RETRIEVABLE,RETRIEVABLE,RETRIEVABLE,RETRIEVABLE
7229420520591101227,A2,W-other-ns,2023-05-04T20:03:53Z,3.2707,3-4y,3-4y,3-4y,3-4y,3-4y,3-4y,RETRIEVABLE,RETRIEVABLE,RETRIEVABLE,RETRIEVABLE,RETRIEVABLE,RETRIEVABLE
7229442785680674091,A2,W-other-ns,2023-05-04T21:30:17Z,3.2706,3-4y,3-4y,3-4y,3-4y,3-4y,3-4y,NOT-RETRIEVABLE,NOT-RETRIEVABLE,NOT-RETRIEVABLE,NOT-RETRIEVABLE,NOT-RETRIEVABLE,NOT-RETRIEVABLE
7230405497449352474,A2,W-other-ns,2023-05-07T11:46:05Z,3.2635,3-4y,3-4y,3-4y,3-4y,3-4y,3-4y,RETRIEVABLE,RETRIEVABLE,RETRIEVABLE,RETRIEVABLE,RETRIEVABLE,RETRIEVABLE
7231566702343998762,A2,W-other-ns,2023-05-10T14:52:09Z,3.2549,3-4y,3-4y,3-4y,3-4y,3-4y,3-4y,RETRIEVABLE,RETRIEVABLE,RETRIEVABLE,RETRIEVABLE,RETRIEVABLE,RETRIEVABLE
7233219714787347738,A2,W-other-ns,2023-05-15T01:46:41Z,3.2427,3-4y,3-4y,3-4y,3-4y,3-4y,3-4y,RETRIEVABLE,RETRIEVABLE,RETRIEVABLE,RETRIEVABLE,RETRIEVABLE,RETRIEVABLE
7233452151463333146,A2,W-other-ns,2023-05-15T16:48:40Z,3.2410,3-4y,3-4y,3-4y,3-4y,3-4y,3-4y,RETRIEVABLE,RETRIEVABLE,RETRIEVABLE,RETRIEVABLE,RETRIEVABLE,RETRIEVABLE
7234657430922136858,A2,W-other-ns,2023-05-18T22:45:46Z,3.2321,3-4y,3-4y,3-4y,3-4y,3-4y,3-4y,NOT-RETRIEVABLE,NOT-RETRIEVABLE,NOT-RETRIEVABLE,NOT-RETRIEVABLE,NOT-RETRIEVABLE,NOT-RETRIEVABLE
7235308737047645445,A2,W-other-ns,2023-05-20T16:53:10Z,3.2273,3-4y,3-4y,3-4y,3-4y,3-4y,3-4y,RETRIEVABLE,RETRIEVABLE,RETRIEVABLE,RETRIEVABLE,RETRIEVABLE,RETRIEVABLE
7236425220897230123,A2,W-other-ns,2023-05-23T17:05:41Z,3.2191,3-4y,3-4y,3-4y,3-4y,3-4y,3-4y,NOT-RETRIEVABLE,NOT-RETRIEVABLE,NOT-RETRIEVABLE,NOT-RETRIEVABLE,NOT-RETRIEVABLE,NOT-RETRIEVABLE
7236431631521680646,A2,W-other-ns,2023-05-23T17:30:34Z,3.2190,3-4y,3-4y,3-4y,3-4y,3-4y,3-4y,NOT-RETRIEVABLE,NOT-RETRIEVABLE,NOT-RETRIEVABLE,NOT-RETRIEVABLE,NOT-RETRIEVABLE,NOT-RETRIEVABLE
7236802458314575150,A2,W-other-ns,2023-05-24T17:29:34Z,3.2163,3-4y,3-4y,3-4y,3-4y,3-4y,3-4y,RETRIEVABLE,RETRIEVABLE,RETRIEVABLE,RETRIEVABLE,RETRIEVABLE,RETRIEVABLE
7236803508211649838,A2,W-other-ns,2023-05-24T17:33:38Z,3.2163,3-4y,3-4y,3-4y,3-4y,3-4y,3-4y,RETRIEVABLE,RETRIEVABLE,RETRIEVABLE,RETRIEVABLE,RETRIEVABLE,RETRIEVABLE
7236805157802036506,A2,W-other-ns,2023-05-24T17:40:02Z,3.2163,3-4y,3-4y,3-4y,3-4y,3-4y,3-4y,RETRIEVABLE,RETRIEVABLE,RETRIEVABLE,RETRIEVABLE,RETRIEVABLE,RETRIEVABLE
7236984231627361542,A2,W-other-ns,2023-05-25T05:14:56Z,3.2149,3-4y,3-4y,3-4y,3-4y,3-4y,3-4y,RETRIEVABLE,RETRIEVABLE,RETRIEVABLE,RETRIEVABLE,RETRIEVABLE,RETRIEVABLE
7237151800221044011,A2,W-other-ns,2023-05-25T16:05:11Z,3.2137,3-4y,3-4y,3-4y,3-4y,3-4y,3-4y,RETRIEVABLE,RETRIEVABLE,RETRIEVABLE,RETRIEVABLE,RETRIEVABLE,RETRIEVABLE
7239035478807153946,A2,W-other-ns,2023-05-30T17:54:49Z,3.1998,3-4y,3-4y,3-4y,3-4y,3-4y,3-4y,NOT-RETRIEVABLE,NOT-RETRIEVABLE,NOT-RETRIEVABLE,NOT-RETRIEVABLE,NOT-RETRIEVABLE,NOT-RETRIEVABLE
7240872983026240794,A2,W-other-ns,2023-06-04T16:45:17Z,3.1862,3-4y,3-4y,3-4y,3-4y,3-4y,3-4y,RETRIEVABLE,RETRIEVABLE,RETRIEVABLE,RETRIEVABLE,RETRIEVABLE,RETRIEVABLE
7241842310705696006,A2,W-other-ns,2023-06-07T07:26:46Z,3.1791,3-4y,3-4y,3-4y,3-4y,3-4y,3-4y,NOT-RETRIEVABLE,INDETERMINATE,NOT-RETRIEVABLE,NOT-RETRIEVABLE,NOT-RETRIEVABLE,NOT-RETRIEVABLE
7243462986575138091,A2,W-other-ns,2023-06-11T16:15:49Z,3.1671,3-4y,3-4y,3-4y,3-4y,3-4y,3-4y,RETRIEVABLE,RETRIEVABLE,RETRIEVABLE,RETRIEVABLE,RETRIEVABLE,RETRIEVABLE
7246881669439835438,A2,W-other-ns,2023-06-20T21:22:03Z,3.1419,3-4y,3-4y,3-4y,3-4y,3-4y,3-4y,RETRIEVABLE,RETRIEVABLE,RETRIEVABLE,RETRIEVABLE,RETRIEVABLE,RETRIEVABLE
7247532881277422874,A2,W-other-ns,2023-06-22T15:29:05Z,3.1371,3-4y,3-4y,3-4y,3-4y,3-4y,3-4y,RETRIEVABLE,RETRIEVABLE,RETRIEVABLE,RETRIEVABLE,RETRIEVABLE,RETRIEVABLE
7247619325048130862,A2,W-other-ns,2023-06-22T21:04:32Z,3.1365,3-4y,3-4y,3-4y,3-4y,3-4y,3-4y,RETRIEVABLE,RETRIEVABLE,RETRIEVABLE,RETRIEVABLE,RETRIEVABLE,RETRIEVABLE
7248763909920836869,A2,W-other-ns,2023-06-25T23:06:06Z,3.1280,3-4y,3-4y,3-4y,3-4y,3-4y,3-4y,RETRIEVABLE,RETRIEVABLE,RETRIEVABLE,RETRIEVABLE,INDETERMINATE,RETRIEVABLE
7249498558024469803,A2,W-other-ns,2023-06-27T22:36:55Z,3.1226,3-4y,3-4y,3-4y,3-4y,3-4y,3-4y,RETRIEVABLE,RETRIEVABLE,RETRIEVABLE,RETRIEVABLE,RETRIEVABLE,RETRIEVABLE
7249864524684102954,A2,W-other-ns,2023-06-28T22:17:03Z,3.1199,3-4y,3-4y,3-4y,3-4y,3-4y,3-4y,RETRIEVABLE,RETRIEVABLE,RETRIEVABLE,RETRIEVABLE,RETRIEVABLE,RETRIEVABLE
7251218487123758344,A2,W-other-ns,2023-07-02T13:51:07Z,3.1099,3-4y,3-4y,3-4y,3-4y,3-4y,3-4y,RETRIEVABLE,RETRIEVABLE,RETRIEVABLE,RETRIEVABLE,RETRIEVABLE,RETRIEVABLE
7251279625832205595,A2,W-other-ns,2023-07-02T17:48:22Z,3.1095,3-4y,3-4y,3-4y,3-4y,3-4y,3-4y,RETRIEVABLE,RETRIEVABLE,RETRIEVABLE,RETRIEVABLE,RETRIEVABLE,RETRIEVABLE
7251284996944710917,A2,W-other-ns,2023-07-02T18:09:13Z,3.1094,3-4y,3-4y,3-4y,3-4y,3-4y,3-4y,RETRIEVABLE,RETRIEVABLE,RETRIEVABLE,RETRIEVABLE,RETRIEVABLE,RETRIEVABLE
7251392868714056966,A2,W-other-ns,2023-07-03T01:07:49Z,3.1086,3-4y,3-4y,3-4y,3-4y,3-4y,3-4y,RETRIEVABLE,RETRIEVABLE,RETRIEVABLE,RETRIEVABLE,RETRIEVABLE,RETRIEVABLE
7252331826671308040,A2,W-other-ns,2023-07-05T13:51:27Z,3.1017,3-4y,3-4y,3-4y,3-4y,3-4y,3-4y,RETRIEVABLE,RETRIEVABLE,RETRIEVABLE,RETRIEVABLE,RETRIEVABLE,RETRIEVABLE
7252666178391330075,A2,W-other-ns,2023-07-06T11:28:54Z,3.0992,3-4y,3-4y,3-4y,3-4y,3-4y,3-4y,NOT-RETRIEVABLE,NOT-RETRIEVABLE,NOT-RETRIEVABLE,NOT-RETRIEVABLE,NOT-RETRIEVABLE,NOT-RETRIEVABLE
7254189225652833541,A2,W-other-ns,2023-07-10T13:59:06Z,3.0880,3-4y,3-4y,3-4y,3-4y,3-4y,3-4y,RETRIEVABLE,RETRIEVABLE,RETRIEVABLE,RETRIEVABLE,RETRIEVABLE,RETRIEVABLE
7260541374045506842,A2,W-other-ns,2023-07-27T16:48:41Z,3.0411,3-4y,3-4y,3-4y,3-4y,3-4y,3-4y,RETRIEVABLE,RETRIEVABLE,RETRIEVABLE,RETRIEVABLE,RETRIEVABLE,RETRIEVABLE
7260916543805066501,A2,W-other-ns,2023-07-28T17:04:32Z,3.0384,3-4y,3-4y,3-4y,3-4y,3-4y,3-4y,RETRIEVABLE,RETRIEVABLE,RETRIEVABLE,RETRIEVABLE,RETRIEVABLE,RETRIEVABLE
7260989966698810651,A2,W-other-ns,2023-07-28T21:49:27Z,3.0378,3-4y,3-4y,3-4y,3-4y,3-4y,3-4y,RETRIEVABLE,RETRIEVABLE,RETRIEVABLE,RETRIEVABLE,RETRIEVABLE,RETRIEVABLE
7261391075846196522,A2,W-other-ns,2023-07-29T23:45:58Z,3.0349,3-4y,3-4y,3-4y,3-4y,3-4y,3-4y,NOT-RETRIEVABLE,NOT-RETRIEVABLE,NOT-RETRIEVABLE,NOT-RETRIEVABLE,NOT-RETRIEVABLE,NOT-RETRIEVABLE
7262014508930059525,A2,W-other-ns,2023-07-31T16:05:12Z,3.0303,3-4y,3-4y,3-4y,3-4y,3-4y,3-4y,RETRIEVABLE,RETRIEVABLE,RETRIEVABLE,RETRIEVABLE,RETRIEVABLE,RETRIEVABLE
7266230300030536992,A2,W-other-ns,2023-08-12T00:44:37Z,2.9992,2-3y,3-4y,3-4y,3-4y,3-4y,3-4y,RETRIEVABLE,RETRIEVABLE,RETRIEVABLE,RETRIEVABLE,RETRIEVABLE,RETRIEVABLE
7266499914014723370,A2,W-other-ns,2023-08-12T18:10:52Z,2.9972,2-3y,2-3y,3-4y,3-4y,3-4y,3-4y,NOT-RETRIEVABLE,NOT-RETRIEVABLE,NOT-RETRIEVABLE,RETRIEVABLE,RETRIEVABLE,RETRIEVABLE
7269808849123560710,A2,W-other-ns,2023-08-21T16:11:13Z,2.9728,2-3y,2-3y,2-3y,2-3y,2-3y,2-3y,NOT-RETRIEVABLE,NOT-RETRIEVABLE,NOT-RETRIEVABLE,NOT-RETRIEVABLE,NOT-RETRIEVABLE,NOT-RETRIEVABLE
7270220312233495841,A2,W-other-ns,2023-08-22T18:47:54Z,2.9697,2-3y,2-3y,2-3y,2-3y,2-3y,2-3y,RETRIEVABLE,RETRIEVABLE,RETRIEVABLE,RETRIEVABLE,RETRIEVABLE,RETRIEVABLE
7270480787395333382,A2,W-other-ns,2023-08-23T11:38:41Z,2.9678,2-3y,2-3y,2-3y,2-3y,2-3y,2-3y,RETRIEVABLE,RETRIEVABLE,RETRIEVABLE,RETRIEVABLE,RETRIEVABLE,RETRIEVABLE
7271558950770838789,A2,W-other-ns,2023-08-26T09:22:30Z,2.9598,2-3y,2-3y,2-3y,2-3y,2-3y,2-3y,NOT-RETRIEVABLE,NOT-RETRIEVABLE,NOT-RETRIEVABLE,NOT-RETRIEVABLE,NOT-RETRIEVABLE,NOT-RETRIEVABLE
7272287369368292650,A2,W-other-ns,2023-08-28T08:29:09Z,2.9545,2-3y,2-3y,2-3y,2-3y,2-3y,2-3y,RETRIEVABLE,RETRIEVABLE,RETRIEVABLE,RETRIEVABLE,RETRIEVABLE,RETRIEVABLE
7272378935516663072,A2,W-other-ns,2023-08-28T14:24:28Z,2.9538,2-3y,2-3y,2-3y,2-3y,2-3y,2-3y,RETRIEVABLE,RETRIEVABLE,RETRIEVABLE,RETRIEVABLE,RETRIEVABLE,RETRIEVABLE
7272646876808138016,A2,W-other-ns,2023-08-29T07:44:13Z,2.9518,2-3y,2-3y,2-3y,2-3y,2-3y,2-3y,RETRIEVABLE,RETRIEVABLE,RETRIEVABLE,RETRIEVABLE,RETRIEVABLE,RETRIEVABLE
7272741989718789419,A2,W-other-ns,2023-08-29T13:53:18Z,2.9511,2-3y,2-3y,2-3y,2-3y,2-3y,2-3y,RETRIEVABLE,RETRIEVABLE,RETRIEVABLE,RETRIEVABLE,RETRIEVABLE,RETRIEVABLE
7275002623873289477,A2,W-other-ns,2023-09-04T16:05:43Z,2.9344,2-3y,2-3y,2-3y,2-3y,2-3y,2-3y,RETRIEVABLE,RETRIEVABLE,INDETERMINATE,RETRIEVABLE,RETRIEVABLE,RETRIEVABLE
7275685330093690114,A2,W-other-ns,2023-09-06T12:14:58Z,2.9294,2-3y,2-3y,2-3y,2-3y,2-3y,2-3y,RETRIEVABLE,INDETERMINATE,RETRIEVABLE,RETRIEVABLE,RETRIEVABLE,RETRIEVABLE
7277383641397857579,A2,W-other-ns,2023-09-11T02:05:17Z,2.9169,2-3y,2-3y,2-3y,2-3y,2-3y,2-3y,RETRIEVABLE,RETRIEVABLE,RETRIEVABLE,RETRIEVABLE,RETRIEVABLE,RETRIEVABLE
7277590408882916610,A2,W-other-ns,2023-09-11T15:27:39Z,2.9153,2-3y,2-3y,2-3y,2-3y,2-3y,2-3y,RETRIEVABLE,RETRIEVABLE,RETRIEVABLE,RETRIEVABLE,RETRIEVABLE,RETRIEVABLE
7277956951001091334,A2,W-other-ns,2023-09-12T15:10:01Z,2.9126,2-3y,2-3y,2-3y,2-3y,2-3y,2-3y,RETRIEVABLE,RETRIEVABLE,RETRIEVABLE,RETRIEVABLE,RETRIEVABLE,RETRIEVABLE
7279716114899242282,A2,W-other-ns,2023-09-17T08:56:28Z,2.8997,2-3y,2-3y,2-3y,2-3y,2-3y,2-3y,RETRIEVABLE,RETRIEVABLE,RETRIEVABLE,RETRIEVABLE,RETRIEVABLE,RETRIEVABLE
7280640098494860575,A2,W-other-ns,2023-09-19T20:42:00Z,2.8928,2-3y,2-3y,2-3y,2-3y,2-3y,2-3y,RETRIEVABLE,RETRIEVABLE,RETRIEVABLE,RETRIEVABLE,RETRIEVABLE,RETRIEVABLE
7280771099019775237,A2,W-other-ns,2023-09-20T05:10:21Z,2.8919,2-3y,2-3y,2-3y,2-3y,2-3y,2-3y,RETRIEVABLE,RETRIEVABLE,RETRIEVABLE,RETRIEVABLE,RETRIEVABLE,RETRIEVABLE
7285809283025964318,A2,W-other-ns,2023-10-03T19:01:04Z,2.8547,2-3y,2-3y,2-3y,2-3y,2-3y,2-3y,RETRIEVABLE,RETRIEVABLE,RETRIEVABLE,RETRIEVABLE,RETRIEVABLE,RETRIEVABLE
7289559055469743391,A2,W-other-ns,2023-10-13T21:32:06Z,2.8270,2-3y,2-3y,2-3y,2-3y,2-3y,2-3y,RETRIEVABLE,RETRIEVABLE,RETRIEVABLE,RETRIEVABLE,RETRIEVABLE,RETRIEVABLE
7290558863458225413,A2,W-other-ns,2023-10-16T14:11:52Z,2.8197,2-3y,2-3y,2-3y,2-3y,2-3y,2-3y,NOT-RETRIEVABLE,NOT-RETRIEVABLE,NOT-RETRIEVABLE,NOT-RETRIEVABLE,NOT-RETRIEVABLE,NOT-RETRIEVABLE
7290805250410188078,A2,W-other-ns,2023-10-17T06:07:59Z,2.8178,2-3y,2-3y,2-3y,2-3y,2-3y,2-3y,NOT-RETRIEVABLE,NOT-RETRIEVABLE,NOT-RETRIEVABLE,NOT-RETRIEVABLE,NOT-RETRIEVABLE,NOT-RETRIEVABLE
7291893140997295393,A2,W-other-ns,2023-10-20T04:29:33Z,2.8098,2-3y,2-3y,2-3y,2-3y,2-3y,2-3y,RETRIEVABLE,RETRIEVABLE,RETRIEVABLE,RETRIEVABLE,RETRIEVABLE,RETRIEVABLE
7292898451996544298,A2,W-other-ns,2023-10-22T21:30:40Z,2.8024,2-3y,2-3y,2-3y,2-3y,2-3y,2-3y,NOT-RETRIEVABLE,NOT-RETRIEVABLE,NOT-RETRIEVABLE,NOT-RETRIEVABLE,NOT-RETRIEVABLE,NOT-RETRIEVABLE
7293010718939565313,A2,W-other-ns,2023-10-23T04:46:19Z,2.8016,2-3y,2-3y,2-3y,2-3y,2-3y,2-3y,RETRIEVABLE,RETRIEVABLE,RETRIEVABLE,RETRIEVABLE,RETRIEVABLE,RETRIEVABLE
7293630170026757422,A2,W-other-ns,2023-10-24T20:50:07Z,2.7970,2-3y,2-3y,2-3y,2-3y,2-3y,2-3y,NOT-RETRIEVABLE,NOT-RETRIEVABLE,NOT-RETRIEVABLE,NOT-RETRIEVABLE,NOT-RETRIEVABLE,NOT-RETRIEVABLE
7293663258211896622,A2,W-other-ns,2023-10-24T22:58:31Z,2.7968,2-3y,2-3y,2-3y,2-3y,2-3y,2-3y,RETRIEVABLE,RETRIEVABLE,RETRIEVABLE,RETRIEVABLE,RETRIEVABLE,RETRIEVABLE
7294161171442142506,A2,W-other-ns,2023-10-26T07:10:40Z,2.7931,2-3y,2-3y,2-3y,2-3y,2-3y,2-3y,RETRIEVABLE,RETRIEVABLE,RETRIEVABLE,RETRIEVABLE,RETRIEVABLE,RETRIEVABLE
7295452514583940394,A2,W-other-ns,2023-10-29T18:41:44Z,2.7836,2-3y,2-3y,2-3y,2-3y,2-3y,2-3y,NOT-RETRIEVABLE,NOT-RETRIEVABLE,NOT-RETRIEVABLE,NOT-RETRIEVABLE,NOT-RETRIEVABLE,NOT-RETRIEVABLE
7296158918869273887,A2,W-other-ns,2023-10-31T16:22:57Z,2.7784,2-3y,2-3y,2-3y,2-3y,2-3y,2-3y,RETRIEVABLE,RETRIEVABLE,RETRIEVABLE,RETRIEVABLE,RETRIEVABLE,RETRIEVABLE
7296556135975275806,A2,W-other-ns,2023-11-01T18:04:21Z,2.7754,2-3y,2-3y,2-3y,2-3y,2-3y,2-3y,RETRIEVABLE,RETRIEVABLE,RETRIEVABLE,RETRIEVABLE,RETRIEVABLE,RETRIEVABLE
7296820290863058208,A2,W-other-ns,2023-11-02T11:09:24Z,2.7735,2-3y,2-3y,2-3y,2-3y,2-3y,2-3y,RETRIEVABLE,RETRIEVABLE,RETRIEVABLE,RETRIEVABLE,RETRIEVABLE,RETRIEVABLE
7297010283418078496,A2,W-other-ns,2023-11-02T23:26:41Z,2.7721,2-3y,2-3y,2-3y,2-3y,2-3y,2-3y,NOT-RETRIEVABLE,NOT-RETRIEVABLE,NOT-RETRIEVABLE,NOT-RETRIEVABLE,NOT-RETRIEVABLE,NOT-RETRIEVABLE
7297593983260314910,A2,W-other-ns,2023-11-04T13:11:44Z,2.7678,2-3y,2-3y,2-3y,2-3y,2-3y,2-3y,RETRIEVABLE,RETRIEVABLE,RETRIEVABLE,RETRIEVABLE,RETRIEVABLE,RETRIEVABLE
7297718441924988192,A2,W-other-ns,2023-11-04T21:14:42Z,2.7668,2-3y,2-3y,2-3y,2-3y,2-3y,2-3y,NOT-RETRIEVABLE,NOT-RETRIEVABLE,NOT-RETRIEVABLE,NOT-RETRIEVABLE,NOT-RETRIEVABLE,NOT-RETRIEVABLE
7298408325266378016,A2,W-other-ns,2023-11-06T17:51:48Z,2.7618,2-3y,2-3y,2-3y,2-3y,2-3y,2-3y,NOT-RETRIEVABLE,NOT-RETRIEVABLE,NOT-RETRIEVABLE,NOT-RETRIEVABLE,NOT-RETRIEVABLE,NOT-RETRIEVABLE
7298710128411315489,A2,W-other-ns,2023-11-07T13:22:57Z,2.7595,2-3y,2-3y,2-3y,2-3y,2-3y,2-3y,RETRIEVABLE,RETRIEVABLE,RETRIEVABLE,RETRIEVABLE,RETRIEVABLE,RETRIEVABLE
7302053434834881794,A2,W-other-ns,2023-11-16T13:36:41Z,2.7349,2-3y,2-3y,2-3y,2-3y,2-3y,2-3y,RETRIEVABLE,RETRIEVABLE,RETRIEVABLE,RETRIEVABLE,RETRIEVABLE,RETRIEVABLE
7302932913660710186,A2,W-other-ns,2023-11-18T22:29:30Z,2.7284,2-3y,2-3y,2-3y,2-3y,2-3y,2-3y,RETRIEVABLE,RETRIEVABLE,RETRIEVABLE,RETRIEVABLE,RETRIEVABLE,RETRIEVABLE
7303130003309399298,A2,W-other-ns,2023-11-19T11:14:19Z,2.7269,2-3y,2-3y,2-3y,2-3y,2-3y,2-3y,RETRIEVABLE,RETRIEVABLE,RETRIEVABLE,RETRIEVABLE,RETRIEVABLE,RETRIEVABLE
7303190138190875950,A2,W-other-ns,2023-11-19T15:07:40Z,2.7265,2-3y,2-3y,2-3y,2-3y,2-3y,2-3y,RETRIEVABLE,RETRIEVABLE,RETRIEVABLE,RETRIEVABLE,RETRIEVABLE,RETRIEVABLE
7304631551810112800,A2,W-other-ns,2023-11-23T12:21:05Z,2.7158,2-3y,2-3y,2-3y,2-3y,2-3y,2-3y,RETRIEVABLE,RETRIEVABLE,RETRIEVABLE,RETRIEVABLE,RETRIEVABLE,RETRIEVABLE
7306695842772028677,A2,W-other-ns,2023-11-29T01:51:36Z,2.7006,2-3y,2-3y,2-3y,2-3y,2-3y,2-3y,RETRIEVABLE,RETRIEVABLE,RETRIEVABLE,RETRIEVABLE,RETRIEVABLE,RETRIEVABLE
7307719025293937952,A2,W-other-ns,2023-12-01T20:02:04Z,2.6931,2-3y,2-3y,2-3y,2-3y,2-3y,2-3y,RETRIEVABLE,RETRIEVABLE,RETRIEVABLE,RETRIEVABLE,RETRIEVABLE,RETRIEVABLE
7308338739204443397,A2,W-other-ns,2023-12-03T12:06:52Z,2.6885,2-3y,2-3y,2-3y,2-3y,2-3y,2-3y,NOT-RETRIEVABLE,NOT-RETRIEVABLE,NOT-RETRIEVABLE,NOT-RETRIEVABLE,NOT-RETRIEVABLE,NOT-RETRIEVABLE
7310104622448790790,A2,W-other-ns,2023-12-08T06:19:24Z,2.6755,2-3y,2-3y,2-3y,2-3y,2-3y,2-3y,RETRIEVABLE,RETRIEVABLE,RETRIEVABLE,RETRIEVABLE,RETRIEVABLE,RETRIEVABLE
7310227355820100870,A2,W-other-ns,2023-12-08T14:15:40Z,2.6746,2-3y,2-3y,2-3y,2-3y,2-3y,2-3y,RETRIEVABLE,RETRIEVABLE,RETRIEVABLE,RETRIEVABLE,RETRIEVABLE,RETRIEVABLE
7310570399639653637,A2,W-other-ns,2023-12-09T12:26:51Z,2.6720,2-3y,2-3y,2-3y,2-3y,2-3y,2-3y,RETRIEVABLE,RETRIEVABLE,RETRIEVABLE,RETRIEVABLE,RETRIEVABLE,RETRIEVABLE
7310570433227558150,A2,W-other-ns,2023-12-09T12:26:59Z,2.6720,2-3y,2-3y,2-3y,2-3y,2-3y,2-3y,RETRIEVABLE,INDETERMINATE,RETRIEVABLE,RETRIEVABLE,RETRIEVABLE,RETRIEVABLE
7310570535086279941,A2,W-other-ns,2023-12-09T12:27:23Z,2.6720,2-3y,2-3y,2-3y,2-3y,2-3y,2-3y,RETRIEVABLE,RETRIEVABLE,RETRIEVABLE,RETRIEVABLE,RETRIEVABLE,RETRIEVABLE
7310571236575268102,A2,W-other-ns,2023-12-09T12:30:06Z,2.6720,2-3y,2-3y,2-3y,2-3y,2-3y,2-3y,RETRIEVABLE,RETRIEVABLE,RETRIEVABLE,RETRIEVABLE,RETRIEVABLE,RETRIEVABLE
7310572314939116806,A2,W-other-ns,2023-12-09T12:34:17Z,2.6720,2-3y,2-3y,2-3y,2-3y,2-3y,2-3y,NOT-RETRIEVABLE,NOT-RETRIEVABLE,NOT-RETRIEVABLE,NOT-RETRIEVABLE,INDETERMINATE,NOT-RETRIEVABLE
7310934574756842757,A2,W-other-ns,2023-12-10T12:00:02Z,2.6693,2-3y,2-3y,2-3y,2-3y,2-3y,2-3y,RETRIEVABLE,RETRIEVABLE,RETRIEVABLE,RETRIEVABLE,RETRIEVABLE,RETRIEVABLE
7310934657942555910,A2,W-other-ns,2023-12-10T12:00:22Z,2.6693,2-3y,2-3y,2-3y,2-3y,2-3y,2-3y,RETRIEVABLE,RETRIEVABLE,RETRIEVABLE,RETRIEVABLE,RETRIEVABLE,RETRIEVABLE
7310952371629214982,A2,W-other-ns,2023-12-10T13:09:06Z,2.6692,2-3y,2-3y,2-3y,2-3y,2-3y,2-3y,NOT-RETRIEVABLE,NOT-RETRIEVABLE,NOT-RETRIEVABLE,NOT-RETRIEVABLE,NOT-RETRIEVABLE,NOT-RETRIEVABLE
7310975460651945221,A2,W-other-ns,2023-12-10T14:38:42Z,2.6690,2-3y,2-3y,2-3y,2-3y,2-3y,2-3y,NOT-RETRIEVABLE,NOT-RETRIEVABLE,NOT-RETRIEVABLE,NOT-RETRIEVABLE,NOT-RETRIEVABLE,NOT-RETRIEVABLE
7311005834576727301,A2,W-other-ns,2023-12-10T16:36:34Z,2.6688,2-3y,2-3y,2-3y,2-3y,2-3y,2-3y,RETRIEVABLE,RETRIEVABLE,RETRIEVABLE,RETRIEVABLE,RETRIEVABLE,RETRIEVABLE
7311009356957469958,A2,W-other-ns,2023-12-10T16:50:14Z,2.6688,2-3y,2-3y,2-3y,2-3y,2-3y,2-3y,RETRIEVABLE,RETRIEVABLE,RETRIEVABLE,RETRIEVABLE,RETRIEVABLE,RETRIEVABLE
7311326953473084678,A2,W-other-ns,2023-12-11T13:22:40Z,2.6664,2-3y,2-3y,2-3y,2-3y,2-3y,2-3y,RETRIEVABLE,RETRIEVABLE,RETRIEVABLE,RETRIEVABLE,RETRIEVABLE,RETRIEVABLE
7311328399283211525,A2,W-other-ns,2023-12-11T13:28:17Z,2.6664,2-3y,2-3y,2-3y,2-3y,2-3y,2-3y,RETRIEVABLE,RETRIEVABLE,RETRIEVABLE,RETRIEVABLE,RETRIEVABLE,RETRIEVABLE
7311329528729701637,A2,W-other-ns,2023-12-11T13:32:40Z,2.6664,2-3y,2-3y,2-3y,2-3y,2-3y,2-3y,NOT-RETRIEVABLE,NOT-RETRIEVABLE,NOT-RETRIEVABLE,NOT-RETRIEVABLE,NOT-RETRIEVABLE,NOT-RETRIEVABLE
7311329770409692422,A2,W-other-ns,2023-12-11T13:33:36Z,2.6664,2-3y,2-3y,2-3y,2-3y,2-3y,2-3y,RETRIEVABLE,RETRIEVABLE,RETRIEVABLE,RETRIEVABLE,RETRIEVABLE,RETRIEVABLE
7311330215093914885,A2,W-other-ns,2023-12-11T13:35:19Z,2.6664,2-3y,2-3y,2-3y,2-3y,2-3y,2-3y,RETRIEVABLE,RETRIEVABLE,RETRIEVABLE,RETRIEVABLE,RETRIEVABLE,RETRIEVABLE
7311338997970767110,A2,W-other-ns,2023-12-11T14:09:24Z,2.6664,2-3y,2-3y,2-3y,2-3y,2-3y,2-3y,NOT-RETRIEVABLE,NOT-RETRIEVABLE,NOT-RETRIEVABLE,NOT-RETRIEVABLE,NOT-RETRIEVABLE,NOT-RETRIEVABLE
7311348304183364869,A2,W-other-ns,2023-12-11T14:45:31Z,2.6663,2-3y,2-3y,2-3y,2-3y,2-3y,2-3y,RETRIEVABLE,RETRIEVABLE,RETRIEVABLE,RETRIEVABLE,RETRIEVABLE,RETRIEVABLE
7311361672130743557,A2,W-other-ns,2023-12-11T15:37:24Z,2.6662,2-3y,2-3y,2-3y,2-3y,2-3y,2-3y,RETRIEVABLE,RETRIEVABLE,RETRIEVABLE,RETRIEVABLE,RETRIEVABLE,RETRIEVABLE
7311368719807139077,A2,W-other-ns,2023-12-11T16:04:45Z,2.6661,2-3y,2-3y,2-3y,2-3y,2-3y,2-3y,RETRIEVABLE,RETRIEVABLE,RETRIEVABLE,RETRIEVABLE,RETRIEVABLE,RETRIEVABLE
7311570871850716422,A2,W-other-ns,2023-12-12T05:09:12Z,2.6646,2-3y,2-3y,2-3y,2-3y,2-3y,2-3y,RETRIEVABLE,RETRIEVABLE,RETRIEVABLE,RETRIEVABLE,RETRIEVABLE,RETRIEVABLE
7311588534798781702,A2,W-other-ns,2023-12-12T06:17:44Z,2.6645,2-3y,2-3y,2-3y,2-3y,2-3y,2-3y,RETRIEVABLE,RETRIEVABLE,RETRIEVABLE,RETRIEVABLE,RETRIEVABLE,RETRIEVABLE
7311673768005438726,A2,W-other-ns,2023-12-12T11:48:29Z,2.6639,2-3y,2-3y,2-3y,2-3y,2-3y,2-3y,RETRIEVABLE,RETRIEVABLE,RETRIEVABLE,RETRIEVABLE,RETRIEVABLE,RETRIEVABLE
7311680775252888838,A2,W-other-ns,2023-12-12T12:15:41Z,2.6638,2-3y,2-3y,2-3y,2-3y,2-3y,2-3y,RETRIEVABLE,RETRIEVABLE,RETRIEVABLE,RETRIEVABLE,RETRIEVABLE,RETRIEVABLE
7311681103713242373,A2,W-other-ns,2023-12-12T12:16:57Z,2.6638,2-3y,2-3y,2-3y,2-3y,2-3y,2-3y,RETRIEVABLE,RETRIEVABLE,RETRIEVABLE,RETRIEVABLE,RETRIEVABLE,RETRIEVABLE
7311684483147697414,A2,W-other-ns,2023-12-12T12:30:04Z,2.6638,2-3y,2-3y,2-3y,2-3y,2-3y,2-3y,RETRIEVABLE,RETRIEVABLE,RETRIEVABLE,RETRIEVABLE,RETRIEVABLE,RETRIEVABLE
7311687345206480134,A2,W-other-ns,2023-12-12T12:41:10Z,2.6638,2-3y,2-3y,2-3y,2-3y,2-3y,2-3y,RETRIEVABLE,RETRIEVABLE,RETRIEVABLE,RETRIEVABLE,RETRIEVABLE,RETRIEVABLE
7311699676456160517,A2,W-other-ns,2023-12-12T13:29:01Z,2.6637,2-3y,2-3y,2-3y,2-3y,2-3y,2-3y,RETRIEVABLE,RETRIEVABLE,RETRIEVABLE,RETRIEVABLE,RETRIEVABLE,RETRIEVABLE
7311715140812934405,A2,W-other-ns,2023-12-12T14:29:02Z,2.6636,2-3y,2-3y,2-3y,2-3y,2-3y,2-3y,RETRIEVABLE,RETRIEVABLE,RETRIEVABLE,RETRIEVABLE,RETRIEVABLE,RETRIEVABLE
7312026710587886853,A2,W-other-ns,2023-12-13T10:38:05Z,2.6613,2-3y,2-3y,2-3y,2-3y,2-3y,2-3y,NOT-RETRIEVABLE,NOT-RETRIEVABLE,NOT-RETRIEVABLE,NOT-RETRIEVABLE,NOT-RETRIEVABLE,NOT-RETRIEVABLE
7312057263131331846,A2,W-other-ns,2023-12-13T12:36:39Z,2.6611,2-3y,2-3y,2-3y,2-3y,2-3y,2-3y,RETRIEVABLE,RETRIEVABLE,RETRIEVABLE,RETRIEVABLE,RETRIEVABLE,RETRIEVABLE
7312061326333840646,A2,W-other-ns,2023-12-13T12:52:25Z,2.6610,2-3y,2-3y,2-3y,2-3y,2-3y,2-3y,RETRIEVABLE,RETRIEVABLE,RETRIEVABLE,RETRIEVABLE,RETRIEVABLE,RETRIEVABLE
7312143520704285957,A2,W-other-ns,2023-12-13T18:11:22Z,2.6604,2-3y,2-3y,2-3y,2-3y,2-3y,2-3y,RETRIEVABLE,RETRIEVABLE,RETRIEVABLE,RETRIEVABLE,RETRIEVABLE,RETRIEVABLE
7312357043225120005,A2,W-other-ns,2023-12-14T07:59:57Z,2.6588,2-3y,2-3y,2-3y,2-3y,2-3y,2-3y,RETRIEVABLE,RETRIEVABLE,RETRIEVABLE,RETRIEVABLE,RETRIEVABLE,RETRIEVABLE
7312419777190841606,A2,W-other-ns,2023-12-14T12:03:23Z,2.6584,2-3y,2-3y,2-3y,2-3y,2-3y,2-3y,RETRIEVABLE,RETRIEVABLE,RETRIEVABLE,RETRIEVABLE,RETRIEVABLE,RETRIEVABLE
7312427294176398597,A2,W-other-ns,2023-12-14T12:32:33Z,2.6583,2-3y,2-3y,2-3y,2-3y,2-3y,2-3y,NOT-RETRIEVABLE,NOT-RETRIEVABLE,NOT-RETRIEVABLE,NOT-RETRIEVABLE,NOT-RETRIEVABLE,NOT-RETRIEVABLE
7312458134763736325,A2,W-other-ns,2023-12-14T14:32:14Z,2.6581,2-3y,2-3y,2-3y,2-3y,2-3y,2-3y,RETRIEVABLE,RETRIEVABLE,RETRIEVABLE,RETRIEVABLE,RETRIEVABLE,RETRIEVABLE
7313007201117883690,A2,W-other-ns,2023-12-16T02:02:53Z,2.6540,2-3y,2-3y,2-3y,2-3y,2-3y,2-3y,RETRIEVABLE,RETRIEVABLE,RETRIEVABLE,RETRIEVABLE,RETRIEVABLE,RETRIEVABLE
7313467779158609157,A2,W-other-ns,2023-12-17T07:50:10Z,2.6506,2-3y,2-3y,2-3y,2-3y,2-3y,2-3y,RETRIEVABLE,RETRIEVABLE,RETRIEVABLE,RETRIEVABLE,RETRIEVABLE,RETRIEVABLE
7314111910838947115,A2,W-other-ns,2023-12-19T01:29:43Z,2.6459,2-3y,2-3y,2-3y,2-3y,2-3y,2-3y,RETRIEVABLE,RETRIEVABLE,RETRIEVABLE,RETRIEVABLE,RETRIEVABLE,RETRIEVABLE
7314805304695295264,A2,W-other-ns,2023-12-20T22:20:27Z,2.6408,2-3y,2-3y,2-3y,2-3y,2-3y,2-3y,RETRIEVABLE,RETRIEVABLE,RETRIEVABLE,RETRIEVABLE,RETRIEVABLE,RETRIEVABLE
7316460825613552904,A2,W-other-ns,2023-12-25T09:24:43Z,2.6286,2-3y,2-3y,2-3y,2-3y,2-3y,2-3y,RETRIEVABLE,RETRIEVABLE,RETRIEVABLE,RETRIEVABLE,RETRIEVABLE,RETRIEVABLE
7317313950880714017,A2,W-other-ns,2023-12-27T16:35:17Z,2.6223,2-3y,2-3y,2-3y,2-3y,2-3y,2-3y,NOT-RETRIEVABLE,NOT-RETRIEVABLE,NOT-RETRIEVABLE,NOT-RETRIEVABLE,NOT-RETRIEVABLE,NOT-RETRIEVABLE
7318444547636350251,A2,W-other-ns,2023-12-30T17:42:34Z,2.6139,2-3y,2-3y,2-3y,2-3y,2-3y,2-3y,RETRIEVABLE,RETRIEVABLE,RETRIEVABLE,RETRIEVABLE,RETRIEVABLE,INDETERMINATE
7318788287966088453,A2,W-other-ns,2023-12-31T15:56:27Z,2.6114,2-3y,2-3y,2-3y,2-3y,2-3y,2-3y,NOT-RETRIEVABLE,NOT-RETRIEVABLE,NOT-RETRIEVABLE,NOT-RETRIEVABLE,NOT-RETRIEVABLE,NOT-RETRIEVABLE
7322317036883856671,A2,W-other-ns,2024-01-10T04:09:48Z,2.5854,2-3y,2-3y,2-3y,2-3y,2-3y,2-3y,RETRIEVABLE,RETRIEVABLE,RETRIEVABLE,RETRIEVABLE,RETRIEVABLE,RETRIEVABLE
7322429525562838305,A2,W-other-ns,2024-01-10T11:26:19Z,2.5845,2-3y,2-3y,2-3y,2-3y,2-3y,2-3y,RETRIEVABLE,RETRIEVABLE,RETRIEVABLE,RETRIEVABLE,RETRIEVABLE,RETRIEVABLE
7323179333567220999,A2,W-other-ns,2024-01-12T11:55:57Z,2.5790,2-3y,2-3y,2-3y,2-3y,2-3y,2-3y,RETRIEVABLE,RETRIEVABLE,RETRIEVABLE,RETRIEVABLE,RETRIEVABLE,RETRIEVABLE
7323427949531729154,A2,W-other-ns,2024-01-13T04:00:43Z,2.5772,2-3y,2-3y,2-3y,2-3y,2-3y,2-3y,NOT-RETRIEVABLE,NOT-RETRIEVABLE,NOT-RETRIEVABLE,NOT-RETRIEVABLE,NOT-RETRIEVABLE,NOT-RETRIEVABLE
7323538019263302945,A2,W-other-ns,2024-01-13T11:07:50Z,2.5763,2-3y,2-3y,2-3y,2-3y,2-3y,2-3y,RETRIEVABLE,RETRIEVABLE,RETRIEVABLE,RETRIEVABLE,RETRIEVABLE,RETRIEVABLE
7323725941430340910,A2,W-other-ns,2024-01-13T23:17:04Z,2.5750,2-3y,2-3y,2-3y,2-3y,2-3y,2-3y,RETRIEVABLE,RETRIEVABLE,RETRIEVABLE,RETRIEVABLE,RETRIEVABLE,RETRIEVABLE
7324069428709051690,A2,W-other-ns,2024-01-14T21:29:59Z,2.5724,2-3y,2-3y,2-3y,2-3y,2-3y,2-3y,RETRIEVABLE,RETRIEVABLE,RETRIEVABLE,RETRIEVABLE,RETRIEVABLE,RETRIEVABLE
7324740650820209950,A2,W-other-ns,2024-01-16T16:54:40Z,2.5675,2-3y,2-3y,2-3y,2-3y,2-3y,2-3y,RETRIEVABLE,RETRIEVABLE,RETRIEVABLE,RETRIEVABLE,RETRIEVABLE,RETRIEVABLE
7325202490616548651,A2,W-other-ns,2024-01-17T22:46:50Z,2.5641,2-3y,2-3y,2-3y,2-3y,2-3y,2-3y,RETRIEVABLE,RETRIEVABLE,RETRIEVABLE,RETRIEVABLE,RETRIEVABLE,RETRIEVABLE
7326271994482150689,A2,W-other-ns,2024-01-20T19:57:04Z,2.5562,2-3y,2-3y,2-3y,2-3y,2-3y,2-3y,RETRIEVABLE,RETRIEVABLE,RETRIEVABLE,RETRIEVABLE,RETRIEVABLE,RETRIEVABLE
7326317766212914478,A2,W-other-ns,2024-01-20T22:54:41Z,2.5558,2-3y,2-3y,2-3y,2-3y,2-3y,2-3y,RETRIEVABLE,INDETERMINATE,RETRIEVABLE,RETRIEVABLE,RETRIEVABLE,RETRIEVABLE
7327332482360069408,A2,W-other-ns,2024-01-23T16:32:18Z,2.5484,2-3y,2-3y,2-3y,2-3y,2-3y,2-3y,RETRIEVABLE,RETRIEVABLE,RETRIEVABLE,RETRIEVABLE,RETRIEVABLE,RETRIEVABLE
7327705165845531936,A2,W-other-ns,2024-01-24T16:38:30Z,2.5456,2-3y,2-3y,2-3y,2-3y,2-3y,2-3y,RETRIEVABLE,RETRIEVABLE,RETRIEVABLE,RETRIEVABLE,RETRIEVABLE,RETRIEVABLE
7328464177868295429,A2,W-other-ns,2024-01-26T17:43:51Z,2.5400,2-3y,2-3y,2-3y,2-3y,2-3y,2-3y,RETRIEVABLE,RETRIEVABLE,RETRIEVABLE,RETRIEVABLE,RETRIEVABLE,RETRIEVABLE
7329236420592258337,A2,W-other-ns,2024-01-28T19:40:33Z,2.5343,2-3y,2-3y,2-3y,2-3y,2-3y,2-3y,RETRIEVABLE,RETRIEVABLE,RETRIEVABLE,RETRIEVABLE,RETRIEVABLE,RETRIEVABLE
7329740317270347013,A2,W-other-ns,2024-01-30T04:15:55Z,2.5306,2-3y,2-3y,2-3y,2-3y,2-3y,2-3y,RETRIEVABLE,RETRIEVABLE,RETRIEVABLE,RETRIEVABLE,RETRIEVABLE,RETRIEVABLE
7331038215498059014,A2,W-other-ns,2024-02-02T16:12:26Z,2.5210,2-3y,2-3y,2-3y,2-3y,2-3y,2-3y,NOT-RETRIEVABLE,NOT-RETRIEVABLE,NOT-RETRIEVABLE,NOT-RETRIEVABLE,NOT-RETRIEVABLE,NOT-RETRIEVABLE
7331762853034069281,A2,W-other-ns,2024-02-04T15:04:24Z,2.5157,2-3y,2-3y,2-3y,2-3y,2-3y,2-3y,RETRIEVABLE,RETRIEVABLE,RETRIEVABLE,RETRIEVABLE,RETRIEVABLE,RETRIEVABLE
7331921605737696543,A2,W-other-ns,2024-02-05T01:20:26Z,2.5145,2-3y,2-3y,2-3y,2-3y,2-3y,2-3y,RETRIEVABLE,RETRIEVABLE,RETRIEVABLE,RETRIEVABLE,RETRIEVABLE,RETRIEVABLE
7332200105719729451,A2,W-other-ns,2024-02-05T19:21:10Z,2.5124,2-3y,2-3y,2-3y,2-3y,2-3y,2-3y,RETRIEVABLE,RETRIEVABLE,RETRIEVABLE,RETRIEVABLE,RETRIEVABLE,RETRIEVABLE
7332846626781908256,A2,W-other-ns,2024-02-07T13:09:59Z,2.5077,2-3y,2-3y,2-3y,2-3y,2-3y,2-3y,NOT-RETRIEVABLE,NOT-RETRIEVABLE,NOT-RETRIEVABLE,NOT-RETRIEVABLE,NOT-RETRIEVABLE,NOT-RETRIEVABLE
7332887149823479045,A2,W-other-ns,2024-02-07T15:47:14Z,2.5074,2-3y,2-3y,2-3y,2-3y,2-3y,2-3y,RETRIEVABLE,RETRIEVABLE,RETRIEVABLE,RETRIEVABLE,RETRIEVABLE,RETRIEVABLE
7334406569888714027,A2,W-other-ns,2024-02-11T18:03:22Z,2.4962,2-3y,2-3y,2-3y,2-3y,2-3y,2-3y,RETRIEVABLE,RETRIEVABLE,RETRIEVABLE,RETRIEVABLE,RETRIEVABLE,RETRIEVABLE
7335149702461148449,A2,W-other-ns,2024-02-13T18:07:06Z,2.4907,2-3y,2-3y,2-3y,2-3y,2-3y,2-3y,NOT-RETRIEVABLE,NOT-RETRIEVABLE,NOT-RETRIEVABLE,NOT-RETRIEVABLE,NOT-RETRIEVABLE,NOT-RETRIEVABLE
7335280806002298154,A2,W-other-ns,2024-02-14T02:35:51Z,2.4897,2-3y,2-3y,2-3y,2-3y,2-3y,2-3y,RETRIEVABLE,RETRIEVABLE,RETRIEVABLE,RETRIEVABLE,RETRIEVABLE,RETRIEVABLE
7335817826449575174,A2,W-other-ns,2024-02-15T13:19:46Z,2.4857,2-3y,2-3y,2-3y,2-3y,2-3y,2-3y,RETRIEVABLE,RETRIEVABLE,RETRIEVABLE,RETRIEVABLE,RETRIEVABLE,RETRIEVABLE
7336228521901100294,A2,W-other-ns,2024-02-16T15:53:28Z,2.4827,2-3y,2-3y,2-3y,2-3y,2-3y,2-3y,RETRIEVABLE,RETRIEVABLE,RETRIEVABLE,RETRIEVABLE,RETRIEVABLE,RETRIEVABLE
7337024851590253867,A2,W-other-ns,2024-02-18T19:23:38Z,2.4768,2-3y,2-3y,2-3y,2-3y,2-3y,2-3y,RETRIEVABLE,RETRIEVABLE,RETRIEVABLE,RETRIEVABLE,RETRIEVABLE,RETRIEVABLE
7338071796152831275,A2,W-other-ns,2024-02-21T15:06:19Z,2.4691,2-3y,2-3y,2-3y,2-3y,2-3y,2-3y,RETRIEVABLE,RETRIEVABLE,RETRIEVABLE,RETRIEVABLE,RETRIEVABLE,RETRIEVABLE
7339184334852623623,A2,W-other-ns,2024-02-24T15:03:32Z,2.4609,2-3y,2-3y,2-3y,2-3y,2-3y,2-3y,NOT-RETRIEVABLE,NOT-RETRIEVABLE,NOT-RETRIEVABLE,NOT-RETRIEVABLE,NOT-RETRIEVABLE,NOT-RETRIEVABLE
7339588233539407136,A2,W-other-ns,2024-02-25T17:10:52Z,2.4579,2-3y,2-3y,2-3y,2-3y,2-3y,2-3y,RETRIEVABLE,RETRIEVABLE,RETRIEVABLE,RETRIEVABLE,RETRIEVABLE,RETRIEVABLE
7340073928691305734,A2,W-other-ns,2024-02-27T00:35:37Z,2.4543,2-3y,2-3y,2-3y,2-3y,2-3y,2-3y,RETRIEVABLE,RETRIEVABLE,RETRIEVABLE,RETRIEVABLE,RETRIEVABLE,RETRIEVABLE
7340408520203980037,A2,W-other-ns,2024-02-27T22:14:00Z,2.4519,2-3y,2-3y,2-3y,2-3y,2-3y,2-3y,RETRIEVABLE,RETRIEVABLE,RETRIEVABLE,RETRIEVABLE,RETRIEVABLE,RETRIEVABLE
7340763091077958945,A2,W-other-ns,2024-02-28T21:09:55Z,2.4493,2-3y,2-3y,2-3y,2-3y,2-3y,2-3y,NOT-RETRIEVABLE,NOT-RETRIEVABLE,NOT-RETRIEVABLE,NOT-RETRIEVABLE,NOT-RETRIEVABLE,NOT-RETRIEVABLE
7342205123004845358,A2,W-other-ns,2024-03-03T18:25:44Z,2.4386,2-3y,2-3y,2-3y,2-3y,2-3y,2-3y,RETRIEVABLE,RETRIEVABLE,RETRIEVABLE,RETRIEVABLE,RETRIEVABLE,RETRIEVABLE
7342624883265867041,A2,W-other-ns,2024-03-04T21:34:37Z,2.4355,2-3y,2-3y,2-3y,2-3y,2-3y,2-3y,RETRIEVABLE,RETRIEVABLE,RETRIEVABLE,RETRIEVABLE,RETRIEVABLE,RETRIEVABLE
7345085727480220929,A2,W-other-ns,2024-03-11T12:43:57Z,2.4174,2-3y,2-3y,2-3y,2-3y,2-3y,2-3y,NOT-RETRIEVABLE,NOT-RETRIEVABLE,NOT-RETRIEVABLE,NOT-RETRIEVABLE,NOT-RETRIEVABLE,NOT-RETRIEVABLE
7346364271070055681,A2,W-other-ns,2024-03-14T23:25:21Z,2.4079,2-3y,2-3y,2-3y,2-3y,2-3y,2-3y,RETRIEVABLE,RETRIEVABLE,RETRIEVABLE,RETRIEVABLE,RETRIEVABLE,RETRIEVABLE
7346592949666385184,A2,W-other-ns,2024-03-15T14:12:45Z,2.4063,2-3y,2-3y,2-3y,2-3y,2-3y,2-3y,RETRIEVABLE,RETRIEVABLE,RETRIEVABLE,RETRIEVABLE,RETRIEVABLE,RETRIEVABLE
7346752092196834603,A2,W-other-ns,2024-03-16T00:30:18Z,2.4051,2-3y,2-3y,2-3y,2-3y,2-3y,2-3y,RETRIEVABLE,RETRIEVABLE,RETRIEVABLE,RETRIEVABLE,RETRIEVABLE,RETRIEVABLE
7347396242898537761,A2,W-other-ns,2024-03-17T18:09:56Z,2.4003,2-3y,2-3y,2-3y,2-3y,2-3y,2-3y,RETRIEVABLE,RETRIEVABLE,RETRIEVABLE,RETRIEVABLE,RETRIEVABLE,RETRIEVABLE
7347796167788350753,A2,W-other-ns,2024-03-18T20:01:51Z,2.3974,2-3y,2-3y,2-3y,2-3y,2-3y,2-3y,RETRIEVABLE,RETRIEVABLE,RETRIEVABLE,RETRIEVABLE,INDETERMINATE,RETRIEVABLE
7348405220390505735,A2,W-other-ns,2024-03-20T11:25:17Z,2.3929,2-3y,2-3y,2-3y,2-3y,2-3y,2-3y,RETRIEVABLE,RETRIEVABLE,RETRIEVABLE,RETRIEVABLE,RETRIEVABLE,RETRIEVABLE
7350074258590010625,A2,W-other-ns,2024-03-24T23:22:00Z,2.3806,2-3y,2-3y,2-3y,2-3y,2-3y,2-3y,NOT-RETRIEVABLE,NOT-RETRIEVABLE,NOT-RETRIEVABLE,NOT-RETRIEVABLE,NOT-RETRIEVABLE,NOT-RETRIEVABLE
7351475122802298145,A2,W-other-ns,2024-03-28T17:58:04Z,2.3702,2-3y,2-3y,2-3y,2-3y,2-3y,2-3y,RETRIEVABLE,RETRIEVABLE,RETRIEVABLE,RETRIEVABLE,RETRIEVABLE,RETRIEVABLE
7352572324966567174,A2,W-other-ns,2024-03-31T16:55:46Z,2.3621,2-3y,2-3y,2-3y,2-3y,2-3y,2-3y,RETRIEVABLE,RETRIEVABLE,RETRIEVABLE,RETRIEVABLE,RETRIEVABLE,RETRIEVABLE
7352853795547893038,A2,W-other-ns,2024-04-01T11:08:01Z,2.3601,2-3y,2-3y,2-3y,2-3y,2-3y,2-3y,NOT-RETRIEVABLE,NOT-RETRIEVABLE,NOT-RETRIEVABLE,NOT-RETRIEVABLE,NOT-RETRIEVABLE,NOT-RETRIEVABLE
7354253685070843137,A2,W-other-ns,2024-04-05T05:40:19Z,2.3497,2-3y,2-3y,2-3y,2-3y,2-3y,2-3y,RETRIEVABLE,RETRIEVABLE,RETRIEVABLE,RETRIEVABLE,RETRIEVABLE,RETRIEVABLE
7355554882025180421,A2,W-other-ns,2024-04-08T17:49:37Z,2.3401,2-3y,2-3y,2-3y,2-3y,2-3y,2-3y,RETRIEVABLE,RETRIEVABLE,RETRIEVABLE,RETRIEVABLE,RETRIEVABLE,RETRIEVABLE
7359134020980002081,A2,W-other-ns,2024-04-18T09:18:30Z,2.3137,2-3y,2-3y,2-3y,2-3y,2-3y,2-3y,RETRIEVABLE,RETRIEVABLE,RETRIEVABLE,RETRIEVABLE,RETRIEVABLE,RETRIEVABLE
7359920775983516961,A2,W-other-ns,2024-04-20T12:11:31Z,2.3079,2-3y,2-3y,2-3y,2-3y,2-3y,2-3y,RETRIEVABLE,RETRIEVABLE,RETRIEVABLE,RETRIEVABLE,RETRIEVABLE,RETRIEVABLE
7360250462324428065,A2,W-other-ns,2024-04-21T09:30:52Z,2.3055,2-3y,2-3y,2-3y,2-3y,2-3y,2-3y,RETRIEVABLE,RETRIEVABLE,RETRIEVABLE,RETRIEVABLE,RETRIEVABLE,RETRIEVABLE
7361610957388254507,A2,W-other-ns,2024-04-25T01:30:17Z,2.2954,2-3y,2-3y,2-3y,2-3y,2-3y,2-3y,RETRIEVABLE,RETRIEVABLE,RETRIEVABLE,RETRIEVABLE,RETRIEVABLE,RETRIEVABLE
7362889330051910945,A2,W-other-ns,2024-04-28T12:11:01Z,2.2860,2-3y,2-3y,2-3y,2-3y,2-3y,2-3y,RETRIEVABLE,RETRIEVABLE,RETRIEVABLE,RETRIEVABLE,RETRIEVABLE,RETRIEVABLE
7363329725034433824,A2,W-other-ns,2024-04-29T16:39:59Z,2.2828,2-3y,2-3y,2-3y,2-3y,2-3y,2-3y,RETRIEVABLE,RETRIEVABLE,RETRIEVABLE,RETRIEVABLE,RETRIEVABLE,RETRIEVABLE
7364759095003385120,A2,W-other-ns,2024-05-03T13:06:40Z,2.2722,2-3y,2-3y,2-3y,2-3y,2-3y,2-3y,RETRIEVABLE,RETRIEVABLE,RETRIEVABLE,RETRIEVABLE,RETRIEVABLE,RETRIEVABLE
7366201510440520976,A2,W-other-ns,2024-05-07T10:23:58Z,2.2616,2-3y,2-3y,2-3y,2-3y,2-3y,2-3y,RETRIEVABLE,RETRIEVABLE,RETRIEVABLE,RETRIEVABLE,RETRIEVABLE,RETRIEVABLE
7366969654968962322,A2,W-other-ns,2024-05-09T12:04:46Z,2.2559,2-3y,2-3y,2-3y,2-3y,2-3y,2-3y,RETRIEVABLE,RETRIEVABLE,RETRIEVABLE,RETRIEVABLE,RETRIEVABLE,RETRIEVABLE
7366977481645034753,A2,W-other-ns,2024-05-09T12:35:08Z,2.2559,2-3y,2-3y,2-3y,2-3y,2-3y,2-3y,RETRIEVABLE,RETRIEVABLE,RETRIEVABLE,RETRIEVABLE,RETRIEVABLE,RETRIEVABLE
7367749998156516650,A2,W-other-ns,2024-05-11T14:32:54Z,2.2502,2-3y,2-3y,2-3y,2-3y,2-3y,2-3y,RETRIEVABLE,RETRIEVABLE,RETRIEVABLE,RETRIEVABLE,RETRIEVABLE,RETRIEVABLE
7367893075802492206,A2,W-other-ns,2024-05-11T23:48:07Z,2.2491,2-3y,2-3y,2-3y,2-3y,2-3y,2-3y,RETRIEVABLE,RETRIEVABLE,RETRIEVABLE,RETRIEVABLE,RETRIEVABLE,RETRIEVABLE
7368171405361351954,A2,W-other-ns,2024-05-12T17:48:10Z,2.2470,2-3y,2-3y,2-3y,2-3y,2-3y,2-3y,RETRIEVABLE,RETRIEVABLE,NOT-RETRIEVABLE,RETRIEVABLE,RETRIEVABLE,RETRIEVABLE
7371070638213156097,A2,W-other-ns,2024-05-20T13:18:41Z,2.2257,2-3y,2-3y,2-3y,2-3y,2-3y,2-3y,RETRIEVABLE,RETRIEVABLE,RETRIEVABLE,RETRIEVABLE,RETRIEVABLE,RETRIEVABLE
7371107469663145217,A2,W-other-ns,2024-05-20T15:41:36Z,2.2254,2-3y,2-3y,2-3y,2-3y,2-3y,2-3y,RETRIEVABLE,RETRIEVABLE,RETRIEVABLE,RETRIEVABLE,RETRIEVABLE,RETRIEVABLE
7374119212433935658,A2,W-other-ns,2024-05-28T18:28:42Z,2.2032,2-3y,2-3y,2-3y,2-3y,2-3y,2-3y,RETRIEVABLE,RETRIEVABLE,RETRIEVABLE,RETRIEVABLE,RETRIEVABLE,RETRIEVABLE
7374963735821126954,A2,W-other-ns,2024-05-31T01:05:53Z,2.1969,2-3y,2-3y,2-3y,2-3y,2-3y,2-3y,RETRIEVABLE,RETRIEVABLE,RETRIEVABLE,RETRIEVABLE,RETRIEVABLE,RETRIEVABLE
7376314878836952325,A2,W-other-ns,2024-06-03T16:29:01Z,2.1870,2-3y,2-3y,2-3y,2-3y,2-3y,2-3y,NOT-RETRIEVABLE,NOT-RETRIEVABLE,NOT-RETRIEVABLE,NOT-RETRIEVABLE,NOT-RETRIEVABLE,NOT-RETRIEVABLE
7376616646162517281,A2,W-other-ns,2024-06-04T12:00:01Z,2.1847,2-3y,2-3y,2-3y,2-3y,2-3y,2-3y,RETRIEVABLE,RETRIEVABLE,RETRIEVABLE,RETRIEVABLE,RETRIEVABLE,RETRIEVABLE
7380345446197185808,A2,W-other-ns,2024-06-14T13:09:40Z,2.1572,2-3y,2-3y,2-3y,2-3y,2-3y,2-3y,RETRIEVABLE,RETRIEVABLE,RETRIEVABLE,RETRIEVABLE,RETRIEVABLE,RETRIEVABLE
7380995524595387680,A2,W-other-ns,2024-06-16T07:12:18Z,2.1524,2-3y,2-3y,2-3y,2-3y,2-3y,2-3y,INDETERMINATE,RETRIEVABLE,RETRIEVABLE,RETRIEVABLE,RETRIEVABLE,RETRIEVABLE
7381596008850984235,A2,W-other-ns,2024-06-17T22:02:29Z,2.1480,2-3y,2-3y,2-3y,2-3y,2-3y,2-3y,RETRIEVABLE,RETRIEVABLE,RETRIEVABLE,RETRIEVABLE,RETRIEVABLE,RETRIEVABLE
7383361465803099435,A2,W-other-ns,2024-06-22T16:13:22Z,2.1350,2-3y,2-3y,2-3y,2-3y,2-3y,2-3y,NOT-RETRIEVABLE,NOT-RETRIEVABLE,NOT-RETRIEVABLE,NOT-RETRIEVABLE,NOT-RETRIEVABLE,NOT-RETRIEVABLE
7383802984913800490,A2,W-other-ns,2024-06-23T20:46:41Z,2.1317,2-3y,2-3y,2-3y,2-3y,2-3y,2-3y,NOT-RETRIEVABLE,NOT-RETRIEVABLE,NOT-RETRIEVABLE,NOT-RETRIEVABLE,NOT-RETRIEVABLE,NOT-RETRIEVABLE
7383813159888391454,A2,W-other-ns,2024-06-23T21:26:10Z,2.1316,2-3y,2-3y,2-3y,2-3y,2-3y,2-3y,RETRIEVABLE,RETRIEVABLE,RETRIEVABLE,RETRIEVABLE,RETRIEVABLE,RETRIEVABLE
7384107556098034977,A2,W-other-ns,2024-06-24T16:28:35Z,2.1295,2-3y,2-3y,2-3y,2-3y,2-3y,2-3y,RETRIEVABLE,RETRIEVABLE,RETRIEVABLE,RETRIEVABLE,RETRIEVABLE,RETRIEVABLE
7385038083428797702,A2,W-other-ns,2024-06-27T04:39:30Z,2.1226,2-3y,2-3y,2-3y,2-3y,2-3y,2-3y,NOT-RETRIEVABLE,NOT-RETRIEVABLE,NOT-RETRIEVABLE,NOT-RETRIEVABLE,NOT-RETRIEVABLE,NOT-RETRIEVABLE
7386262919543049477,A2,W-other-ns,2024-06-30T11:52:29Z,2.1136,2-3y,2-3y,2-3y,2-3y,2-3y,2-3y,RETRIEVABLE,RETRIEVABLE,INDETERMINATE,INDETERMINATE,RETRIEVABLE,RETRIEVABLE
7388890472925662494,A2,W-other-ns,2024-07-07T13:48:44Z,2.0942,2-3y,2-3y,2-3y,2-3y,2-3y,2-3y,RETRIEVABLE,RETRIEVABLE,RETRIEVABLE,RETRIEVABLE,RETRIEVABLE,RETRIEVABLE
7390806542750141729,A2,W-other-ns,2024-07-12T17:44:04Z,2.0800,2-3y,2-3y,2-3y,2-3y,2-3y,2-3y,RETRIEVABLE,RETRIEVABLE,RETRIEVABLE,RETRIEVABLE,RETRIEVABLE,RETRIEVABLE
7391268469540474117,A2,W-other-ns,2024-07-13T23:36:35Z,2.0766,2-3y,2-3y,2-3y,2-3y,2-3y,2-3y,RETRIEVABLE,RETRIEVABLE,RETRIEVABLE,RETRIEVABLE,RETRIEVABLE,RETRIEVABLE
7392352396396989702,A2,W-other-ns,2024-07-16T21:42:46Z,2.0686,2-3y,2-3y,2-3y,2-3y,2-3y,2-3y,RETRIEVABLE,RETRIEVABLE,RETRIEVABLE,RETRIEVABLE,RETRIEVABLE,RETRIEVABLE
7392363038503931168,A2,W-other-ns,2024-07-16T22:24:04Z,2.0686,2-3y,2-3y,2-3y,2-3y,2-3y,2-3y,RETRIEVABLE,RETRIEVABLE,RETRIEVABLE,RETRIEVABLE,RETRIEVABLE,RETRIEVABLE
7393182868098338091,A2,W-other-ns,2024-07-19T03:25:25Z,2.0625,2-3y,2-3y,2-3y,2-3y,2-3y,2-3y,RETRIEVABLE,RETRIEVABLE,RETRIEVABLE,RETRIEVABLE,RETRIEVABLE,RETRIEVABLE
7393820795480395038,A2,W-other-ns,2024-07-20T20:40:54Z,2.0578,2-3y,2-3y,2-3y,2-3y,2-3y,2-3y,RETRIEVABLE,RETRIEVABLE,RETRIEVABLE,RETRIEVABLE,RETRIEVABLE,RETRIEVABLE
7395668081156181280,A2,W-other-ns,2024-07-25T20:09:19Z,2.0442,2-3y,2-3y,2-3y,2-3y,2-3y,2-3y,RETRIEVABLE,RETRIEVABLE,RETRIEVABLE,RETRIEVABLE,RETRIEVABLE,RETRIEVABLE
7397201462398405895,A2,W-other-ns,2024-07-29T23:19:37Z,2.0329,2-3y,2-3y,2-3y,2-3y,2-3y,2-3y,RETRIEVABLE,RETRIEVABLE,RETRIEVABLE,RETRIEVABLE,RETRIEVABLE,RETRIEVABLE
7398544172094868769,A2,W-other-ns,2024-08-02T14:10:01Z,2.0230,2-3y,2-3y,2-3y,2-3y,2-3y,2-3y,RETRIEVABLE,RETRIEVABLE,RETRIEVABLE,RETRIEVABLE,RETRIEVABLE,RETRIEVABLE
7399616987351092511,A2,W-other-ns,2024-08-05T11:33:05Z,2.0150,2-3y,2-3y,2-3y,2-3y,2-3y,2-3y,NOT-RETRIEVABLE,NOT-RETRIEVABLE,NOT-RETRIEVABLE,NOT-RETRIEVABLE,NOT-RETRIEVABLE,NOT-RETRIEVABLE
7400453929223343391,A2,W-other-ns,2024-08-07T17:40:51Z,2.0089,2-3y,2-3y,2-3y,2-3y,2-3y,2-3y,RETRIEVABLE,RETRIEVABLE,RETRIEVABLE,RETRIEVABLE,RETRIEVABLE,RETRIEVABLE
7402474775349611793,A2,W-other-ns,2024-08-13T04:22:46Z,1.9940,1-2y,1-2y,1-2y,2-3y,2-3y,2-3y,RETRIEVABLE,RETRIEVABLE,RETRIEVABLE,RETRIEVABLE,RETRIEVABLE,RETRIEVABLE
7404792807023562000,A2,W-other-ns,2024-08-19T10:17:55Z,1.9769,1-2y,1-2y,1-2y,1-2y,1-2y,1-2y,RETRIEVABLE,RETRIEVABLE,RETRIEVABLE,RETRIEVABLE,RETRIEVABLE,RETRIEVABLE
7405236686008945952,A2,W-other-ns,2024-08-20T15:00:24Z,1.9736,1-2y,1-2y,1-2y,1-2y,1-2y,1-2y,RETRIEVABLE,RETRIEVABLE,RETRIEVABLE,RETRIEVABLE,RETRIEVABLE,RETRIEVABLE
7405749520581053701,A2,W-other-ns,2024-08-22T00:10:27Z,1.9698,1-2y,1-2y,1-2y,1-2y,1-2y,1-2y,RETRIEVABLE,RETRIEVABLE,RETRIEVABLE,RETRIEVABLE,RETRIEVABLE,RETRIEVABLE
7406458204462255365,A2,W-other-ns,2024-08-23T22:00:30Z,1.9646,1-2y,1-2y,1-2y,1-2y,1-2y,1-2y,RETRIEVABLE,RETRIEVABLE,RETRIEVABLE,RETRIEVABLE,RETRIEVABLE,RETRIEVABLE
7406511147869818155,A2,W-other-ns,2024-08-24T01:25:57Z,1.9642,1-2y,1-2y,1-2y,1-2y,1-2y,1-2y,RETRIEVABLE,RETRIEVABLE,RETRIEVABLE,RETRIEVABLE,RETRIEVABLE,RETRIEVABLE
7406748667052477701,A2,W-other-ns,2024-08-24T16:47:39Z,1.9624,1-2y,1-2y,1-2y,1-2y,1-2y,1-2y,RETRIEVABLE,RETRIEVABLE,RETRIEVABLE,RETRIEVABLE,RETRIEVABLE,RETRIEVABLE
7406798511083228459,A2,W-other-ns,2024-08-24T20:01:04Z,1.9621,1-2y,1-2y,1-2y,1-2y,1-2y,1-2y,RETRIEVABLE,RETRIEVABLE,RETRIEVABLE,RETRIEVABLE,RETRIEVABLE,RETRIEVABLE
7406965831197838625,A2,W-other-ns,2024-08-25T06:50:22Z,1.9608,1-2y,1-2y,1-2y,1-2y,1-2y,1-2y,NOT-RETRIEVABLE,NOT-RETRIEVABLE,NOT-RETRIEVABLE,NOT-RETRIEVABLE,NOT-RETRIEVABLE,NOT-RETRIEVABLE
7407022124877040913,A2,W-other-ns,2024-08-25T10:28:48Z,1.9604,1-2y,1-2y,1-2y,1-2y,1-2y,1-2y,RETRIEVABLE,RETRIEVABLE,RETRIEVABLE,RETRIEVABLE,RETRIEVABLE,RETRIEVABLE
7407653617613786374,A2,W-other-ns,2024-08-27T03:19:19Z,1.9557,1-2y,1-2y,1-2y,1-2y,1-2y,1-2y,RETRIEVABLE,RETRIEVABLE,RETRIEVABLE,RETRIEVABLE,RETRIEVABLE,RETRIEVABLE
7408494527205346578,A2,W-other-ns,2024-08-29T09:42:29Z,1.9495,1-2y,1-2y,1-2y,1-2y,1-2y,1-2y,RETRIEVABLE,RETRIEVABLE,RETRIEVABLE,RETRIEVABLE,RETRIEVABLE,RETRIEVABLE
7408648141375049006,A2,W-other-ns,2024-08-29T19:38:35Z,1.9484,1-2y,1-2y,1-2y,1-2y,1-2y,1-2y,RETRIEVABLE,RETRIEVABLE,RETRIEVABLE,RETRIEVABLE,RETRIEVABLE,RETRIEVABLE
7408885668820176144,A2,W-other-ns,2024-08-30T11:00:19Z,1.9467,1-2y,1-2y,1-2y,1-2y,1-2y,1-2y,RETRIEVABLE,RETRIEVABLE,RETRIEVABLE,RETRIEVABLE,RETRIEVABLE,RETRIEVABLE
7409280096680283399,A2,W-other-ns,2024-08-31T12:30:53Z,1.9437,1-2y,1-2y,1-2y,1-2y,1-2y,1-2y,RETRIEVABLE,RETRIEVABLE,RETRIEVABLE,RETRIEVABLE,RETRIEVABLE,RETRIEVABLE
7410255552283954438,A2,W-other-ns,2024-09-03T03:36:09Z,1.9366,1-2y,1-2y,1-2y,1-2y,1-2y,1-2y,RETRIEVABLE,RETRIEVABLE,RETRIEVABLE,RETRIEVABLE,RETRIEVABLE,RETRIEVABLE
7410302609526902048,A2,W-other-ns,2024-09-03T06:38:46Z,1.9362,1-2y,1-2y,1-2y,1-2y,1-2y,1-2y,RETRIEVABLE,RETRIEVABLE,RETRIEVABLE,RETRIEVABLE,RETRIEVABLE,RETRIEVABLE
7411287667167497477,A2,W-other-ns,2024-09-05T22:21:17Z,1.9289,1-2y,1-2y,1-2y,1-2y,1-2y,1-2y,RETRIEVABLE,RETRIEVABLE,RETRIEVABLE,RETRIEVABLE,RETRIEVABLE,RETRIEVABLE
7411460991571086599,A2,W-other-ns,2024-09-06T09:33:53Z,1.9277,1-2y,1-2y,1-2y,1-2y,1-2y,1-2y,RETRIEVABLE,RETRIEVABLE,RETRIEVABLE,RETRIEVABLE,RETRIEVABLE,RETRIEVABLE
7412061097622064427,A2,W-other-ns,2024-09-08T00:22:36Z,1.9232,1-2y,1-2y,1-2y,1-2y,1-2y,1-2y,NOT-RETRIEVABLE,NOT-RETRIEVABLE,NOT-RETRIEVABLE,NOT-RETRIEVABLE,NOT-RETRIEVABLE,NOT-RETRIEVABLE
7412346318305234182,A2,W-other-ns,2024-09-08T18:49:24Z,1.9211,1-2y,1-2y,1-2y,1-2y,1-2y,1-2y,RETRIEVABLE,RETRIEVABLE,RETRIEVABLE,RETRIEVABLE,RETRIEVABLE,RETRIEVABLE
7413791202786495777,A2,W-other-ns,2024-09-12T16:16:17Z,1.9105,1-2y,1-2y,1-2y,1-2y,1-2y,1-2y,RETRIEVABLE,RETRIEVABLE,RETRIEVABLE,RETRIEVABLE,RETRIEVABLE,RETRIEVABLE
7415744574129294635,A2,W-other-ns,2024-09-17T22:36:22Z,1.8961,1-2y,1-2y,1-2y,1-2y,1-2y,1-2y,RETRIEVABLE,RETRIEVABLE,RETRIEVABLE,RETRIEVABLE,RETRIEVABLE,RETRIEVABLE
7418671118459981099,A2,W-other-ns,2024-09-25T19:52:51Z,1.8745,1-2y,1-2y,1-2y,1-2y,1-2y,1-2y,RETRIEVABLE,RETRIEVABLE,RETRIEVABLE,RETRIEVABLE,RETRIEVABLE,RETRIEVABLE
7419306302326852896,A2,W-other-ns,2024-09-27T12:57:41Z,1.8698,1-2y,1-2y,1-2y,1-2y,1-2y,1-2y,NOT-RETRIEVABLE,NOT-RETRIEVABLE,NOT-RETRIEVABLE,NOT-RETRIEVABLE,NOT-RETRIEVABLE,NOT-RETRIEVABLE
7419329003208592646,A2,W-other-ns,2024-09-27T14:25:47Z,1.8696,1-2y,1-2y,1-2y,1-2y,1-2y,1-2y,RETRIEVABLE,RETRIEVABLE,RETRIEVABLE,RETRIEVABLE,RETRIEVABLE,RETRIEVABLE
7419366847931354398,A2,W-other-ns,2024-09-27T16:52:38Z,1.8693,1-2y,1-2y,1-2y,1-2y,1-2y,1-2y,RETRIEVABLE,RETRIEVABLE,RETRIEVABLE,RETRIEVABLE,RETRIEVABLE,RETRIEVABLE
7419381985946291461,A2,W-other-ns,2024-09-27T17:51:23Z,1.8692,1-2y,1-2y,1-2y,1-2y,1-2y,1-2y,RETRIEVABLE,RETRIEVABLE,RETRIEVABLE,RETRIEVABLE,RETRIEVABLE,RETRIEVABLE
7420084588606704928,A2,W-other-ns,2024-09-29T15:17:50Z,1.8640,1-2y,1-2y,1-2y,1-2y,1-2y,1-2y,RETRIEVABLE,RETRIEVABLE,RETRIEVABLE,RETRIEVABLE,RETRIEVABLE,RETRIEVABLE
7420887315419041030,A2,W-other-ns,2024-10-01T19:12:50Z,1.8581,1-2y,1-2y,1-2y,1-2y,1-2y,1-2y,RETRIEVABLE,RETRIEVABLE,RETRIEVABLE,RETRIEVABLE,RETRIEVABLE,RETRIEVABLE
7421829904565669152,A2,W-other-ns,2024-10-04T08:10:33Z,1.8512,1-2y,1-2y,1-2y,1-2y,1-2y,1-2y,RETRIEVABLE,RETRIEVABLE,RETRIEVABLE,RETRIEVABLE,RETRIEVABLE,RETRIEVABLE
7423338260761414919,A2,W-other-ns,2024-10-08T09:43:45Z,1.8400,1-2y,1-2y,1-2y,1-2y,1-2y,1-2y,RETRIEVABLE,RETRIEVABLE,RETRIEVABLE,RETRIEVABLE,RETRIEVABLE,RETRIEVABLE
7424572024141417760,A2,W-other-ns,2024-10-11T17:31:23Z,1.8309,1-2y,1-2y,1-2y,1-2y,1-2y,1-2y,RETRIEVABLE,RETRIEVABLE,RETRIEVABLE,RETRIEVABLE,RETRIEVABLE,RETRIEVABLE
7424580829155724586,A2,W-other-ns,2024-10-11T18:05:33Z,1.8309,1-2y,1-2y,1-2y,1-2y,1-2y,1-2y,RETRIEVABLE,RETRIEVABLE,RETRIEVABLE,INDETERMINATE,RETRIEVABLE,RETRIEVABLE
7426176839749504274,A2,W-other-ns,2024-10-16T01:18:53Z,1.8191,1-2y,1-2y,1-2y,1-2y,1-2y,1-2y,RETRIEVABLE,RETRIEVABLE,RETRIEVABLE,RETRIEVABLE,RETRIEVABLE,RETRIEVABLE
7426292375275834642,A2,W-other-ns,2024-10-16T08:47:13Z,1.8182,1-2y,1-2y,1-2y,1-2y,1-2y,1-2y,RETRIEVABLE,RETRIEVABLE,RETRIEVABLE,RETRIEVABLE,RETRIEVABLE,RETRIEVABLE
7426482929796222250,A2,W-other-ns,2024-10-16T21:06:40Z,1.8168,1-2y,1-2y,1-2y,1-2y,1-2y,1-2y,RETRIEVABLE,RETRIEVABLE,RETRIEVABLE,RETRIEVABLE,RETRIEVABLE,RETRIEVABLE
7427796880773418247,A2,W-other-ns,2024-10-20T10:05:28Z,1.8071,1-2y,1-2y,1-2y,1-2y,1-2y,1-2y,NOT-RETRIEVABLE,NOT-RETRIEVABLE,NOT-RETRIEVABLE,NOT-RETRIEVABLE,NOT-RETRIEVABLE,NOT-RETRIEVABLE
7428255885354421536,A2,W-other-ns,2024-10-21T15:46:39Z,1.8037,1-2y,1-2y,1-2y,1-2y,1-2y,1-2y,RETRIEVABLE,RETRIEVABLE,RETRIEVABLE,RETRIEVABLE,RETRIEVABLE,RETRIEVABLE
7428526391114681633,A2,W-other-ns,2024-10-22T09:16:21Z,1.8017,1-2y,1-2y,1-2y,1-2y,1-2y,1-2y,RETRIEVABLE,RETRIEVABLE,RETRIEVABLE,RETRIEVABLE,RETRIEVABLE,RETRIEVABLE
7428854531099839749,A2,W-other-ns,2024-10-23T06:29:42Z,1.7993,1-2y,1-2y,1-2y,1-2y,1-2y,1-2y,RETRIEVABLE,RETRIEVABLE,RETRIEVABLE,RETRIEVABLE,RETRIEVABLE,RETRIEVABLE
7429837588174818581,A2,W-other-ns,2024-10-25T22:04:27Z,1.7921,1-2y,1-2y,1-2y,1-2y,1-2y,1-2y,RETRIEVABLE,RETRIEVABLE,RETRIEVABLE,RETRIEVABLE,RETRIEVABLE,RETRIEVABLE
7431195666187160837,A2,W-other-ns,2024-10-29T13:54:30Z,1.7821,1-2y,1-2y,1-2y,1-2y,1-2y,1-2y,RETRIEVABLE,RETRIEVABLE,RETRIEVABLE,RETRIEVABLE,RETRIEVABLE,RETRIEVABLE
7431488264118340882,A2,W-other-ns,2024-10-30T08:49:55Z,1.7799,1-2y,1-2y,1-2y,1-2y,1-2y,1-2y,RETRIEVABLE,RETRIEVABLE,RETRIEVABLE,RETRIEVABLE,RETRIEVABLE,RETRIEVABLE
7433854475917331743,A2,W-other-ns,2024-11-05T17:52:02Z,1.7624,1-2y,1-2y,1-2y,1-2y,1-2y,1-2y,RETRIEVABLE,RETRIEVABLE,RETRIEVABLE,RETRIEVABLE,RETRIEVABLE,RETRIEVABLE
7434029477270752558,A2,W-other-ns,2024-11-06T05:11:08Z,1.7611,1-2y,1-2y,1-2y,1-2y,1-2y,1-2y,RETRIEVABLE,RETRIEVABLE,RETRIEVABLE,RETRIEVABLE,RETRIEVABLE,RETRIEVABLE
7434173268388597047,A2,W-other-ns,2024-11-06T14:29:07Z,1.7601,1-2y,1-2y,1-2y,1-2y,1-2y,1-2y,NOT-RETRIEVABLE,NOT-RETRIEVABLE,NOT-RETRIEVABLE,NOT-RETRIEVABLE,NOT-RETRIEVABLE,NOT-RETRIEVABLE
7434965423663091000,A2,W-other-ns,2024-11-08T17:43:05Z,1.7542,1-2y,1-2y,1-2y,1-2y,1-2y,1-2y,RETRIEVABLE,RETRIEVABLE,RETRIEVABLE,RETRIEVABLE,INDETERMINATE,RETRIEVABLE
7435060973855116562,A2,W-other-ns,2024-11-08T23:53:52Z,1.7535,1-2y,1-2y,1-2y,1-2y,1-2y,1-2y,RETRIEVABLE,RETRIEVABLE,RETRIEVABLE,RETRIEVABLE,RETRIEVABLE,RETRIEVABLE
7436085034135817505,A2,W-other-ns,2024-11-11T18:07:44Z,1.7460,1-2y,1-2y,1-2y,1-2y,1-2y,1-2y,RETRIEVABLE,RETRIEVABLE,RETRIEVABLE,RETRIEVABLE,RETRIEVABLE,RETRIEVABLE
7436431388510784810,A2,W-other-ns,2024-11-12T16:31:46Z,1.7434,1-2y,1-2y,1-2y,1-2y,1-2y,1-2y,RETRIEVABLE,RETRIEVABLE,RETRIEVABLE,RETRIEVABLE,RETRIEVABLE,RETRIEVABLE
7437310218910027054,A2,W-other-ns,2024-11-15T01:22:05Z,1.7369,1-2y,1-2y,1-2y,1-2y,1-2y,1-2y,NOT-RETRIEVABLE,NOT-RETRIEVABLE,NOT-RETRIEVABLE,NOT-RETRIEVABLE,NOT-RETRIEVABLE,NOT-RETRIEVABLE
7437948649818066206,A2,W-other-ns,2024-11-16T18:39:31Z,1.7322,1-2y,1-2y,1-2y,1-2y,1-2y,1-2y,RETRIEVABLE,RETRIEVABLE,RETRIEVABLE,RETRIEVABLE,RETRIEVABLE,RETRIEVABLE
7439021042254908718,A2,W-other-ns,2024-11-19T16:00:57Z,1.7243,1-2y,1-2y,1-2y,1-2y,1-2y,1-2y,RETRIEVABLE,RETRIEVABLE,RETRIEVABLE,RETRIEVABLE,RETRIEVABLE,RETRIEVABLE
7439073875649973550,A2,W-other-ns,2024-11-19T19:25:58Z,1.7239,1-2y,1-2y,1-2y,1-2y,1-2y,1-2y,RETRIEVABLE,RETRIEVABLE,RETRIEVABLE,RETRIEVABLE,RETRIEVABLE,RETRIEVABLE
7439426501084204319,A2,W-other-ns,2024-11-20T18:14:20Z,1.7213,1-2y,1-2y,1-2y,1-2y,1-2y,1-2y,RETRIEVABLE,INDETERMINATE,RETRIEVABLE,RETRIEVABLE,RETRIEVABLE,RETRIEVABLE
7439771106363395346,A2,W-other-ns,2024-11-21T16:31:35Z,1.7188,1-2y,1-2y,1-2y,1-2y,1-2y,1-2y,NOT-RETRIEVABLE,NOT-RETRIEVABLE,NOT-RETRIEVABLE,NOT-RETRIEVABLE,NOT-RETRIEVABLE,NOT-RETRIEVABLE
7441175404859215136,A2,W-other-ns,2024-11-25T11:20:59Z,1.7084,1-2y,1-2y,1-2y,1-2y,1-2y,1-2y,RETRIEVABLE,RETRIEVABLE,RETRIEVABLE,RETRIEVABLE,RETRIEVABLE,RETRIEVABLE
7441306243211332920,A2,W-other-ns,2024-11-25T19:48:42Z,1.7075,1-2y,1-2y,1-2y,1-2y,1-2y,1-2y,RETRIEVABLE,RETRIEVABLE,RETRIEVABLE,RETRIEVABLE,RETRIEVABLE,RETRIEVABLE
7441441750813527304,A2,W-other-ns,2024-11-26T04:34:32Z,1.7065,1-2y,1-2y,1-2y,1-2y,1-2y,1-2y,RETRIEVABLE,RETRIEVABLE,RETRIEVABLE,RETRIEVABLE,RETRIEVABLE,RETRIEVABLE
7442704104935230776,A2,W-other-ns,2024-11-29T14:13:07Z,1.6971,1-2y,1-2y,1-2y,1-2y,1-2y,1-2y,RETRIEVABLE,RETRIEVABLE,RETRIEVABLE,RETRIEVABLE,RETRIEVABLE,RETRIEVABLE
7444991919295483182,A2,W-other-ns,2024-12-05T18:11:00Z,1.6803,1-2y,1-2y,1-2y,1-2y,1-2y,1-2y,RETRIEVABLE,RETRIEVABLE,RETRIEVABLE,RETRIEVABLE,RETRIEVABLE,RETRIEVABLE
7446863197186936086,A2,W-other-ns,2024-12-10T19:12:31Z,1.6665,1-2y,1-2y,1-2y,1-2y,1-2y,1-2y,RETRIEVABLE,RETRIEVABLE,RETRIEVABLE,RETRIEVABLE,RETRIEVABLE,RETRIEVABLE
7446917752243113258,A2,W-other-ns,2024-12-10T22:44:13Z,1.6661,1-2y,1-2y,1-2y,1-2y,1-2y,1-2y,RETRIEVABLE,RETRIEVABLE,RETRIEVABLE,RETRIEVABLE,RETRIEVABLE,RETRIEVABLE
7447598540039146774,A2,W-other-ns,2024-12-12T18:46:01Z,1.6610,1-2y,1-2y,1-2y,1-2y,1-2y,1-2y,RETRIEVABLE,RETRIEVABLE,RETRIEVABLE,RETRIEVABLE,RETRIEVABLE,RETRIEVABLE
7447917333416250646,A2,W-other-ns,2024-12-13T15:23:06Z,1.6587,1-2y,1-2y,1-2y,1-2y,1-2y,1-2y,RETRIEVABLE,RETRIEVABLE,RETRIEVABLE,RETRIEVABLE,RETRIEVABLE,INDETERMINATE
7450063637034634504,A2,W-other-ns,2024-12-19T10:11:51Z,1.6428,1-2y,1-2y,1-2y,1-2y,1-2y,1-2y,RETRIEVABLE,RETRIEVABLE,RETRIEVABLE,RETRIEVABLE,RETRIEVABLE,RETRIEVABLE
7451192767096638726,A2,W-other-ns,2024-12-22T11:13:27Z,1.6345,1-2y,1-2y,1-2y,1-2y,1-2y,1-2y,RETRIEVABLE,RETRIEVABLE,RETRIEVABLE,RETRIEVABLE,RETRIEVABLE,RETRIEVABLE
7451719299720301829,A2,W-other-ns,2024-12-23T21:16:40Z,1.6306,1-2y,1-2y,1-2y,1-2y,1-2y,1-2y,RETRIEVABLE,RETRIEVABLE,RETRIEVABLE,INDETERMINATE,RETRIEVABLE,RETRIEVABLE
7455466564331097376,A2,W-other-ns,2025-01-02T23:37:58Z,1.6030,1-2y,1-2y,1-2y,1-2y,1-2y,1-2y,NOT-RETRIEVABLE,NOT-RETRIEVABLE,NOT-RETRIEVABLE,NOT-RETRIEVABLE,NOT-RETRIEVABLE,NOT-RETRIEVABLE
7456809704975568150,A2,W-other-ns,2025-01-06T14:30:03Z,1.5931,1-2y,1-2y,1-2y,1-2y,1-2y,1-2y,RETRIEVABLE,RETRIEVABLE,RETRIEVABLE,RETRIEVABLE,RETRIEVABLE,RETRIEVABLE
7457077463303130399,A2,W-other-ns,2025-01-07T07:49:05Z,1.5911,1-2y,1-2y,1-2y,1-2y,1-2y,1-2y,RETRIEVABLE,RETRIEVABLE,RETRIEVABLE,RETRIEVABLE,RETRIEVABLE,RETRIEVABLE
7458919003914784008,A2,W-other-ns,2025-01-12T06:55:12Z,1.5775,1-2y,1-2y,1-2y,1-2y,1-2y,1-2y,RETRIEVABLE,RETRIEVABLE,RETRIEVABLE,RETRIEVABLE,RETRIEVABLE,RETRIEVABLE
7461146216865320200,A2,W-other-ns,2025-01-18T06:57:56Z,1.5611,1-2y,1-2y,1-2y,1-2y,1-2y,1-2y,RETRIEVABLE,RETRIEVABLE,RETRIEVABLE,RETRIEVABLE,RETRIEVABLE,RETRIEVABLE
7461159675786956075,A2,W-other-ns,2025-01-18T07:50:09Z,1.5610,1-2y,1-2y,1-2y,1-2y,1-2y,1-2y,RETRIEVABLE,RETRIEVABLE,RETRIEVABLE,RETRIEVABLE,RETRIEVABLE,RETRIEVABLE
7463170395257064726,A2,W-other-ns,2025-01-23T17:52:46Z,1.5461,1-2y,1-2y,1-2y,1-2y,1-2y,1-2y,RETRIEVABLE,RETRIEVABLE,RETRIEVABLE,RETRIEVABLE,RETRIEVABLE,RETRIEVABLE
7463176818347003178,A2,W-other-ns,2025-01-23T18:17:42Z,1.5461,1-2y,1-2y,1-2y,1-2y,1-2y,1-2y,RETRIEVABLE,RETRIEVABLE,RETRIEVABLE,RETRIEVABLE,RETRIEVABLE,RETRIEVABLE
7464609335117712662,A2,W-other-ns,2025-01-27T14:56:36Z,1.5355,1-2y,1-2y,1-2y,1-2y,1-2y,1-2y,RETRIEVABLE,RETRIEVABLE,RETRIEVABLE,RETRIEVABLE,RETRIEVABLE,RETRIEVABLE
7464618888290995488,A2,W-other-ns,2025-01-27T15:33:40Z,1.5355,1-2y,1-2y,1-2y,1-2y,1-2y,1-2y,RETRIEVABLE,RETRIEVABLE,RETRIEVABLE,RETRIEVABLE,RETRIEVABLE,RETRIEVABLE
7464637444097412374,A2,W-other-ns,2025-01-27T16:45:40Z,1.5353,1-2y,1-2y,1-2y,1-2y,1-2y,1-2y,RETRIEVABLE,RETRIEVABLE,RETRIEVABLE,RETRIEVABLE,RETRIEVABLE,RETRIEVABLE
7465744041246870817,A2,W-other-ns,2025-01-30T16:19:50Z,1.5272,1-2y,1-2y,1-2y,1-2y,1-2y,1-2y,RETRIEVABLE,RETRIEVABLE,RETRIEVABLE,RETRIEVABLE,RETRIEVABLE,RETRIEVABLE
7465847339492576544,A2,W-other-ns,2025-01-30T23:00:41Z,1.5264,1-2y,1-2y,1-2y,1-2y,1-2y,1-2y,RETRIEVABLE,RETRIEVABLE,RETRIEVABLE,RETRIEVABLE,RETRIEVABLE,RETRIEVABLE
7468010314596945194,A2,W-other-ns,2025-02-05T18:54:08Z,1.5104,1-2y,1-2y,1-2y,1-2y,1-2y,1-2y,NOT-RETRIEVABLE,NOT-RETRIEVABLE,NOT-RETRIEVABLE,NOT-RETRIEVABLE,NOT-RETRIEVABLE,NOT-RETRIEVABLE
7468339405078449415,A2,W-other-ns,2025-02-06T16:11:10Z,1.5080,1-2y,1-2y,1-2y,1-2y,1-2y,1-2y,RETRIEVABLE,RETRIEVABLE,RETRIEVABLE,RETRIEVABLE,RETRIEVABLE,RETRIEVABLE
7468413716514606382,A2,W-other-ns,2025-02-06T20:59:32Z,1.5075,1-2y,1-2y,1-2y,1-2y,1-2y,1-2y,NOT-RETRIEVABLE,NOT-RETRIEVABLE,NOT-RETRIEVABLE,NOT-RETRIEVABLE,NOT-RETRIEVABLE,NOT-RETRIEVABLE
7468614368683379976,A2,W-other-ns,2025-02-07T09:58:10Z,1.5060,1-2y,1-2y,1-2y,1-2y,1-2y,1-2y,RETRIEVABLE,RETRIEVABLE,RETRIEVABLE,RETRIEVABLE,RETRIEVABLE,RETRIEVABLE
7468630720538266885,A2,W-other-ns,2025-02-07T11:01:37Z,1.5059,1-2y,1-2y,1-2y,1-2y,1-2y,1-2y,RETRIEVABLE,RETRIEVABLE,RETRIEVABLE,RETRIEVABLE,RETRIEVABLE,RETRIEVABLE
7470503073669041426,A2,W-other-ns,2025-02-12T12:07:19Z,1.4920,1-2y,1-2y,1-2y,1-2y,1-2y,1-2y,RETRIEVABLE,RETRIEVABLE,RETRIEVABLE,RETRIEVABLE,RETRIEVABLE,RETRIEVABLE
7470995801058184453,A2,W-other-ns,2025-02-13T19:59:21Z,1.4884,1-2y,1-2y,1-2y,1-2y,1-2y,1-2y,RETRIEVABLE,RETRIEVABLE,RETRIEVABLE,RETRIEVABLE,RETRIEVABLE,RETRIEVABLE
7471725656519298310,A2,W-other-ns,2025-02-15T19:11:33Z,1.4830,1-2y,1-2y,1-2y,1-2y,1-2y,1-2y,RETRIEVABLE,RETRIEVABLE,RETRIEVABLE,RETRIEVABLE,RETRIEVABLE,RETRIEVABLE
7473469703139233031,A2,W-other-ns,2025-02-20T11:59:21Z,1.4702,1-2y,1-2y,1-2y,1-2y,1-2y,1-2y,RETRIEVABLE,RETRIEVABLE,RETRIEVABLE,RETRIEVABLE,RETRIEVABLE,RETRIEVABLE
7474954772072647944,A2,W-other-ns,2025-02-24T12:02:10Z,1.4592,1-2y,1-2y,1-2y,1-2y,1-2y,1-2y,RETRIEVABLE,RETRIEVABLE,RETRIEVABLE,RETRIEVABLE,RETRIEVABLE,RETRIEVABLE
7475149329263529247,A2,W-other-ns,2025-02-25T00:37:09Z,1.4578,1-2y,1-2y,1-2y,1-2y,1-2y,1-2y,RETRIEVABLE,RETRIEVABLE,RETRIEVABLE,RETRIEVABLE,RETRIEVABLE,RETRIEVABLE
7476358010835651862,A2,W-other-ns,2025-02-28T06:47:27Z,1.4488,1-2y,1-2y,1-2y,1-2y,1-2y,1-2y,NOT-RETRIEVABLE,NOT-RETRIEVABLE,NOT-RETRIEVABLE,NOT-RETRIEVABLE,NOT-RETRIEVABLE,NOT-RETRIEVABLE
7476369454117440776,A2,W-other-ns,2025-02-28T07:31:52Z,1.4488,1-2y,1-2y,1-2y,1-2y,1-2y,1-2y,NOT-RETRIEVABLE,NOT-RETRIEVABLE,NOT-RETRIEVABLE,NOT-RETRIEVABLE,NOT-RETRIEVABLE,NOT-RETRIEVABLE
7476892042510011670,A2,W-other-ns,2025-03-01T17:19:46Z,1.4449,1-2y,1-2y,1-2y,1-2y,1-2y,1-2y,NOT-RETRIEVABLE,NOT-RETRIEVABLE,NOT-RETRIEVABLE,NOT-RETRIEVABLE,NOT-RETRIEVABLE,NOT-RETRIEVABLE
7478603298916797718,A2,W-other-ns,2025-03-06T08:00:19Z,1.4323,1-2y,1-2y,1-2y,1-2y,1-2y,1-2y,NOT-RETRIEVABLE,NOT-RETRIEVABLE,NOT-RETRIEVABLE,NOT-RETRIEVABLE,NOT-RETRIEVABLE,NOT-RETRIEVABLE
7480506636944166151,A2,W-other-ns,2025-03-11T11:06:15Z,1.4182,1-2y,1-2y,1-2y,1-2y,1-2y,1-2y,RETRIEVABLE,RETRIEVABLE,RETRIEVABLE,RETRIEVABLE,RETRIEVABLE,RETRIEVABLE
7480970980987309334,A2,W-other-ns,2025-03-12T17:08:08Z,1.4148,1-2y,1-2y,1-2y,1-2y,1-2y,1-2y,RETRIEVABLE,RETRIEVABLE,RETRIEVABLE,RETRIEVABLE,RETRIEVABLE,RETRIEVABLE
7481301504549244215,A2,W-other-ns,2025-03-13T14:30:44Z,1.4124,1-2y,1-2y,1-2y,1-2y,1-2y,1-2y,RETRIEVABLE,RETRIEVABLE,RETRIEVABLE,RETRIEVABLE,RETRIEVABLE,RETRIEVABLE
7481666863919828246,A2,W-other-ns,2025-03-14T14:08:31Z,1.4097,1-2y,1-2y,1-2y,1-2y,1-2y,1-2y,RETRIEVABLE,RETRIEVABLE,RETRIEVABLE,RETRIEVABLE,RETRIEVABLE,RETRIEVABLE
7482819872511053062,A2,W-other-ns,2025-03-17T16:42:47Z,1.4012,1-2y,1-2y,1-2y,1-2y,1-2y,1-2y,RETRIEVABLE,RETRIEVABLE,RETRIEVABLE,RETRIEVABLE,RETRIEVABLE,RETRIEVABLE
7483000336022555911,A2,W-other-ns,2025-03-18T04:23:04Z,1.3998,1-2y,1-2y,1-2y,1-2y,1-2y,1-2y,RETRIEVABLE,RETRIEVABLE,RETRIEVABLE,RETRIEVABLE,RETRIEVABLE,RETRIEVABLE
7483259784746126614,A2,W-other-ns,2025-03-18T21:09:52Z,1.3979,1-2y,1-2y,1-2y,1-2y,1-2y,1-2y,RETRIEVABLE,RETRIEVABLE,RETRIEVABLE,RETRIEVABLE,RETRIEVABLE,RETRIEVABLE
7486235683615493407,A2,W-other-ns,2025-03-26T21:37:52Z,1.3760,1-2y,1-2y,1-2y,1-2y,1-2y,1-2y,RETRIEVABLE,RETRIEVABLE,RETRIEVABLE,RETRIEVABLE,RETRIEVABLE,RETRIEVABLE
7487217052722220296,A2,W-other-ns,2025-03-29T13:06:05Z,1.3687,1-2y,1-2y,1-2y,1-2y,1-2y,1-2y,RETRIEVABLE,RETRIEVABLE,RETRIEVABLE,RETRIEVABLE,RETRIEVABLE,RETRIEVABLE
7487600083257642271,A2,W-other-ns,2025-03-30T13:52:26Z,1.3659,1-2y,1-2y,1-2y,1-2y,1-2y,1-2y,RETRIEVABLE,RETRIEVABLE,RETRIEVABLE,RETRIEVABLE,RETRIEVABLE,RETRIEVABLE
7487698508011539734,A2,W-other-ns,2025-03-30T20:14:23Z,1.3652,1-2y,1-2y,1-2y,1-2y,1-2y,1-2y,RETRIEVABLE,RETRIEVABLE,RETRIEVABLE,RETRIEVABLE,RETRIEVABLE,RETRIEVABLE
7488001479412927774,A2,W-other-ns,2025-03-31T15:50:04Z,1.3629,1-2y,1-2y,1-2y,1-2y,1-2y,1-2y,RETRIEVABLE,RETRIEVABLE,RETRIEVABLE,RETRIEVABLE,RETRIEVABLE,RETRIEVABLE
7488501444727852319,A2,W-other-ns,2025-04-02T00:10:11Z,1.3593,1-2y,1-2y,1-2y,1-2y,1-2y,1-2y,RETRIEVABLE,RETRIEVABLE,RETRIEVABLE,RETRIEVABLE,RETRIEVABLE,RETRIEVABLE
7488860650874096903,A2,W-other-ns,2025-04-02T23:24:05Z,1.3566,1-2y,1-2y,1-2y,1-2y,1-2y,1-2y,RETRIEVABLE,RETRIEVABLE,RETRIEVABLE,RETRIEVABLE,RETRIEVABLE,RETRIEVABLE
7488939944744946987,A2,W-other-ns,2025-04-03T04:31:47Z,1.3560,1-2y,1-2y,1-2y,1-2y,1-2y,1-2y,RETRIEVABLE,RETRIEVABLE,RETRIEVABLE,RETRIEVABLE,RETRIEVABLE,RETRIEVABLE
7489260241389948191,A2,W-other-ns,2025-04-04T01:14:42Z,1.3537,1-2y,1-2y,1-2y,1-2y,1-2y,1-2y,RETRIEVABLE,RETRIEVABLE,RETRIEVABLE,RETRIEVABLE,RETRIEVABLE,RETRIEVABLE
7489600125581544726,A2,W-other-ns,2025-04-04T23:13:37Z,1.3511,1-2y,1-2y,1-2y,1-2y,1-2y,1-2y,RETRIEVABLE,RETRIEVABLE,RETRIEVABLE,RETRIEVABLE,RETRIEVABLE,RETRIEVABLE
7489822733296078135,A2,W-other-ns,2025-04-05T13:37:27Z,1.3495,1-2y,1-2y,1-2y,1-2y,1-2y,1-2y,RETRIEVABLE,RETRIEVABLE,RETRIEVABLE,RETRIEVABLE,RETRIEVABLE,RETRIEVABLE
7490289698523434262,A2,W-other-ns,2025-04-06T19:49:31Z,1.3461,1-2y,1-2y,1-2y,1-2y,1-2y,1-2y,RETRIEVABLE,RETRIEVABLE,RETRIEVABLE,RETRIEVABLE,RETRIEVABLE,RETRIEVABLE
7490554045787049271,A2,W-other-ns,2025-04-07T12:55:19Z,1.3441,1-2y,1-2y,1-2y,1-2y,1-2y,1-2y,RETRIEVABLE,RETRIEVABLE,RETRIEVABLE,RETRIEVABLE,RETRIEVABLE,RETRIEVABLE
7491723982140411158,A2,W-other-ns,2025-04-10T16:35:16Z,1.3355,1-2y,1-2y,1-2y,1-2y,1-2y,1-2y,RETRIEVABLE,RETRIEVABLE,RETRIEVABLE,RETRIEVABLE,RETRIEVABLE,RETRIEVABLE
7491757970888477995,A2,W-other-ns,2025-04-10T18:47:10Z,1.3352,1-2y,1-2y,1-2y,1-2y,1-2y,1-2y,RETRIEVABLE,RETRIEVABLE,RETRIEVABLE,RETRIEVABLE,RETRIEVABLE,RETRIEVABLE
7493479774690626838,A2,W-other-ns,2025-04-15T10:08:39Z,1.3225,1-2y,1-2y,1-2y,1-2y,1-2y,1-2y,RETRIEVABLE,RETRIEVABLE,RETRIEVABLE,RETRIEVABLE,RETRIEVABLE,RETRIEVABLE
7493899265421380886,A2,W-other-ns,2025-04-16T13:16:29Z,1.3194,1-2y,1-2y,1-2y,1-2y,1-2y,1-2y,NOT-RETRIEVABLE,NOT-RETRIEVABLE,NOT-RETRIEVABLE,NOT-RETRIEVABLE,NOT-RETRIEVABLE,NOT-RETRIEVABLE
7494331342272908586,A2,W-other-ns,2025-04-17T17:13:10Z,1.3162,1-2y,1-2y,1-2y,1-2y,1-2y,1-2y,RETRIEVABLE,RETRIEVABLE,RETRIEVABLE,RETRIEVABLE,RETRIEVABLE,RETRIEVABLE
7495765173823753479,A2,W-other-ns,2025-04-21T13:57:10Z,1.3057,1-2y,1-2y,1-2y,1-2y,1-2y,1-2y,RETRIEVABLE,RETRIEVABLE,RETRIEVABLE,RETRIEVABLE,RETRIEVABLE,RETRIEVABLE
7496820780848647431,A2,W-other-ns,2025-04-24T10:13:27Z,1.2979,1-2y,1-2y,1-2y,1-2y,1-2y,1-2y,RETRIEVABLE,RETRIEVABLE,RETRIEVABLE,RETRIEVABLE,RETRIEVABLE,RETRIEVABLE
7497992630693924114,A2,W-other-ns,2025-04-27T14:00:50Z,1.2892,1-2y,1-2y,1-2y,1-2y,1-2y,1-2y,NOT-RETRIEVABLE,NOT-RETRIEVABLE,NOT-RETRIEVABLE,INDETERMINATE,NOT-RETRIEVABLE,NOT-RETRIEVABLE
7498567200211586310,A2,W-other-ns,2025-04-29T03:10:27Z,1.2850,1-2y,1-2y,1-2y,1-2y,1-2y,1-2y,RETRIEVABLE,RETRIEVABLE,RETRIEVABLE,RETRIEVABLE,RETRIEVABLE,RETRIEVABLE
7500348151069412663,A2,W-other-ns,2025-05-03T22:21:27Z,1.2719,1-2y,1-2y,1-2y,1-2y,1-2y,1-2y,RETRIEVABLE,RETRIEVABLE,RETRIEVABLE,RETRIEVABLE,RETRIEVABLE,RETRIEVABLE
7501076489392180502,A2,W-other-ns,2025-05-05T21:27:47Z,1.2665,1-2y,1-2y,1-2y,1-2y,1-2y,1-2y,NOT-RETRIEVABLE,NOT-RETRIEVABLE,NOT-RETRIEVABLE,NOT-RETRIEVABLE,NOT-RETRIEVABLE,NOT-RETRIEVABLE
7502064132623961350,A2,W-other-ns,2025-05-08T13:20:20Z,1.2592,1-2y,1-2y,1-2y,1-2y,1-2y,1-2y,RETRIEVABLE,RETRIEVABLE,RETRIEVABLE,RETRIEVABLE,RETRIEVABLE,RETRIEVABLE
7503573106187832618,A2,W-other-ns,2025-05-12T14:55:56Z,1.2481,1-2y,1-2y,1-2y,1-2y,1-2y,1-2y,RETRIEVABLE,RETRIEVABLE,RETRIEVABLE,RETRIEVABLE,RETRIEVABLE,RETRIEVABLE
7503949550504119570,A2,W-other-ns,2025-05-13T15:16:43Z,1.2453,1-2y,1-2y,1-2y,1-2y,1-2y,1-2y,RETRIEVABLE,RETRIEVABLE,RETRIEVABLE,RETRIEVABLE,RETRIEVABLE,RETRIEVABLE
7504623441325182215,A2,W-other-ns,2025-05-15T10:51:46Z,1.2403,1-2y,1-2y,1-2y,1-2y,1-2y,1-2y,RETRIEVABLE,RETRIEVABLE,RETRIEVABLE,RETRIEVABLE,RETRIEVABLE,RETRIEVABLE
7507348742190812458,A2,W-other-ns,2025-05-22T19:07:19Z,1.2202,1-2y,1-2y,1-2y,1-2y,1-2y,1-2y,RETRIEVABLE,RETRIEVABLE,RETRIEVABLE,RETRIEVABLE,RETRIEVABLE,RETRIEVABLE
7508432962875084078,A2,W-other-ns,2025-05-25T17:14:39Z,1.2122,1-2y,1-2y,1-2y,1-2y,1-2y,1-2y,RETRIEVABLE,RETRIEVABLE,RETRIEVABLE,RETRIEVABLE,RETRIEVABLE,RETRIEVABLE
7508535169893158166,A2,W-other-ns,2025-05-25T23:51:16Z,1.2114,1-2y,1-2y,1-2y,1-2y,1-2y,1-2y,NOT-RETRIEVABLE,NOT-RETRIEVABLE,NOT-RETRIEVABLE,NOT-RETRIEVABLE,NOT-RETRIEVABLE,NOT-RETRIEVABLE
7508810661623794950,A2,W-other-ns,2025-05-26T17:40:19Z,1.2094,1-2y,1-2y,1-2y,1-2y,1-2y,1-2y,RETRIEVABLE,RETRIEVABLE,RETRIEVABLE,RETRIEVABLE,RETRIEVABLE,RETRIEVABLE
7509111478251834642,A2,W-other-ns,2025-05-27T13:07:38Z,1.2072,1-2y,1-2y,1-2y,1-2y,1-2y,1-2y,RETRIEVABLE,RETRIEVABLE,RETRIEVABLE,RETRIEVABLE,RETRIEVABLE,RETRIEVABLE
7509454360166944022,A2,W-other-ns,2025-05-28T11:18:12Z,1.2047,1-2y,1-2y,1-2y,1-2y,1-2y,1-2y,RETRIEVABLE,RETRIEVABLE,RETRIEVABLE,RETRIEVABLE,RETRIEVABLE,RETRIEVABLE
7509522628290350358,A2,W-other-ns,2025-05-28T15:43:07Z,1.2042,1-2y,1-2y,1-2y,1-2y,1-2y,1-2y,RETRIEVABLE,RETRIEVABLE,RETRIEVABLE,RETRIEVABLE,RETRIEVABLE,RETRIEVABLE
7509895150269762838,A2,W-other-ns,2025-05-29T15:48:41Z,1.2014,1-2y,1-2y,1-2y,1-2y,1-2y,1-2y,RETRIEVABLE,INDETERMINATE,RETRIEVABLE,RETRIEVABLE,RETRIEVABLE,RETRIEVABLE
7510326442257894678,A2,W-other-ns,2025-05-30T19:42:19Z,1.1982,1-2y,1-2y,1-2y,1-2y,1-2y,1-2y,RETRIEVABLE,RETRIEVABLE,RETRIEVABLE,RETRIEVABLE,RETRIEVABLE,RETRIEVABLE
7510948525623184658,A2,W-other-ns,2025-06-01T11:56:19Z,1.1936,1-2y,1-2y,1-2y,1-2y,1-2y,1-2y,RETRIEVABLE,RETRIEVABLE,RETRIEVABLE,RETRIEVABLE,RETRIEVABLE,RETRIEVABLE
7511701803126344982,A2,W-other-ns,2025-06-03T12:39:25Z,1.1881,1-2y,1-2y,1-2y,1-2y,1-2y,1-2y,RETRIEVABLE,RETRIEVABLE,RETRIEVABLE,RETRIEVABLE,RETRIEVABLE,RETRIEVABLE
7511738066076208406,A2,W-other-ns,2025-06-03T15:00:08Z,1.1878,1-2y,1-2y,1-2y,1-2y,1-2y,1-2y,RETRIEVABLE,RETRIEVABLE,RETRIEVABLE,RETRIEVABLE,RETRIEVABLE,RETRIEVABLE
7512788463884700946,A2,W-other-ns,2025-06-06T10:56:13Z,1.1801,1-2y,1-2y,1-2y,1-2y,1-2y,1-2y,RETRIEVABLE,RETRIEVABLE,RETRIEVABLE,RETRIEVABLE,RETRIEVABLE,RETRIEVABLE
7512807347148999943,A2,W-other-ns,2025-06-06T12:09:30Z,1.1799,1-2y,1-2y,1-2y,1-2y,1-2y,1-2y,RETRIEVABLE,RETRIEVABLE,RETRIEVABLE,RETRIEVABLE,RETRIEVABLE,INDETERMINATE
7512961958287609118,A2,W-other-ns,2025-06-06T22:09:28Z,1.1788,1-2y,1-2y,1-2y,1-2y,1-2y,1-2y,RETRIEVABLE,RETRIEVABLE,RETRIEVABLE,RETRIEVABLE,RETRIEVABLE,RETRIEVABLE
7513159606722432262,A2,W-other-ns,2025-06-07T10:56:27Z,1.1773,1-2y,1-2y,1-2y,1-2y,1-2y,1-2y,RETRIEVABLE,RETRIEVABLE,RETRIEVABLE,RETRIEVABLE,RETRIEVABLE,RETRIEVABLE
7517483564032724238,A2,W-other-ns,2025-06-19T02:35:36Z,1.1454,1-2y,1-2y,1-2y,1-2y,1-2y,1-2y,RETRIEVABLE,RETRIEVABLE,RETRIEVABLE,RETRIEVABLE,RETRIEVABLE,RETRIEVABLE
7517771783521537335,A2,W-other-ns,2025-06-19T21:14:03Z,1.1433,1-2y,1-2y,1-2y,1-2y,1-2y,1-2y,RETRIEVABLE,RETRIEVABLE,RETRIEVABLE,RETRIEVABLE,RETRIEVABLE,RETRIEVABLE
7518576594953243918,A2,W-other-ns,2025-06-22T01:17:07Z,1.1374,1-2y,1-2y,1-2y,1-2y,1-2y,1-2y,RETRIEVABLE,RETRIEVABLE,RETRIEVABLE,RETRIEVABLE,RETRIEVABLE,RETRIEVABLE
7519745909555612935,A2,W-other-ns,2025-06-25T04:54:40Z,1.1287,1-2y,1-2y,1-2y,1-2y,1-2y,1-2y,RETRIEVABLE,RETRIEVABLE,RETRIEVABLE,RETRIEVABLE,RETRIEVABLE,RETRIEVABLE
7520038998996208902,A2,W-other-ns,2025-06-25T23:52:00Z,1.1266,1-2y,1-2y,1-2y,1-2y,1-2y,1-2y,RETRIEVABLE,RETRIEVABLE,RETRIEVABLE,RETRIEVABLE,RETRIEVABLE,RETRIEVABLE
7520140183577103636,A2,W-other-ns,2025-06-26T06:24:39Z,1.1258,1-2y,1-2y,1-2y,1-2y,1-2y,1-2y,RETRIEVABLE,RETRIEVABLE,RETRIEVABLE,RETRIEVABLE,RETRIEVABLE,RETRIEVABLE
7520351618072579359,A2,W-other-ns,2025-06-26T20:05:07Z,1.1243,1-2y,1-2y,1-2y,1-2y,1-2y,1-2y,RETRIEVABLE,RETRIEVABLE,RETRIEVABLE,RETRIEVABLE,RETRIEVABLE,RETRIEVABLE
7521790204659715334,A2,W-other-ns,2025-06-30T17:07:34Z,1.1137,1-2y,1-2y,1-2y,1-2y,1-2y,1-2y,RETRIEVABLE,RETRIEVABLE,RETRIEVABLE,RETRIEVABLE,RETRIEVABLE,RETRIEVABLE
7522417251232894216,A2,W-other-ns,2025-07-02T09:40:50Z,1.1090,1-2y,1-2y,1-2y,1-2y,1-2y,1-2y,RETRIEVABLE,RETRIEVABLE,RETRIEVABLE,RETRIEVABLE,RETRIEVABLE,RETRIEVABLE
7524777788298087736,A2,W-other-ns,2025-07-08T18:20:55Z,1.0916,1-2y,1-2y,1-2y,1-2y,1-2y,1-2y,RETRIEVABLE,RETRIEVABLE,RETRIEVABLE,RETRIEVABLE,RETRIEVABLE,RETRIEVABLE
7525097213656091926,A2,W-other-ns,2025-07-09T15:00:27Z,1.0893,1-2y,1-2y,1-2y,1-2y,1-2y,1-2y,RETRIEVABLE,RETRIEVABLE,RETRIEVABLE,RETRIEVABLE,RETRIEVABLE,RETRIEVABLE
7525302362932612359,A2,W-other-ns,2025-07-10T04:16:32Z,1.0877,1-2y,1-2y,1-2y,1-2y,1-2y,1-2y,RETRIEVABLE,RETRIEVABLE,RETRIEVABLE,RETRIEVABLE,INDETERMINATE,RETRIEVABLE
7525752403220516103,A2,W-other-ns,2025-07-11T09:22:56Z,1.0844,1-2y,1-2y,1-2y,1-2y,1-2y,1-2y,RETRIEVABLE,RETRIEVABLE,RETRIEVABLE,RETRIEVABLE,RETRIEVABLE,RETRIEVABLE
7526176972687428895,A2,W-other-ns,2025-07-12T12:50:28Z,1.0813,1-2y,1-2y,1-2y,1-2y,1-2y,1-2y,RETRIEVABLE,RETRIEVABLE,RETRIEVABLE,RETRIEVABLE,RETRIEVABLE,RETRIEVABLE
7526631243836853526,A2,W-other-ns,2025-07-13T18:13:17Z,1.0779,1-2y,1-2y,1-2y,1-2y,1-2y,1-2y,RETRIEVABLE,RETRIEVABLE,RETRIEVABLE,RETRIEVABLE,RETRIEVABLE,RETRIEVABLE
7526894782371597590,A2,W-other-ns,2025-07-14T11:15:56Z,1.0760,1-2y,1-2y,1-2y,1-2y,1-2y,1-2y,RETRIEVABLE,RETRIEVABLE,RETRIEVABLE,RETRIEVABLE,RETRIEVABLE,RETRIEVABLE
7527993376495684870,A2,W-other-ns,2025-07-17T10:19:03Z,1.0679,1-2y,1-2y,1-2y,1-2y,1-2y,1-2y,RETRIEVABLE,RETRIEVABLE,RETRIEVABLE,RETRIEVABLE,RETRIEVABLE,RETRIEVABLE
7528764721688841494,A2,W-other-ns,2025-07-19T12:12:16Z,1.0622,1-2y,1-2y,1-2y,1-2y,1-2y,1-2y,RETRIEVABLE,RETRIEVABLE,RETRIEVABLE,RETRIEVABLE,RETRIEVABLE,RETRIEVABLE
7529182179646098704,A2,W-other-ns,2025-07-20T15:12:13Z,1.0591,1-2y,1-2y,1-2y,1-2y,1-2y,1-2y,RETRIEVABLE,RETRIEVABLE,RETRIEVABLE,RETRIEVABLE,RETRIEVABLE,RETRIEVABLE
7529423474025155847,A2,W-other-ns,2025-07-21T06:48:33Z,1.0573,1-2y,1-2y,1-2y,1-2y,1-2y,1-2y,RETRIEVABLE,RETRIEVABLE,RETRIEVABLE,RETRIEVABLE,RETRIEVABLE,RETRIEVABLE
7529600767825546514,A2,W-other-ns,2025-07-21T18:16:33Z,1.0560,1-2y,1-2y,1-2y,1-2y,1-2y,1-2y,RETRIEVABLE,RETRIEVABLE,RETRIEVABLE,RETRIEVABLE,RETRIEVABLE,RETRIEVABLE
7530043643894222110,A2,W-other-ns,2025-07-22T22:55:08Z,1.0528,1-2y,1-2y,1-2y,1-2y,1-2y,1-2y,RETRIEVABLE,RETRIEVABLE,RETRIEVABLE,RETRIEVABLE,RETRIEVABLE,RETRIEVABLE
7530270290857692422,A2,W-other-ns,2025-07-23T13:34:38Z,1.0511,1-2y,1-2y,1-2y,1-2y,1-2y,1-2y,RETRIEVABLE,RETRIEVABLE,RETRIEVABLE,RETRIEVABLE,RETRIEVABLE,RETRIEVABLE
7530833129825635639,A2,W-other-ns,2025-07-25T01:58:44Z,1.0469,1-2y,1-2y,1-2y,1-2y,1-2y,1-2y,RETRIEVABLE,RETRIEVABLE,RETRIEVABLE,RETRIEVABLE,RETRIEVABLE,RETRIEVABLE
7532270532591439110,A2,W-other-ns,2025-07-28T22:56:36Z,1.0363,1-2y,1-2y,1-2y,1-2y,1-2y,1-2y,RETRIEVABLE,RETRIEVABLE,RETRIEVABLE,RETRIEVABLE,RETRIEVABLE,RETRIEVABLE
7532829024050056456,A2,W-other-ns,2025-07-30T11:03:50Z,1.0322,1-2y,1-2y,1-2y,1-2y,1-2y,1-2y,RETRIEVABLE,RETRIEVABLE,RETRIEVABLE,RETRIEVABLE,RETRIEVABLE,RETRIEVABLE
7533604986576473352,A2,W-other-ns,2025-08-01T13:14:58Z,1.0265,1-2y,1-2y,1-2y,1-2y,1-2y,1-2y,RETRIEVABLE,RETRIEVABLE,RETRIEVABLE,RETRIEVABLE,RETRIEVABLE,RETRIEVABLE
7533804728816389390,A2,W-other-ns,2025-08-02T02:10:04Z,1.0250,1-2y,1-2y,1-2y,1-2y,1-2y,1-2y,RETRIEVABLE,RETRIEVABLE,RETRIEVABLE,RETRIEVABLE,RETRIEVABLE,RETRIEVABLE
7534051129345281287,A2,W-other-ns,2025-08-02T18:06:13Z,1.0232,1-2y,1-2y,1-2y,1-2y,1-2y,1-2y,RETRIEVABLE,RETRIEVABLE,RETRIEVABLE,RETRIEVABLE,RETRIEVABLE,RETRIEVABLE
7534848690809310495,A2,W-other-ns,2025-08-04T21:41:10Z,1.0173,1-2y,1-2y,1-2y,1-2y,1-2y,1-2y,RETRIEVABLE,RETRIEVABLE,RETRIEVABLE,RETRIEVABLE,RETRIEVABLE,RETRIEVABLE
7534849245082373406,A2,W-other-ns,2025-08-04T21:43:19Z,1.0173,1-2y,1-2y,1-2y,1-2y,1-2y,1-2y,RETRIEVABLE,RETRIEVABLE,RETRIEVABLE,RETRIEVABLE,RETRIEVABLE,RETRIEVABLE
7535132125033499934,A2,W-other-ns,2025-08-05T16:01:02Z,1.0152,1-2y,1-2y,1-2y,1-2y,1-2y,1-2y,RETRIEVABLE,RETRIEVABLE,RETRIEVABLE,RETRIEVABLE,RETRIEVABLE,RETRIEVABLE
7536011928292822303,A2,W-other-ns,2025-08-08T00:55:07Z,1.0087,1-2y,1-2y,1-2y,1-2y,1-2y,1-2y,RETRIEVABLE,RETRIEVABLE,RETRIEVABLE,RETRIEVABLE,RETRIEVABLE,RETRIEVABLE
7536692818434100511,A2,W-other-ns,2025-08-09T20:57:19Z,1.0037,1-2y,1-2y,1-2y,1-2y,1-2y,1-2y,NOT-RETRIEVABLE,NOT-RETRIEVABLE,NOT-RETRIEVABLE,NOT-RETRIEVABLE,NOT-RETRIEVABLE,NOT-RETRIEVABLE
7536786249844051230,A2,W-other-ns,2025-08-10T02:59:53Z,1.0030,1-2y,1-2y,1-2y,1-2y,1-2y,1-2y,RETRIEVABLE,RETRIEVABLE,RETRIEVABLE,RETRIEVABLE,RETRIEVABLE,RETRIEVABLE
7538205303217736965,A2,W-other-ns,2025-08-13T22:46:32Z,0.9925,0-1y,0-1y,0-1y,0-1y,1-2y,1-2y,RETRIEVABLE,RETRIEVABLE,RETRIEVABLE,RETRIEVABLE,RETRIEVABLE,RETRIEVABLE
7538450219306929414,A2,W-other-ns,2025-08-14T14:36:56Z,0.9907,0-1y,0-1y,0-1y,0-1y,1-2y,1-2y,RETRIEVABLE,INDETERMINATE,RETRIEVABLE,RETRIEVABLE,RETRIEVABLE,RETRIEVABLE
7539218771899075858,A2,W-other-ns,2025-08-16T16:19:19Z,0.9851,0-1y,0-1y,0-1y,0-1y,0-1y,0-1y,RETRIEVABLE,RETRIEVABLE,RETRIEVABLE,RETRIEVABLE,RETRIEVABLE,RETRIEVABLE
7539519775106518290,A2,W-other-ns,2025-08-17T11:47:22Z,0.9828,0-1y,0-1y,0-1y,0-1y,0-1y,0-1y,RETRIEVABLE,RETRIEVABLE,RETRIEVABLE,RETRIEVABLE,RETRIEVABLE,RETRIEVABLE
7540272114671062280,A2,W-other-ns,2025-08-19T12:26:49Z,0.9773,0-1y,0-1y,0-1y,0-1y,0-1y,0-1y,RETRIEVABLE,RETRIEVABLE,RETRIEVABLE,RETRIEVABLE,RETRIEVABLE,RETRIEVABLE
7540645420993629447,A2,W-other-ns,2025-08-20T12:35:26Z,0.9745,0-1y,0-1y,0-1y,0-1y,0-1y,0-1y,RETRIEVABLE,RETRIEVABLE,RETRIEVABLE,RETRIEVABLE,RETRIEVABLE,RETRIEVABLE
7541702946296319254,A2,W-other-ns,2025-08-23T08:59:11Z,0.9667,0-1y,0-1y,0-1y,0-1y,0-1y,0-1y,RETRIEVABLE,RETRIEVABLE,RETRIEVABLE,RETRIEVABLE,RETRIEVABLE,RETRIEVABLE
7542878743988079894,A2,W-other-ns,2025-08-26T13:01:52Z,0.9581,0-1y,0-1y,0-1y,0-1y,0-1y,0-1y,RETRIEVABLE,RETRIEVABLE,RETRIEVABLE,RETRIEVABLE,RETRIEVABLE,RETRIEVABLE
7545817132362255633,A2,W-other-ns,2025-09-03T11:04:19Z,0.9364,0-1y,0-1y,0-1y,0-1y,0-1y,0-1y,RETRIEVABLE,INDETERMINATE,RETRIEVABLE,RETRIEVABLE,RETRIEVABLE,RETRIEVABLE
7546416661725859077,A2,W-other-ns,2025-09-05T01:50:48Z,0.9320,0-1y,0-1y,0-1y,0-1y,0-1y,0-1y,RETRIEVABLE,RETRIEVABLE,RETRIEVABLE,RETRIEVABLE,RETRIEVABLE,RETRIEVABLE
7547366143506337054,A2,W-other-ns,2025-09-07T15:15:17Z,0.9250,0-1y,0-1y,0-1y,0-1y,0-1y,0-1y,RETRIEVABLE,RETRIEVABLE,RETRIEVABLE,RETRIEVABLE,RETRIEVABLE,RETRIEVABLE
7547767252817300758,A2,W-other-ns,2025-09-08T17:11:47Z,0.9220,0-1y,0-1y,0-1y,0-1y,0-1y,0-1y,RETRIEVABLE,RETRIEVABLE,RETRIEVABLE,RETRIEVABLE,RETRIEVABLE,RETRIEVABLE
7548586670916963597,A2,W-other-ns,2025-09-10T22:11:33Z,0.9159,0-1y,0-1y,0-1y,0-1y,0-1y,0-1y,RETRIEVABLE,RETRIEVABLE,RETRIEVABLE,RETRIEVABLE,RETRIEVABLE,RETRIEVABLE
7548888394030517526,A2,W-other-ns,2025-09-11T17:42:23Z,0.9137,0-1y,0-1y,0-1y,0-1y,0-1y,0-1y,RETRIEVABLE,RETRIEVABLE,RETRIEVABLE,RETRIEVABLE,RETRIEVABLE,RETRIEVABLE
7549239571309972743,A2,W-other-ns,2025-09-12T16:25:08Z,0.9111,0-1y,0-1y,0-1y,0-1y,0-1y,0-1y,RETRIEVABLE,RETRIEVABLE,RETRIEVABLE,RETRIEVABLE,RETRIEVABLE,RETRIEVABLE
7550089890596228382,A2,W-other-ns,2025-09-14T23:24:48Z,0.9049,0-1y,0-1y,0-1y,0-1y,0-1y,0-1y,RETRIEVABLE,RETRIEVABLE,RETRIEVABLE,RETRIEVABLE,RETRIEVABLE,RETRIEVABLE
7550192173979946246,A2,W-other-ns,2025-09-15T06:01:43Z,0.9041,0-1y,0-1y,0-1y,0-1y,0-1y,0-1y,RETRIEVABLE,RETRIEVABLE,RETRIEVABLE,RETRIEVABLE,RETRIEVABLE,RETRIEVABLE
7551417016633117960,A2,W-other-ns,2025-09-18T13:14:44Z,0.8951,0-1y,0-1y,0-1y,0-1y,0-1y,0-1y,RETRIEVABLE,RETRIEVABLE,RETRIEVABLE,RETRIEVABLE,RETRIEVABLE,RETRIEVABLE
7551767230300704013,A2,W-other-ns,2025-09-19T11:53:44Z,0.8925,0-1y,0-1y,0-1y,0-1y,0-1y,0-1y,RETRIEVABLE,RETRIEVABLE,RETRIEVABLE,RETRIEVABLE,RETRIEVABLE,RETRIEVABLE
7552609538977910030,A2,W-other-ns,2025-09-21T18:22:20Z,0.8863,0-1y,0-1y,0-1y,0-1y,0-1y,0-1y,RETRIEVABLE,RETRIEVABLE,RETRIEVABLE,RETRIEVABLE,RETRIEVABLE,RETRIEVABLE
7560783716046572823,A2,W-other-ns,2025-10-13T19:02:19Z,0.8260,0-1y,0-1y,0-1y,0-1y,0-1y,0-1y,RETRIEVABLE,RETRIEVABLE,RETRIEVABLE,RETRIEVABLE,RETRIEVABLE,RETRIEVABLE
7562223253637352717,A2,W-other-ns,2025-10-17T16:08:27Z,0.8153,0-1y,0-1y,0-1y,0-1y,0-1y,0-1y,RETRIEVABLE,RETRIEVABLE,RETRIEVABLE,RETRIEVABLE,RETRIEVABLE,RETRIEVABLE
7562371122755325206,A2,W-other-ns,2025-10-18T01:42:16Z,0.8142,0-1y,0-1y,0-1y,0-1y,0-1y,0-1y,RETRIEVABLE,RETRIEVABLE,RETRIEVABLE,RETRIEVABLE,RETRIEVABLE,RETRIEVABLE
7563721969691069718,A2,W-other-ns,2025-10-21T17:04:14Z,0.8043,0-1y,0-1y,0-1y,0-1y,0-1y,0-1y,RETRIEVABLE,RETRIEVABLE,RETRIEVABLE,RETRIEVABLE,RETRIEVABLE,RETRIEVABLE
7565530450064690440,A2,W-other-ns,2025-10-26T14:02:04Z,0.7909,0-1y,0-1y,0-1y,0-1y,0-1y,0-1y,RETRIEVABLE,RETRIEVABLE,INDETERMINATE,RETRIEVABLE,RETRIEVABLE,RETRIEVABLE
7569599945314045192,A2,W-other-ns,2025-11-06T13:13:47Z,0.7609,0-1y,0-1y,0-1y,0-1y,0-1y,0-1y,RETRIEVABLE,RETRIEVABLE,RETRIEVABLE,RETRIEVABLE,RETRIEVABLE,RETRIEVABLE
7570062262317141278,A2,W-other-ns,2025-11-07T19:07:49Z,0.7575,0-1y,0-1y,0-1y,0-1y,0-1y,0-1y,RETRIEVABLE,RETRIEVABLE,RETRIEVABLE,RETRIEVABLE,RETRIEVABLE,RETRIEVABLE
7571112168255425799,A2,W-other-ns,2025-11-10T15:01:59Z,0.7498,0-1y,0-1y,0-1y,0-1y,0-1y,0-1y,RETRIEVABLE,RETRIEVABLE,RETRIEVABLE,RETRIEVABLE,RETRIEVABLE,RETRIEVABLE
7571665370617007391,A2,W-other-ns,2025-11-12T02:48:41Z,0.7457,0-1y,0-1y,0-1y,0-1y,0-1y,0-1y,NOT-RETRIEVABLE,NOT-RETRIEVABLE,NOT-RETRIEVABLE,NOT-RETRIEVABLE,NOT-RETRIEVABLE,NOT-RETRIEVABLE
7572187286452981022,A2,W-other-ns,2025-11-13T12:33:59Z,0.7418,0-1y,0-1y,0-1y,0-1y,0-1y,0-1y,RETRIEVABLE,RETRIEVABLE,RETRIEVABLE,RETRIEVABLE,RETRIEVABLE,RETRIEVABLE
7572240409036983574,A2,W-other-ns,2025-11-13T16:00:08Z,0.7414,0-1y,0-1y,0-1y,0-1y,0-1y,0-1y,RETRIEVABLE,RETRIEVABLE,RETRIEVABLE,RETRIEVABLE,RETRIEVABLE,RETRIEVABLE
7573701435712490759,A2,W-other-ns,2025-11-17T14:29:40Z,0.7307,0-1y,0-1y,0-1y,0-1y,0-1y,0-1y,RETRIEVABLE,RETRIEVABLE,RETRIEVABLE,RETRIEVABLE,RETRIEVABLE,RETRIEVABLE
7574773429916945682,A2,W-other-ns,2025-11-20T11:49:33Z,0.7227,0-1y,0-1y,0-1y,0-1y,0-1y,0-1y,RETRIEVABLE,RETRIEVABLE,RETRIEVABLE,RETRIEVABLE,RETRIEVABLE,RETRIEVABLE
7575480405533429014,A2,W-other-ns,2025-11-22T09:32:58Z,0.7175,0-1y,0-1y,0-1y,0-1y,0-1y,0-1y,RETRIEVABLE,RETRIEVABLE,RETRIEVABLE,RETRIEVABLE,RETRIEVABLE,RETRIEVABLE
7575768461620563213,A2,W-other-ns,2025-11-23T04:10:47Z,0.7154,0-1y,0-1y,0-1y,0-1y,0-1y,0-1y,RETRIEVABLE,RETRIEVABLE,RETRIEVABLE,RETRIEVABLE,RETRIEVABLE,RETRIEVABLE
7576748620666522910,A2,W-other-ns,2025-11-25T19:34:18Z,0.7082,0-1y,0-1y,0-1y,0-1y,0-1y,0-1y,RETRIEVABLE,RETRIEVABLE,RETRIEVABLE,RETRIEVABLE,RETRIEVABLE,RETRIEVABLE
7579803609630510349,A2,W-other-ns,2025-12-04T01:09:13Z,0.6856,0-1y,0-1y,0-1y,0-1y,0-1y,0-1y,RETRIEVABLE,RETRIEVABLE,RETRIEVABLE,RETRIEVABLE,RETRIEVABLE,RETRIEVABLE
7581440315559562518,A2,W-other-ns,2025-12-08T11:00:28Z,0.6736,0-1y,0-1y,0-1y,0-1y,0-1y,0-1y,RETRIEVABLE,RETRIEVABLE,RETRIEVABLE,RETRIEVABLE,RETRIEVABLE,RETRIEVABLE
7582475345710845239,A2,W-other-ns,2025-12-11T05:56:55Z,0.6659,0-1y,0-1y,0-1y,0-1y,0-1y,0-1y,RETRIEVABLE,RETRIEVABLE,RETRIEVABLE,RETRIEVABLE,RETRIEVABLE,RETRIEVABLE
7586646427326041366,A2,W-other-ns,2025-12-22T11:42:50Z,0.6351,0-1y,0-1y,0-1y,0-1y,0-1y,0-1y,RETRIEVABLE,RETRIEVABLE,RETRIEVABLE,RETRIEVABLE,RETRIEVABLE,RETRIEVABLE
7588262645514456342,A2,W-other-ns,2025-12-26T20:14:35Z,0.6232,0-1y,0-1y,0-1y,0-1y,0-1y,0-1y,RETRIEVABLE,RETRIEVABLE,RETRIEVABLE,RETRIEVABLE,RETRIEVABLE,RETRIEVABLE
7588591985955523847,A2,W-other-ns,2025-12-27T17:32:36Z,0.6208,0-1y,0-1y,0-1y,0-1y,0-1y,0-1y,RETRIEVABLE,RETRIEVABLE,RETRIEVABLE,RETRIEVABLE,RETRIEVABLE,RETRIEVABLE
7590206741997047095,A2,W-other-ns,2026-01-01T01:58:41Z,0.6089,0-1y,0-1y,0-1y,0-1y,0-1y,0-1y,RETRIEVABLE,RETRIEVABLE,RETRIEVABLE,RETRIEVABLE,RETRIEVABLE,RETRIEVABLE
7590793074989649183,A2,W-other-ns,2026-01-02T15:53:57Z,0.6046,0-1y,0-1y,0-1y,0-1y,0-1y,0-1y,RETRIEVABLE,RETRIEVABLE,RETRIEVABLE,RETRIEVABLE,RETRIEVABLE,RETRIEVABLE
7591189764439674134,A2,W-other-ns,2026-01-03T17:33:18Z,0.6016,0-1y,0-1y,0-1y,0-1y,0-1y,0-1y,NOT-RETRIEVABLE,NOT-RETRIEVABLE,NOT-RETRIEVABLE,NOT-RETRIEVABLE,NOT-RETRIEVABLE,NOT-RETRIEVABLE
7591228850621762827,A2,W-other-ns,2026-01-03T20:04:59Z,0.6013,0-1y,0-1y,0-1y,0-1y,0-1y,0-1y,RETRIEVABLE,RETRIEVABLE,RETRIEVABLE,RETRIEVABLE,RETRIEVABLE,RETRIEVABLE
7592808896088067346,A2,W-other-ns,2026-01-08T02:16:22Z,0.5897,0-1y,0-1y,0-1y,0-1y,0-1y,0-1y,RETRIEVABLE,RETRIEVABLE,RETRIEVABLE,RETRIEVABLE,RETRIEVABLE,RETRIEVABLE
7592869628007812383,A2,W-other-ns,2026-01-08T06:12:02Z,0.5892,0-1y,0-1y,0-1y,0-1y,0-1y,0-1y,RETRIEVABLE,RETRIEVABLE,RETRIEVABLE,RETRIEVABLE,RETRIEVABLE,RETRIEVABLE
7595636217417338143,A2,W-other-ns,2026-01-15T17:07:49Z,0.5688,0-1y,0-1y,0-1y,0-1y,0-1y,0-1y,RETRIEVABLE,RETRIEVABLE,RETRIEVABLE,RETRIEVABLE,RETRIEVABLE,RETRIEVABLE
7596371989879622935,A2,W-other-ns,2026-01-17T16:42:59Z,0.5634,0-1y,0-1y,0-1y,0-1y,0-1y,0-1y,RETRIEVABLE,RETRIEVABLE,RETRIEVABLE,RETRIEVABLE,RETRIEVABLE,RETRIEVABLE
7598983993266048286,A2,W-other-ns,2026-01-24T17:38:54Z,0.5441,0-1y,0-1y,0-1y,0-1y,0-1y,0-1y,RETRIEVABLE,RETRIEVABLE,RETRIEVABLE,RETRIEVABLE,RETRIEVABLE,RETRIEVABLE
7600714509703073044,A2,W-other-ns,2026-01-29T09:34:11Z,0.5314,0-1y,0-1y,0-1y,0-1y,0-1y,0-1y,RETRIEVABLE,RETRIEVABLE,RETRIEVABLE,RETRIEVABLE,RETRIEVABLE,RETRIEVABLE
7601244355680029982,A2,W-other-ns,2026-01-30T19:50:15Z,0.5274,0-1y,0-1y,0-1y,0-1y,0-1y,0-1y,RETRIEVABLE,RETRIEVABLE,RETRIEVABLE,RETRIEVABLE,RETRIEVABLE,RETRIEVABLE
7602604807240600850,A2,W-other-ns,2026-02-03T11:49:30Z,0.5174,0-1y,0-1y,0-1y,0-1y,0-1y,0-1y,RETRIEVABLE,RETRIEVABLE,RETRIEVABLE,RETRIEVABLE,RETRIEVABLE,RETRIEVABLE
7602659262044704022,A2,W-other-ns,2026-02-03T15:20:49Z,0.5170,0-1y,0-1y,0-1y,0-1y,0-1y,0-1y,RETRIEVABLE,RETRIEVABLE,RETRIEVABLE,RETRIEVABLE,RETRIEVABLE,RETRIEVABLE
7603147619807874311,A2,W-other-ns,2026-02-04T22:55:54Z,0.5134,0-1y,0-1y,0-1y,0-1y,0-1y,0-1y,RETRIEVABLE,RETRIEVABLE,RETRIEVABLE,RETRIEVABLE,RETRIEVABLE,RETRIEVABLE
7603450911876238600,A2,W-other-ns,2026-02-05T18:32:49Z,0.5112,0-1y,0-1y,0-1y,0-1y,0-1y,0-1y,RETRIEVABLE,RETRIEVABLE,RETRIEVABLE,RETRIEVABLE,RETRIEVABLE,RETRIEVABLE
7603924434222681364,A2,W-other-ns,2026-02-07T01:10:20Z,0.5077,0-1y,0-1y,0-1y,0-1y,0-1y,0-1y,RETRIEVABLE,RETRIEVABLE,RETRIEVABLE,RETRIEVABLE,RETRIEVABLE,RETRIEVABLE
7604431661949914390,A2,W-other-ns,2026-02-08T09:58:38Z,0.5039,0-1y,0-1y,0-1y,0-1y,0-1y,0-1y,RETRIEVABLE,RETRIEVABLE,RETRIEVABLE,RETRIEVABLE,RETRIEVABLE,RETRIEVABLE
7604842397880552722,A2,W-other-ns,2026-02-09T12:32:30Z,0.5009,0-1y,0-1y,0-1y,0-1y,0-1y,0-1y,RETRIEVABLE,RETRIEVABLE,RETRIEVABLE,RETRIEVABLE,RETRIEVABLE,RETRIEVABLE
7605072205495471367,A2,W-other-ns,2026-02-10T03:24:16Z,0.4992,0-1y,0-1y,0-1y,0-1y,0-1y,0-1y,INDETERMINATE,RETRIEVABLE,RETRIEVABLE,RETRIEVABLE,RETRIEVABLE,RETRIEVABLE
7605647634145021214,A2,W-other-ns,2026-02-11T16:37:14Z,0.4950,0-1y,0-1y,0-1y,0-1y,0-1y,0-1y,RETRIEVABLE,RETRIEVABLE,RETRIEVABLE,RETRIEVABLE,RETRIEVABLE,RETRIEVABLE
7606284225171475730,A2,W-other-ns,2026-02-13T09:47:31Z,0.4903,0-1y,0-1y,0-1y,0-1y,0-1y,0-1y,RETRIEVABLE,RETRIEVABLE,INDETERMINATE,RETRIEVABLE,RETRIEVABLE,RETRIEVABLE
7606611141778787592,A2,W-other-ns,2026-02-14T06:56:08Z,0.4878,0-1y,0-1y,0-1y,0-1y,0-1y,0-1y,RETRIEVABLE,RETRIEVABLE,RETRIEVABLE,RETRIEVABLE,RETRIEVABLE,RETRIEVABLE
7606737422671613207,A2,W-other-ns,2026-02-14T15:06:10Z,0.4869,0-1y,0-1y,0-1y,0-1y,0-1y,0-1y,NOT-RETRIEVABLE,NOT-RETRIEVABLE,NOT-RETRIEVABLE,NOT-RETRIEVABLE,NOT-RETRIEVABLE,NOT-RETRIEVABLE
7607662940111555857,A2,W-other-ns,2026-02-17T02:57:39Z,0.4801,0-1y,0-1y,0-1y,0-1y,0-1y,0-1y,RETRIEVABLE,RETRIEVABLE,RETRIEVABLE,RETRIEVABLE,RETRIEVABLE,RETRIEVABLE
7607857722603719957,A2,W-other-ns,2026-02-17T15:33:30Z,0.4786,0-1y,0-1y,0-1y,0-1y,0-1y,0-1y,RETRIEVABLE,RETRIEVABLE,RETRIEVABLE,RETRIEVABLE,RETRIEVABLE,RETRIEVABLE
7608366870659337494,A2,W-other-ns,2026-02-19T00:29:15Z,0.4749,0-1y,0-1y,0-1y,0-1y,0-1y,0-1y,RETRIEVABLE,RETRIEVABLE,RETRIEVABLE,RETRIEVABLE,RETRIEVABLE,RETRIEVABLE
7610136522179874079,A2,W-other-ns,2026-02-23T18:56:24Z,0.4618,0-1y,0-1y,0-1y,0-1y,0-1y,0-1y,RETRIEVABLE,RETRIEVABLE,RETRIEVABLE,RETRIEVABLE,RETRIEVABLE,RETRIEVABLE
7610545915362921759,A2,W-other-ns,2026-02-24T21:25:04Z,0.4588,0-1y,0-1y,0-1y,0-1y,0-1y,0-1y,RETRIEVABLE,RETRIEVABLE,RETRIEVABLE,RETRIEVABLE,RETRIEVABLE,RETRIEVABLE
7610735663561837844,A2,W-other-ns,2026-02-25T09:41:23Z,0.4574,0-1y,0-1y,0-1y,0-1y,0-1y,0-1y,RETRIEVABLE,RETRIEVABLE,RETRIEVABLE,RETRIEVABLE,RETRIEVABLE,RETRIEVABLE
7613263867535215888,A2,W-other-ns,2026-03-04T05:12:06Z,0.4388,0-1y,0-1y,0-1y,0-1y,0-1y,0-1y,RETRIEVABLE,RETRIEVABLE,RETRIEVABLE,RETRIEVABLE,RETRIEVABLE,RETRIEVABLE
7613498644213402910,A2,W-other-ns,2026-03-04T20:23:09Z,0.4370,0-1y,0-1y,0-1y,0-1y,0-1y,0-1y,NOT-RETRIEVABLE,NOT-RETRIEVABLE,NOT-RETRIEVABLE,NOT-RETRIEVABLE,NOT-RETRIEVABLE,NOT-RETRIEVABLE
7613871350658256142,A2,W-other-ns,2026-03-05T20:29:27Z,0.4343,0-1y,0-1y,0-1y,0-1y,0-1y,0-1y,RETRIEVABLE,RETRIEVABLE,RETRIEVABLE,RETRIEVABLE,RETRIEVABLE,RETRIEVABLE
7615318721757760775,A2,W-other-ns,2026-03-09T18:05:59Z,0.4236,0-1y,0-1y,0-1y,0-1y,0-1y,0-1y,RETRIEVABLE,RETRIEVABLE,RETRIEVABLE,RETRIEVABLE,RETRIEVABLE,RETRIEVABLE
7615348999935102221,A2,W-other-ns,2026-03-09T20:03:29Z,0.4234,0-1y,0-1y,0-1y,0-1y,0-1y,0-1y,RETRIEVABLE,RETRIEVABLE,RETRIEVABLE,RETRIEVABLE,RETRIEVABLE,RETRIEVABLE
7615799746564787469,A2,W-other-ns,2026-03-11T01:12:36Z,0.4201,0-1y,0-1y,0-1y,0-1y,0-1y,0-1y,RETRIEVABLE,RETRIEVABLE,RETRIEVABLE,RETRIEVABLE,RETRIEVABLE,RETRIEVABLE
7616676459440295189,A2,W-other-ns,2026-03-13T09:54:42Z,0.4136,0-1y,0-1y,0-1y,0-1y,0-1y,0-1y,RETRIEVABLE,RETRIEVABLE,RETRIEVABLE,RETRIEVABLE,RETRIEVABLE,RETRIEVABLE
7616802766370983201,A2,W-other-ns,2026-03-13T18:04:50Z,0.4127,0-1y,0-1y,0-1y,0-1y,0-1y,0-1y,RETRIEVABLE,RETRIEVABLE,RETRIEVABLE,RETRIEVABLE,RETRIEVABLE,RETRIEVABLE
7617098849072598303,A2,W-other-ns,2026-03-14T13:13:47Z,0.4105,0-1y,0-1y,0-1y,0-1y,0-1y,0-1y,RETRIEVABLE,RETRIEVABLE,RETRIEVABLE,RETRIEVABLE,RETRIEVABLE,RETRIEVABLE
7617568257364512032,A2,W-other-ns,2026-03-15T19:35:20Z,0.4070,0-1y,0-1y,0-1y,0-1y,0-1y,0-1y,RETRIEVABLE,RETRIEVABLE,RETRIEVABLE,RETRIEVABLE,RETRIEVABLE,RETRIEVABLE
7618314214599331093,A2,W-other-ns,2026-03-17T19:50:02Z,0.4015,0-1y,0-1y,0-1y,0-1y,0-1y,0-1y,RETRIEVABLE,RETRIEVABLE,RETRIEVABLE,RETRIEVABLE,RETRIEVABLE,RETRIEVABLE
7619013216307252512,A2,W-other-ns,2026-03-19T17:02:31Z,0.3963,0-1y,0-1y,0-1y,0-1y,0-1y,0-1y,RETRIEVABLE,RETRIEVABLE,RETRIEVABLE,INDETERMINATE,RETRIEVABLE,RETRIEVABLE
7619721806227819798,A2,W-other-ns,2026-03-21T14:52:12Z,0.3911,0-1y,0-1y,0-1y,0-1y,0-1y,0-1y,RETRIEVABLE,RETRIEVABLE,RETRIEVABLE,RETRIEVABLE,RETRIEVABLE,RETRIEVABLE
7620114724017032469,A2,W-other-ns,2026-03-22T16:16:55Z,0.3882,0-1y,0-1y,0-1y,0-1y,0-1y,0-1y,RETRIEVABLE,RETRIEVABLE,RETRIEVABLE,RETRIEVABLE,RETRIEVABLE,RETRIEVABLE
7623551369546304781,A2,W-other-ns,2026-03-31T22:32:52Z,0.3629,0-1y,0-1y,0-1y,0-1y,0-1y,0-1y,NOT-RETRIEVABLE,NOT-RETRIEVABLE,NOT-RETRIEVABLE,NOT-RETRIEVABLE,NOT-RETRIEVABLE,NOT-RETRIEVABLE
7624588425252982036,A2,W-other-ns,2026-04-03T17:37:10Z,0.3552,0-1y,0-1y,0-1y,0-1y,0-1y,0-1y,RETRIEVABLE,RETRIEVABLE,RETRIEVABLE,RETRIEVABLE,RETRIEVABLE,RETRIEVABLE
7624930696368229664,A2,W-other-ns,2026-04-04T15:45:21Z,0.3527,0-1y,0-1y,0-1y,0-1y,0-1y,0-1y,RETRIEVABLE,RETRIEVABLE,RETRIEVABLE,RETRIEVABLE,RETRIEVABLE,RETRIEVABLE
7625305758321708295,A2,W-other-ns,2026-04-05T16:00:47Z,0.3499,0-1y,0-1y,0-1y,0-1y,0-1y,0-1y,RETRIEVABLE,RETRIEVABLE,RETRIEVABLE,RETRIEVABLE,RETRIEVABLE,RETRIEVABLE
7625754739317181698,A2,W-other-ns,2026-04-06T21:03:04Z,0.3466,0-1y,0-1y,0-1y,0-1y,0-1y,0-1y,RETRIEVABLE,INDETERMINATE,RETRIEVABLE,RETRIEVABLE,RETRIEVABLE,RETRIEVABLE
7627049282016759062,A2,W-other-ns,2026-04-10T08:46:33Z,0.3371,0-1y,0-1y,0-1y,0-1y,0-1y,0-1y,RETRIEVABLE,INDETERMINATE,RETRIEVABLE,RETRIEVABLE,RETRIEVABLE,RETRIEVABLE
7627186566544346382,A2,W-other-ns,2026-04-10T17:39:17Z,0.3360,0-1y,0-1y,0-1y,0-1y,0-1y,0-1y,RETRIEVABLE,RETRIEVABLE,RETRIEVABLE,RETRIEVABLE,RETRIEVABLE,RETRIEVABLE
7627471472130379029,A2,W-other-ns,2026-04-11T12:04:52Z,0.3339,0-1y,0-1y,0-1y,0-1y,0-1y,0-1y,RETRIEVABLE,RETRIEVABLE,RETRIEVABLE,RETRIEVABLE,RETRIEVABLE,RETRIEVABLE
7627776269953879303,A2,W-other-ns,2026-04-12T07:47:38Z,0.3317,0-1y,0-1y,0-1y,0-1y,0-1y,0-1y,RETRIEVABLE,RETRIEVABLE,RETRIEVABLE,RETRIEVABLE,RETRIEVABLE,RETRIEVABLE
7628650970821528865,A2,W-other-ns,2026-04-14T16:21:55Z,0.3252,0-1y,0-1y,0-1y,0-1y,0-1y,0-1y,RETRIEVABLE,RETRIEVABLE,RETRIEVABLE,RETRIEVABLE,RETRIEVABLE,RETRIEVABLE
7628836135682215186,A2,W-other-ns,2026-04-15T04:20:27Z,0.3239,0-1y,0-1y,0-1y,0-1y,0-1y,0-1y,RETRIEVABLE,RETRIEVABLE,RETRIEVABLE,RETRIEVABLE,RETRIEVABLE,RETRIEVABLE
7629333404001062166,A2,W-other-ns,2026-04-16T12:30:07Z,0.3202,0-1y,0-1y,0-1y,0-1y,0-1y,0-1y,RETRIEVABLE,RETRIEVABLE,RETRIEVABLE,RETRIEVABLE,RETRIEVABLE,RETRIEVABLE
7629688716646239508,A2,W-other-ns,2026-04-17T11:28:54Z,0.3176,0-1y,0-1y,0-1y,0-1y,0-1y,0-1y,RETRIEVABLE,RETRIEVABLE,RETRIEVABLE,RETRIEVABLE,RETRIEVABLE,RETRIEVABLE
7630144056282205462,A2,W-other-ns,2026-04-18T16:55:51Z,0.3142,0-1y,0-1y,0-1y,0-1y,0-1y,0-1y,RETRIEVABLE,RETRIEVABLE,RETRIEVABLE,RETRIEVABLE,RETRIEVABLE,RETRIEVABLE
7631649553808133398,A2,W-other-ns,2026-04-22T18:17:57Z,0.3031,0-1y,0-1y,0-1y,0-1y,0-1y,0-1y,RETRIEVABLE,RETRIEVABLE,RETRIEVABLE,RETRIEVABLE,INDETERMINATE,RETRIEVABLE
7632314834906025239,A2,W-other-ns,2026-04-24T13:19:35Z,0.2982,0-1y,0-1y,0-1y,0-1y,0-1y,0-1y,RETRIEVABLE,RETRIEVABLE,RETRIEVABLE,RETRIEVABLE,RETRIEVABLE,RETRIEVABLE
7633485167176240415,A2,W-other-ns,2026-04-27T17:01:04Z,0.2896,0-1y,0-1y,0-1y,0-1y,0-1y,0-1y,RETRIEVABLE,RETRIEVABLE,RETRIEVABLE,RETRIEVABLE,RETRIEVABLE,RETRIEVABLE
7635762702362758422,A2,W-other-ns,2026-05-03T20:19:04Z,0.2728,0-1y,0-1y,0-1y,0-1y,0-1y,0-1y,RETRIEVABLE,RETRIEVABLE,RETRIEVABLE,RETRIEVABLE,RETRIEVABLE,RETRIEVABLE
7636046547469290759,A2,W-other-ns,2026-05-04T14:40:32Z,0.2707,0-1y,0-1y,0-1y,0-1y,0-1y,0-1y,RETRIEVABLE,RETRIEVABLE,RETRIEVABLE,RETRIEVABLE,RETRIEVABLE,RETRIEVABLE
7637169134198983956,A2,W-other-ns,2026-05-07T15:16:45Z,0.2624,0-1y,0-1y,0-1y,0-1y,0-1y,0-1y,RETRIEVABLE,RETRIEVABLE,RETRIEVABLE,RETRIEVABLE,RETRIEVABLE,RETRIEVABLE
7637733611088678158,A2,W-other-ns,2026-05-09T03:47:12Z,0.2582,0-1y,0-1y,0-1y,0-1y,0-1y,0-1y,RETRIEVABLE,RETRIEVABLE,RETRIEVABLE,RETRIEVABLE,RETRIEVABLE,RETRIEVABLE
7640488503754640672,A2,W-other-ns,2026-05-16T13:57:36Z,0.2379,0-1y,0-1y,0-1y,0-1y,0-1y,0-1y,RETRIEVABLE,RETRIEVABLE,RETRIEVABLE,RETRIEVABLE,RETRIEVABLE,RETRIEVABLE
7641650571228859670,A2,W-other-ns,2026-05-19T17:07:01Z,0.2293,0-1y,0-1y,0-1y,0-1y,0-1y,0-1y,RETRIEVABLE,RETRIEVABLE,RETRIEVABLE,RETRIEVABLE,RETRIEVABLE,RETRIEVABLE
7641653965230296341,A2,W-other-ns,2026-05-19T17:20:11Z,0.2293,0-1y,0-1y,0-1y,0-1y,0-1y,0-1y,RETRIEVABLE,RETRIEVABLE,RETRIEVABLE,RETRIEVABLE,RETRIEVABLE,RETRIEVABLE
7641960463017790727,A2,W-other-ns,2026-05-20T13:09:33Z,0.2270,0-1y,0-1y,0-1y,0-1y,0-1y,0-1y,RETRIEVABLE,RETRIEVABLE,RETRIEVABLE,RETRIEVABLE,RETRIEVABLE,RETRIEVABLE
7642056129962380558,A2,W-other-ns,2026-05-20T19:20:47Z,0.2263,0-1y,0-1y,0-1y,0-1y,0-1y,0-1y,RETRIEVABLE,RETRIEVABLE,RETRIEVABLE,RETRIEVABLE,RETRIEVABLE,RETRIEVABLE
7643016661544586529,A2,W-other-ns,2026-05-23T09:28:08Z,0.2192,0-1y,0-1y,0-1y,0-1y,0-1y,0-1y,RETRIEVABLE,RETRIEVABLE,RETRIEVABLE,RETRIEVABLE,RETRIEVABLE,RETRIEVABLE
7643075300267412758,A2,W-other-ns,2026-05-23T13:15:41Z,0.2188,0-1y,0-1y,0-1y,0-1y,0-1y,0-1y,RETRIEVABLE,RETRIEVABLE,RETRIEVABLE,RETRIEVABLE,RETRIEVABLE,RETRIEVABLE
7643087691499818247,A2,W-other-ns,2026-05-23T14:03:46Z,0.2187,0-1y,0-1y,0-1y,0-1y,0-1y,0-1y,RETRIEVABLE,RETRIEVABLE,RETRIEVABLE,RETRIEVABLE,RETRIEVABLE,RETRIEVABLE
7643379411235917087,A2,W-other-ns,2026-05-24T08:55:48Z,0.2166,0-1y,0-1y,0-1y,0-1y,0-1y,0-1y,NOT-RETRIEVABLE,NOT-RETRIEVABLE,NOT-RETRIEVABLE,NOT-RETRIEVABLE,NOT-RETRIEVABLE,NOT-RETRIEVABLE
7643425773633817877,A2,W-other-ns,2026-05-24T11:55:42Z,0.2162,0-1y,0-1y,0-1y,0-1y,0-1y,0-1y,RETRIEVABLE,RETRIEVABLE,RETRIEVABLE,RETRIEVABLE,RETRIEVABLE,RETRIEVABLE
7644642155482451222,A2,W-other-ns,2026-05-27T18:35:53Z,0.2073,0-1y,0-1y,0-1y,0-1y,0-1y,0-1y,RETRIEVABLE,RETRIEVABLE,RETRIEVABLE,RETRIEVABLE,RETRIEVABLE,RETRIEVABLE
7644673168849898765,A2,W-other-ns,2026-05-27T20:36:14Z,0.2070,0-1y,0-1y,0-1y,0-1y,0-1y,0-1y,RETRIEVABLE,RETRIEVABLE,RETRIEVABLE,RETRIEVABLE,RETRIEVABLE,RETRIEVABLE
7644873443975925024,A2,W-other-ns,2026-05-28T09:33:24Z,0.2055,0-1y,0-1y,0-1y,0-1y,0-1y,0-1y,RETRIEVABLE,RETRIEVABLE,RETRIEVABLE,RETRIEVABLE,RETRIEVABLE,RETRIEVABLE
7645021311063985426,A2,W-other-ns,2026-05-28T19:07:12Z,0.2045,0-1y,0-1y,0-1y,0-1y,0-1y,0-1y,RETRIEVABLE,RETRIEVABLE,RETRIEVABLE,RETRIEVABLE,RETRIEVABLE,RETRIEVABLE
7645185570326531358,A2,W-other-ns,2026-05-29T05:44:37Z,0.2032,0-1y,0-1y,0-1y,0-1y,0-1y,0-1y,RETRIEVABLE,RETRIEVABLE,RETRIEVABLE,RETRIEVABLE,RETRIEVABLE,RETRIEVABLE
7645756257311149343,A2,W-other-ns,2026-05-30T18:39:10Z,0.1990,0-1y,0-1y,0-1y,0-1y,0-1y,0-1y,RETRIEVABLE,RETRIEVABLE,RETRIEVABLE,RETRIEVABLE,RETRIEVABLE,RETRIEVABLE
7646477941769112863,A2,W-other-ns,2026-06-01T17:19:40Z,0.1937,0-1y,0-1y,0-1y,0-1y,0-1y,0-1y,RETRIEVABLE,RETRIEVABLE,RETRIEVABLE,RETRIEVABLE,RETRIEVABLE,RETRIEVABLE
7647092214769667336,A2,W-other-ns,2026-06-03T09:03:22Z,0.1892,0-1y,0-1y,0-1y,0-1y,0-1y,0-1y,RETRIEVABLE,RETRIEVABLE,RETRIEVABLE,RETRIEVABLE,RETRIEVABLE,RETRIEVABLE
7649118576384691470,A2,W-other-ns,2026-06-08T20:06:41Z,0.1742,0-1y,0-1y,0-1y,0-1y,0-1y,0-1y,RETRIEVABLE,RETRIEVABLE,RETRIEVABLE,RETRIEVABLE,RETRIEVABLE,RETRIEVABLE
7652266834724441365,A2,W-other-ns,2026-06-17T07:43:32Z,0.1510,0-1y,0-1y,0-1y,0-1y,0-1y,0-1y,RETRIEVABLE,RETRIEVABLE,RETRIEVABLE,RETRIEVABLE,RETRIEVABLE,RETRIEVABLE
7652484186271501575,A2,W-other-ns,2026-06-17T21:46:58Z,0.1494,0-1y,0-1y,0-1y,0-1y,0-1y,0-1y,RETRIEVABLE,RETRIEVABLE,RETRIEVABLE,RETRIEVABLE,RETRIEVABLE,RETRIEVABLE
7653738569336376584,A2,W-other-ns,2026-06-21T06:54:37Z,0.1401,0-1y,0-1y,0-1y,0-1y,0-1y,0-1y,RETRIEVABLE,RETRIEVABLE,RETRIEVABLE,RETRIEVABLE,RETRIEVABLE,RETRIEVABLE
7654513768180747551,A2,W-other-ns,2026-06-23T09:02:47Z,0.1344,0-1y,0-1y,0-1y,0-1y,0-1y,0-1y,RETRIEVABLE,RETRIEVABLE,RETRIEVABLE,RETRIEVABLE,RETRIEVABLE,RETRIEVABLE
7654667369670839582,A2,W-other-ns,2026-06-23T18:58:50Z,0.1333,0-1y,0-1y,0-1y,0-1y,0-1y,0-1y,RETRIEVABLE,RETRIEVABLE,RETRIEVABLE,RETRIEVABLE,RETRIEVABLE,RETRIEVABLE
7654758575788625182,A2,W-other-ns,2026-06-24T00:52:46Z,0.1326,0-1y,0-1y,0-1y,0-1y,0-1y,0-1y,RETRIEVABLE,RETRIEVABLE,RETRIEVABLE,RETRIEVABLE,RETRIEVABLE,RETRIEVABLE
7656640552875691285,A2,W-other-ns,2026-06-29T02:35:48Z,0.1187,0-1y,0-1y,0-1y,0-1y,0-1y,0-1y,RETRIEVABLE,RETRIEVABLE,RETRIEVABLE,RETRIEVABLE,RETRIEVABLE,RETRIEVABLE
7656788587790290196,A2,W-other-ns,2026-06-29T12:10:15Z,0.1176,0-1y,0-1y,0-1y,0-1y,0-1y,0-1y,RETRIEVABLE,RETRIEVABLE,RETRIEVABLE,RETRIEVABLE,RETRIEVABLE,RETRIEVABLE
7656956881302261010,A2,W-other-ns,2026-06-29T23:03:19Z,0.1164,0-1y,0-1y,0-1y,0-1y,0-1y,0-1y,RETRIEVABLE,RETRIEVABLE,RETRIEVABLE,RETRIEVABLE,RETRIEVABLE,RETRIEVABLE
7657036218043043093,A2,W-other-ns,2026-06-30T04:11:11Z,0.1158,0-1y,0-1y,0-1y,0-1y,0-1y,0-1y,RETRIEVABLE,RETRIEVABLE,RETRIEVABLE,RETRIEVABLE,RETRIEVABLE,RETRIEVABLE
7661610931381849365,A2,W-other-ns,2026-07-12T12:03:24Z,0.0821,0-1y,0-1y,0-1y,0-1y,0-1y,0-1y,RETRIEVABLE,RETRIEVABLE,RETRIEVABLE,RETRIEVABLE,RETRIEVABLE,RETRIEVABLE
7662740615049874708,A2,W-other-ns,2026-07-15T13:07:09Z,0.0737,0-1y,0-1y,0-1y,0-1y,0-1y,0-1y,RETRIEVABLE,RETRIEVABLE,RETRIEVABLE,RETRIEVABLE,RETRIEVABLE,RETRIEVABLE
7664761407145069854,A2,W-other-ns,2026-07-20T23:48:51Z,0.0588,0-1y,0-1y,0-1y,0-1y,0-1y,0-1y,RETRIEVABLE,RETRIEVABLE,RETRIEVABLE,RETRIEVABLE,RETRIEVABLE,RETRIEVABLE
7666435890209770773,A2,W-other-ns,2026-07-25T12:06:42Z,0.0465,0-1y,0-1y,0-1y,0-1y,0-1y,0-1y,RETRIEVABLE,RETRIEVABLE,RETRIEVABLE,RETRIEVABLE,RETRIEVABLE,RETRIEVABLE
7666917017903041812,A2,W-other-ns,2026-07-26T19:13:44Z,0.0429,0-1y,0-1y,0-1y,0-1y,0-1y,0-1y,RETRIEVABLE,RETRIEVABLE,RETRIEVABLE,RETRIEVABLE,RETRIEVABLE,RETRIEVABLE
7667801414772460814,A2,W-other-ns,2026-07-29T04:25:38Z,0.0364,0-1y,0-1y,0-1y,0-1y,0-1y,0-1y,RETRIEVABLE,RETRIEVABLE,RETRIEVABLE,RETRIEVABLE,RETRIEVABLE,RETRIEVABLE
7669215552061115668,A2,W-other-ns,2026-08-01T23:53:13Z,0.0260,0-1y,0-1y,0-1y,0-1y,0-1y,0-1y,RETRIEVABLE,RETRIEVABLE,RETRIEVABLE,RETRIEVABLE,RETRIEVABLE,RETRIEVABLE
7670996737976208670,A2,W-other-ns,2026-08-06T19:05:07Z,0.0128,0-1y,0-1y,0-1y,0-1y,0-1y,0-1y,RETRIEVABLE,RETRIEVABLE,RETRIEVABLE,RETRIEVABLE,RETRIEVABLE,RETRIEVABLE
78647522683981824,A2,W-other-ns,,,,,,,,,RETRIEVABLE,RETRIEVABLE,RETRIEVABLE,RETRIEVABLE,RETRIEVABLE,RETRIEVABLE
6747343325621210373,B,F-forum,2019-10-13T17:38:09Z,6.8275,5y+,5y+,5y+,5y+,5y+,5y+,RETRIEVABLE,RETRIEVABLE,RETRIEVABLE,RETRIEVABLE,RETRIEVABLE,RETRIEVABLE
6761491580143537414,B,F-forum,2019-11-20T20:40:36Z,6.7231,5y+,5y+,5y+,5y+,5y+,5y+,NOT-RETRIEVABLE,NOT-RETRIEVABLE,NOT-RETRIEVABLE,NOT-RETRIEVABLE,NOT-RETRIEVABLE,NOT-RETRIEVABLE
6762657542972689670,B,F-forum,2019-11-24T00:05:08Z,6.7145,5y+,5y+,5y+,5y+,5y+,5y+,RETRIEVABLE,RETRIEVABLE,RETRIEVABLE,RETRIEVABLE,RETRIEVABLE,RETRIEVABLE
6781608404646464774,B,F-forum,2020-01-14T01:44:09Z,6.5747,5y+,5y+,5y+,5y+,5y+,5y+,RETRIEVABLE,RETRIEVABLE,RETRIEVABLE,RETRIEVABLE,INDETERMINATE,RETRIEVABLE
6803734042345884934,B,F-forum,2020-03-13T16:42:56Z,6.4114,5y+,5y+,5y+,5y+,5y+,5y+,NOT-RETRIEVABLE,NOT-RETRIEVABLE,NOT-RETRIEVABLE,NOT-RETRIEVABLE,NOT-RETRIEVABLE,NOT-RETRIEVABLE
6816922140231601414,B,F-forum,2020-04-18T05:39:29Z,6.3141,5y+,5y+,5y+,5y+,5y+,5y+,RETRIEVABLE,RETRIEVABLE,RETRIEVABLE,RETRIEVABLE,RETRIEVABLE,RETRIEVABLE
6819061413877763334,B,F-forum,2020-04-24T00:00:58Z,6.2984,5y+,5y+,5y+,5y+,5y+,5y+,NOT-RETRIEVABLE,NOT-RETRIEVABLE,NOT-RETRIEVABLE,NOT-RETRIEVABLE,NOT-RETRIEVABLE,NOT-RETRIEVABLE
6827231499293576454,B,F-forum,2020-05-16T00:25:04Z,6.2381,5y+,5y+,5y+,5y+,5y+,5y+,RETRIEVABLE,RETRIEVABLE,INDETERMINATE,RETRIEVABLE,RETRIEVABLE,RETRIEVABLE
6836817563427556613,B,F-forum,2020-06-10T20:23:53Z,6.1674,5y+,5y+,5y+,5y+,5y+,5y+,RETRIEVABLE,RETRIEVABLE,RETRIEVABLE,RETRIEVABLE,RETRIEVABLE,RETRIEVABLE
6837586256692595973,B,F-forum,2020-06-12T22:06:49Z,6.1617,5y+,5y+,5y+,5y+,5y+,5y+,RETRIEVABLE,RETRIEVABLE,RETRIEVABLE,RETRIEVABLE,RETRIEVABLE,RETRIEVABLE
6838386972445248773,B,F-forum,2020-06-15T01:54:00Z,6.1558,5y+,5y+,5y+,5y+,5y+,5y+,RETRIEVABLE,RETRIEVABLE,RETRIEVABLE,RETRIEVABLE,RETRIEVABLE,RETRIEVABLE
6847430059674881285,B,F-forum,2020-07-09T10:45:48Z,6.0891,5y+,5y+,5y+,5y+,5y+,5y+,RETRIEVABLE,RETRIEVABLE,RETRIEVABLE,RETRIEVABLE,RETRIEVABLE,RETRIEVABLE
6857656601080368389,B,F-forum,2020-08-06T00:10:00Z,6.0136,5y+,5y+,5y+,5y+,5y+,5y+,RETRIEVABLE,RETRIEVABLE,RETRIEVABLE,RETRIEVABLE,RETRIEVABLE,RETRIEVABLE
6862108775214632198,B,F-forum,2020-08-18T00:06:42Z,5.9808,5y+,5y+,5y+,5y+,5y+,5y+,RETRIEVABLE,RETRIEVABLE,RETRIEVABLE,RETRIEVABLE,RETRIEVABLE,RETRIEVABLE
6865262242124909830,B,F-forum,2020-08-26T12:03:46Z,5.9575,5y+,5y+,5y+,5y+,5y+,5y+,RETRIEVABLE,RETRIEVABLE,RETRIEVABLE,RETRIEVABLE,RETRIEVABLE,RETRIEVABLE
6868310113640287494,B,F-forum,2020-09-03T17:11:04Z,5.9350,5y+,5y+,5y+,5y+,5y+,5y+,RETRIEVABLE,RETRIEVABLE,RETRIEVABLE,RETRIEVABLE,RETRIEVABLE,RETRIEVABLE
6868377914744851717,B,F-forum,2020-09-03T21:34:10Z,5.9345,5y+,5y+,5y+,5y+,5y+,5y+,RETRIEVABLE,INDETERMINATE,RETRIEVABLE,RETRIEVABLE,RETRIEVABLE,RETRIEVABLE
6876070561194282245,B,F-forum,2020-09-24T15:05:34Z,5.8777,5y+,5y+,5y+,5y+,5y+,5y+,RETRIEVABLE,RETRIEVABLE,RETRIEVABLE,RETRIEVABLE,RETRIEVABLE,RETRIEVABLE
6881703506558848262,B,F-forum,2020-10-09T19:24:16Z,5.8362,5y+,5y+,5y+,5y+,5y+,5y+,NOT-RETRIEVABLE,NOT-RETRIEVABLE,NOT-RETRIEVABLE,NOT-RETRIEVABLE,NOT-RETRIEVABLE,NOT-RETRIEVABLE
6890298762032368898,B,F-forum,2020-11-01T23:18:15Z,5.7728,5y+,5y+,5y+,5y+,5y+,5y+,RETRIEVABLE,RETRIEVABLE,RETRIEVABLE,RETRIEVABLE,RETRIEVABLE,RETRIEVABLE
6899962247590743301,B,F-forum,2020-11-28T00:17:31Z,5.7015,5y+,5y+,5y+,5y+,5y+,5y+,RETRIEVABLE,RETRIEVABLE,RETRIEVABLE,RETRIEVABLE,RETRIEVABLE,RETRIEVABLE
6908514789681597702,B,F-forum,2020-12-21T01:25:45Z,5.6384,5y+,5y+,5y+,5y+,5y+,5y+,RETRIEVABLE,RETRIEVABLE,RETRIEVABLE,RETRIEVABLE,RETRIEVABLE,RETRIEVABLE
6909549777302588677,B,F-forum,2020-12-23T20:22:02Z,5.6307,5y+,5y+,5y+,5y+,5y+,5y+,RETRIEVABLE,RETRIEVABLE,RETRIEVABLE,RETRIEVABLE,RETRIEVABLE,RETRIEVABLE
6915810430053108997,B,F-forum,2021-01-09T17:16:33Z,5.5845,5y+,5y+,5y+,5y+,5y+,5y+,RETRIEVABLE,RETRIEVABLE,RETRIEVABLE,RETRIEVABLE,RETRIEVABLE,RETRIEVABLE
6919544186454822150,B,F-forum,2021-01-19T18:45:26Z,5.5570,5y+,5y+,5y+,5y+,5y+,5y+,RETRIEVABLE,RETRIEVABLE,RETRIEVABLE,RETRIEVABLE,RETRIEVABLE,RETRIEVABLE
6919939024132115717,B,F-forum,2021-01-20T20:17:37Z,5.5541,5y+,5y+,5y+,5y+,5y+,5y+,NOT-RETRIEVABLE,NOT-RETRIEVABLE,NOT-RETRIEVABLE,NOT-RETRIEVABLE,NOT-RETRIEVABLE,NOT-RETRIEVABLE
6921416585412431109,B,F-forum,2021-01-24T19:51:18Z,5.5432,5y+,5y+,5y+,5y+,5y+,5y+,RETRIEVABLE,RETRIEVABLE,RETRIEVABLE,RETRIEVABLE,RETRIEVABLE,RETRIEVABLE
6922433066140994817,B,F-forum,2021-01-27T13:35:46Z,5.5357,5y+,5y+,5y+,5y+,5y+,5y+,RETRIEVABLE,RETRIEVABLE,RETRIEVABLE,RETRIEVABLE,RETRIEVABLE,RETRIEVABLE
6926261120005180678,B,F-forum,2021-02-06T21:10:34Z,5.5074,5y+,5y+,5y+,5y+,5y+,5y+,RETRIEVABLE,RETRIEVABLE,RETRIEVABLE,RETRIEVABLE,RETRIEVABLE,RETRIEVABLE
6926281617094888710,B,F-forum,2021-02-06T22:30:07Z,5.5073,5y+,5y+,5y+,5y+,5y+,5y+,RETRIEVABLE,RETRIEVABLE,RETRIEVABLE,RETRIEVABLE,RETRIEVABLE,RETRIEVABLE
6929459797494484229,B,F-forum,2021-02-15T12:03:04Z,5.4838,5y+,5y+,5y+,5y+,5y+,5y+,NOT-RETRIEVABLE,NOT-RETRIEVABLE,NOT-RETRIEVABLE,NOT-RETRIEVABLE,NOT-RETRIEVABLE,NOT-RETRIEVABLE
6932166297996233989,B,F-forum,2021-02-22T19:05:41Z,5.4639,5y+,5y+,5y+,5y+,5y+,5y+,RETRIEVABLE,RETRIEVABLE,RETRIEVABLE,RETRIEVABLE,RETRIEVABLE,RETRIEVABLE
6933305746130046214,B,F-forum,2021-02-25T20:47:19Z,5.4555,5y+,5y+,5y+,5y+,5y+,5y+,RETRIEVABLE,RETRIEVABLE,RETRIEVABLE,RETRIEVABLE,RETRIEVABLE,RETRIEVABLE
6935574683957906693,B,F-forum,2021-03-03T23:31:57Z,5.4387,5y+,5y+,5y+,5y+,5y+,5y+,RETRIEVABLE,RETRIEVABLE,RETRIEVABLE,RETRIEVABLE,RETRIEVABLE,RETRIEVABLE
6939155822387662085,B,F-forum,2021-03-13T15:08:36Z,5.4123,5y+,5y+,5y+,5y+,5y+,5y+,RETRIEVABLE,RETRIEVABLE,RETRIEVABLE,RETRIEVABLE,RETRIEVABLE,RETRIEVABLE
6941565989570071813,B,F-forum,2021-03-20T03:01:17Z,5.3945,5y+,5y+,5y+,5y+,5y+,5y+,NOT-RETRIEVABLE,NOT-RETRIEVABLE,NOT-RETRIEVABLE,NOT-RETRIEVABLE,NOT-RETRIEVABLE,NOT-RETRIEVABLE
6943316833743211782,B,F-forum,2021-03-24T20:15:27Z,5.3816,5y+,5y+,5y+,5y+,5y+,5y+,RETRIEVABLE,RETRIEVABLE,RETRIEVABLE,RETRIEVABLE,RETRIEVABLE,RETRIEVABLE
6945244159187897605,B,F-forum,2021-03-30T00:54:27Z,5.3674,5y+,5y+,5y+,5y+,5y+,5y+,RETRIEVABLE,RETRIEVABLE,RETRIEVABLE,RETRIEVABLE,RETRIEVABLE,RETRIEVABLE
6946266618020318469,B,F-forum,2021-04-01T19:02:07Z,5.3598,5y+,5y+,5y+,5y+,5y+,5y+,RETRIEVABLE,RETRIEVABLE,RETRIEVABLE,RETRIEVABLE,RETRIEVABLE,RETRIEVABLE
6950836651685858566,B,F-forum,2021-04-14T02:36:11Z,5.3261,5y+,5y+,5y+,5y+,5y+,5y+,INDETERMINATE,RETRIEVABLE,RETRIEVABLE,RETRIEVABLE,RETRIEVABLE,RETRIEVABLE
6951157711803354373,B,F-forum,2021-04-14T23:22:04Z,5.3238,5y+,5y+,5y+,5y+,5y+,5y+,RETRIEVABLE,RETRIEVABLE,RETRIEVABLE,RETRIEVABLE,RETRIEVABLE,RETRIEVABLE
6952930617298291973,B,F-forum,2021-04-19T18:01:50Z,5.3107,5y+,5y+,5y+,5y+,5y+,5y+,RETRIEVABLE,RETRIEVABLE,RETRIEVABLE,RETRIEVABLE,RETRIEVABLE,RETRIEVABLE
6955202282313059590,B,F-forum,2021-04-25T20:57:04Z,5.2939,5y+,5y+,5y+,5y+,5y+,5y+,RETRIEVABLE,RETRIEVABLE,RETRIEVABLE,RETRIEVABLE,RETRIEVABLE,RETRIEVABLE
6955493435017121029,B,F-forum,2021-04-26T15:46:53Z,5.2918,5y+,5y+,5y+,5y+,5y+,5y+,RETRIEVABLE,RETRIEVABLE,RETRIEVABLE,RETRIEVABLE,RETRIEVABLE,RETRIEVABLE
6956034610174151941,B,F-forum,2021-04-28T02:46:55Z,5.2878,5y+,5y+,5y+,5y+,5y+,5y+,RETRIEVABLE,RETRIEVABLE,RETRIEVABLE,RETRIEVABLE,RETRIEVABLE,RETRIEVABLE
6957061863112723718,B,F-forum,2021-04-30T21:13:11Z,5.2802,5y+,5y+,5y+,5y+,5y+,5y+,RETRIEVABLE,RETRIEVABLE,RETRIEVABLE,RETRIEVABLE,RETRIEVABLE,RETRIEVABLE
6957456115315657989,B,F-forum,2021-05-01T22:43:05Z,5.2773,5y+,5y+,5y+,5y+,5y+,5y+,RETRIEVABLE,RETRIEVABLE,RETRIEVABLE,RETRIEVABLE,RETRIEVABLE,RETRIEVABLE
6960707912863943941,B,F-forum,2021-05-10T17:01:43Z,5.2533,5y+,5y+,5y+,5y+,5y+,5y+,RETRIEVABLE,RETRIEVABLE,RETRIEVABLE,RETRIEVABLE,RETRIEVABLE,RETRIEVABLE
6961949052061617414,B,F-forum,2021-05-14T01:17:58Z,5.2441,5y+,5y+,5y+,5y+,5y+,5y+,NOT-RETRIEVABLE,NOT-RETRIEVABLE,NOT-RETRIEVABLE,NOT-RETRIEVABLE,NOT-RETRIEVABLE,NOT-RETRIEVABLE
6962296574714137861,B,F-forum,2021-05-14T23:46:32Z,5.2416,5y+,5y+,5y+,5y+,5y+,5y+,RETRIEVABLE,RETRIEVABLE,RETRIEVABLE,RETRIEVABLE,RETRIEVABLE,RETRIEVABLE
6966730953347599621,B,F-forum,2021-05-26T22:34:12Z,5.2089,5y+,5y+,5y+,5y+,5y+,5y+,RETRIEVABLE,RETRIEVABLE,RETRIEVABLE,RETRIEVABLE,RETRIEVABLE,RETRIEVABLE
6968868536114482438,B,F-forum,2021-06-01T16:49:06Z,5.1931,5y+,5y+,5y+,5y+,5y+,5y+,RETRIEVABLE,RETRIEVABLE,RETRIEVABLE,RETRIEVABLE,RETRIEVABLE,RETRIEVABLE
6973274254406110469,B,F-forum,2021-06-13T13:45:33Z,5.1606,5y+,5y+,5y+,5y+,5y+,5y+,RETRIEVABLE,RETRIEVABLE,RETRIEVABLE,INDETERMINATE,RETRIEVABLE,RETRIEVABLE
6985282649858329861,B,F-forum,2021-07-15T22:24:15Z,5.0720,5y+,5y+,5y+,5y+,5y+,5y+,RETRIEVABLE,RETRIEVABLE,RETRIEVABLE,RETRIEVABLE,RETRIEVABLE,RETRIEVABLE
6988551554286521601,B,F-forum,2021-07-24T17:49:16Z,5.0479,5y+,5y+,5y+,5y+,5y+,5y+,RETRIEVABLE,RETRIEVABLE,RETRIEVABLE,RETRIEVABLE,RETRIEVABLE,RETRIEVABLE
6995538782204300545,B,F-forum,2021-08-12T13:43:17Z,4.9963,4-5y,4-5y,5y+,5y+,5y+,5y+,RETRIEVABLE,RETRIEVABLE,RETRIEVABLE,RETRIEVABLE,RETRIEVABLE,RETRIEVABLE
6995908367256521990,B,F-forum,2021-08-13T13:37:28Z,4.9936,4-5y,4-5y,4-5y,5y+,5y+,5y+,RETRIEVABLE,RETRIEVABLE,RETRIEVABLE,RETRIEVABLE,RETRIEVABLE,RETRIEVABLE
7000014301889154309,B,F-forum,2021-08-24T15:10:35Z,4.9633,4-5y,4-5y,4-5y,4-5y,4-5y,4-5y,RETRIEVABLE,RETRIEVABLE,RETRIEVABLE,RETRIEVABLE,RETRIEVABLE,RETRIEVABLE
7000462647430876421,B,F-forum,2021-08-25T20:10:24Z,4.9600,4-5y,4-5y,4-5y,4-5y,4-5y,4-5y,RETRIEVABLE,RETRIEVABLE,RETRIEVABLE,RETRIEVABLE,RETRIEVABLE,RETRIEVABLE
7000551962110463238,B,F-forum,2021-08-26T01:56:59Z,4.9593,4-5y,4-5y,4-5y,4-5y,4-5y,4-5y,RETRIEVABLE,RETRIEVABLE,RETRIEVABLE,RETRIEVABLE,RETRIEVABLE,RETRIEVABLE
7007001870413729026,B,F-forum,2021-09-12T11:05:55Z,4.9117,4-5y,4-5y,4-5y,4-5y,4-5y,4-5y,RETRIEVABLE,RETRIEVABLE,RETRIEVABLE,RETRIEVABLE,INDETERMINATE,RETRIEVABLE
7007855978309848325,B,F-forum,2021-09-14T18:20:18Z,4.9054,4-5y,4-5y,4-5y,4-5y,4-5y,4-5y,RETRIEVABLE,RETRIEVABLE,RETRIEVABLE,RETRIEVABLE,RETRIEVABLE,RETRIEVABLE
7008455752058752257,B,F-forum,2021-09-16T09:07:43Z,4.9010,4-5y,4-5y,4-5y,4-5y,4-5y,4-5y,NOT-RETRIEVABLE,NOT-RETRIEVABLE,NOT-RETRIEVABLE,NOT-RETRIEVABLE,NOT-RETRIEVABLE,NOT-RETRIEVABLE
7018171271095553285,B,F-forum,2021-10-12T13:28:54Z,4.8293,4-5y,4-5y,4-5y,4-5y,4-5y,4-5y,RETRIEVABLE,RETRIEVABLE,RETRIEVABLE,RETRIEVABLE,RETRIEVABLE,RETRIEVABLE
7018187994641337606,B,F-forum,2021-10-12T14:33:48Z,4.8292,4-5y,4-5y,4-5y,4-5y,4-5y,4-5y,NOT-RETRIEVABLE,NOT-RETRIEVABLE,NOT-RETRIEVABLE,NOT-RETRIEVABLE,NOT-RETRIEVABLE,NOT-RETRIEVABLE
7019310183545376006,B,F-forum,2021-10-15T15:08:28Z,4.8209,4-5y,4-5y,4-5y,4-5y,4-5y,4-5y,RETRIEVABLE,RETRIEVABLE,RETRIEVABLE,RETRIEVABLE,RETRIEVABLE,RETRIEVABLE
7019616080490417413,B,F-forum,2021-10-16T10:55:30Z,4.8187,4-5y,4-5y,4-5y,4-5y,4-5y,4-5y,RETRIEVABLE,RETRIEVABLE,RETRIEVABLE,RETRIEVABLE,RETRIEVABLE,RETRIEVABLE
7021290877284814085,B,F-forum,2021-10-20T23:14:34Z,4.8063,4-5y,4-5y,4-5y,4-5y,4-5y,4-5y,RETRIEVABLE,RETRIEVABLE,RETRIEVABLE,RETRIEVABLE,RETRIEVABLE,RETRIEVABLE
7023764315417120006,B,F-forum,2021-10-27T15:12:46Z,4.7881,4-5y,4-5y,4-5y,4-5y,4-5y,4-5y,RETRIEVABLE,RETRIEVABLE,RETRIEVABLE,RETRIEVABLE,RETRIEVABLE,RETRIEVABLE
7024195168324668678,B,F-forum,2021-10-28T19:04:42Z,4.7849,4-5y,4-5y,4-5y,4-5y,4-5y,4-5y,RETRIEVABLE,RETRIEVABLE,RETRIEVABLE,RETRIEVABLE,RETRIEVABLE,RETRIEVABLE
7037942190487653638,B,F-forum,2021-12-04T20:10:10Z,4.6835,4-5y,4-5y,4-5y,4-5y,4-5y,4-5y,RETRIEVABLE,RETRIEVABLE,RETRIEVABLE,RETRIEVABLE,RETRIEVABLE,RETRIEVABLE
7039924535231122689,B,F-forum,2021-12-10T04:22:40Z,4.6688,4-5y,4-5y,4-5y,4-5y,4-5y,4-5y,RETRIEVABLE,RETRIEVABLE,RETRIEVABLE,RETRIEVABLE,RETRIEVABLE,RETRIEVABLE
7043083660093869318,B,F-forum,2021-12-18T16:41:41Z,4.6455,4-5y,4-5y,4-5y,4-5y,4-5y,4-5y,RETRIEVABLE,RETRIEVABLE,RETRIEVABLE,INDETERMINATE,RETRIEVABLE,RETRIEVABLE
7043866123711810863,B,F-forum,2021-12-20T19:18:03Z,4.6398,4-5y,4-5y,4-5y,4-5y,4-5y,4-5y,RETRIEVABLE,RETRIEVABLE,RETRIEVABLE,RETRIEVABLE,RETRIEVABLE,RETRIEVABLE
7043877388823907586,B,F-forum,2021-12-20T20:01:46Z,4.6397,4-5y,4-5y,4-5y,4-5y,4-5y,4-5y,RETRIEVABLE,RETRIEVABLE,RETRIEVABLE,RETRIEVABLE,RETRIEVABLE,RETRIEVABLE
7046572667121487110,B,F-forum,2021-12-28T02:20:49Z,4.6198,4-5y,4-5y,4-5y,4-5y,4-5y,4-5y,RETRIEVABLE,RETRIEVABLE,RETRIEVABLE,RETRIEVABLE,RETRIEVABLE,RETRIEVABLE
7051225491415518510,B,F-forum,2022-01-09T15:16:09Z,4.5855,4-5y,4-5y,4-5y,4-5y,4-5y,4-5y,RETRIEVABLE,RETRIEVABLE,RETRIEVABLE,RETRIEVABLE,RETRIEVABLE,RETRIEVABLE
7051359949812731142,B,F-forum,2022-01-09T23:57:55Z,4.5845,4-5y,4-5y,4-5y,4-5y,4-5y,4-5y,NOT-RETRIEVABLE,NOT-RETRIEVABLE,NOT-RETRIEVABLE,NOT-RETRIEVABLE,NOT-RETRIEVABLE,NOT-RETRIEVABLE
7057217253212720389,B,F-forum,2022-01-25T18:47:15Z,4.5413,4-5y,4-5y,4-5y,4-5y,4-5y,4-5y,RETRIEVABLE,RETRIEVABLE,RETRIEVABLE,RETRIEVABLE,RETRIEVABLE,RETRIEVABLE
7057251725278809391,B,F-forum,2022-01-25T21:01:01Z,4.5410,4-5y,4-5y,4-5y,4-5y,4-5y,4-5y,RETRIEVABLE,RETRIEVABLE,RETRIEVABLE,RETRIEVABLE,RETRIEVABLE,RETRIEVABLE
7060855732090178862,B,F-forum,2022-02-04T14:06:24Z,4.5144,4-5y,4-5y,4-5y,4-5y,4-5y,4-5y,RETRIEVABLE,RETRIEVABLE,RETRIEVABLE,RETRIEVABLE,RETRIEVABLE,RETRIEVABLE
7060950433082182917,B,F-forum,2022-02-04T20:13:54Z,4.5137,4-5y,4-5y,4-5y,4-5y,4-5y,4-5y,RETRIEVABLE,RETRIEVABLE,RETRIEVABLE,RETRIEVABLE,RETRIEVABLE,RETRIEVABLE
7061684115573067014,B,F-forum,2022-02-06T19:40:57Z,4.5083,4-5y,4-5y,4-5y,4-5y,4-5y,4-5y,RETRIEVABLE,RETRIEVABLE,RETRIEVABLE,RETRIEVABLE,RETRIEVABLE,RETRIEVABLE
7063145462794145030,B,F-forum,2022-02-10T18:11:44Z,4.4975,4-5y,4-5y,4-5y,4-5y,4-5y,4-5y,RETRIEVABLE,RETRIEVABLE,RETRIEVABLE,RETRIEVABLE,RETRIEVABLE,RETRIEVABLE
7065724911901347118,B,F-forum,2022-02-17T17:01:19Z,4.4785,4-5y,4-5y,4-5y,4-5y,4-5y,4-5y,RETRIEVABLE,RETRIEVABLE,RETRIEVABLE,RETRIEVABLE,RETRIEVABLE,INDETERMINATE
7068404845325143342,B,F-forum,2022-02-24T22:20:49Z,4.4587,4-5y,4-5y,4-5y,4-5y,4-5y,4-5y,RETRIEVABLE,RETRIEVABLE,RETRIEVABLE,INDETERMINATE,RETRIEVABLE,RETRIEVABLE
7068406130653170991,B,F-forum,2022-02-24T22:25:49Z,4.4587,4-5y,4-5y,4-5y,4-5y,4-5y,4-5y,RETRIEVABLE,RETRIEVABLE,RETRIEVABLE,RETRIEVABLE,RETRIEVABLE,RETRIEVABLE
7069416446807248134,B,F-forum,2022-02-27T15:46:21Z,4.4512,4-5y,4-5y,4-5y,4-5y,4-5y,4-5y,NOT-RETRIEVABLE,NOT-RETRIEVABLE,NOT-RETRIEVABLE,NOT-RETRIEVABLE,NOT-RETRIEVABLE,NOT-RETRIEVABLE
7072503925773028610,B,F-forum,2022-03-07T23:27:21Z,4.4285,4-5y,4-5y,4-5y,4-5y,4-5y,4-5y,RETRIEVABLE,RETRIEVABLE,RETRIEVABLE,RETRIEVABLE,RETRIEVABLE,RETRIEVABLE
7073155859920145710,B,F-forum,2022-03-09T17:37:11Z,4.4237,4-5y,4-5y,4-5y,4-5y,4-5y,4-5y,RETRIEVABLE,RETRIEVABLE,RETRIEVABLE,RETRIEVABLE,RETRIEVABLE,RETRIEVABLE
7075895839926799658,B,F-forum,2022-03-17T02:49:42Z,4.4034,4-5y,4-5y,4-5y,4-5y,4-5y,4-5y,RETRIEVABLE,RETRIEVABLE,RETRIEVABLE,RETRIEVABLE,RETRIEVABLE,RETRIEVABLE
7077181137377905966,B,F-forum,2022-03-20T13:57:19Z,4.3940,4-5y,4-5y,4-5y,4-5y,4-5y,4-5y,RETRIEVABLE,RETRIEVABLE,RETRIEVABLE,RETRIEVABLE,RETRIEVABLE,RETRIEVABLE
7078825219833580843,B,F-forum,2022-03-25T00:17:12Z,4.3818,4-5y,4-5y,4-5y,4-5y,4-5y,4-5y,NOT-RETRIEVABLE,NOT-RETRIEVABLE,NOT-RETRIEVABLE,NOT-RETRIEVABLE,NOT-RETRIEVABLE,NOT-RETRIEVABLE
7079079298182909230,B,F-forum,2022-03-25T16:43:09Z,4.3800,4-5y,4-5y,4-5y,4-5y,4-5y,4-5y,RETRIEVABLE,RETRIEVABLE,RETRIEVABLE,RETRIEVABLE,RETRIEVABLE,RETRIEVABLE
7079486996883983662,B,F-forum,2022-03-26T19:05:14Z,4.3769,4-5y,4-5y,4-5y,4-5y,4-5y,4-5y,NOT-RETRIEVABLE,NOT-RETRIEVABLE,NOT-RETRIEVABLE,NOT-RETRIEVABLE,NOT-RETRIEVABLE,NOT-RETRIEVABLE
7079833035436248326,B,F-forum,2022-03-27T17:28:02Z,4.3744,4-5y,4-5y,4-5y,4-5y,4-5y,4-5y,RETRIEVABLE,RETRIEVABLE,INDETERMINATE,RETRIEVABLE,RETRIEVABLE,RETRIEVABLE
7080188502108802309,B,F-forum,2022-03-28T16:27:26Z,4.3718,4-5y,4-5y,4-5y,4-5y,4-5y,4-5y,RETRIEVABLE,RETRIEVABLE,RETRIEVABLE,RETRIEVABLE,RETRIEVABLE,RETRIEVABLE
7081417563489586475,B,F-forum,2022-03-31T23:56:49Z,4.3627,4-5y,4-5y,4-5y,4-5y,4-5y,4-5y,RETRIEVABLE,RETRIEVABLE,RETRIEVABLE,RETRIEVABLE,RETRIEVABLE,RETRIEVABLE
7081626936665083182,B,F-forum,2022-04-01T13:29:17Z,4.3612,4-5y,4-5y,4-5y,4-5y,4-5y,4-5y,RETRIEVABLE,RETRIEVABLE,RETRIEVABLE,RETRIEVABLE,RETRIEVABLE,RETRIEVABLE
7083888965668932869,B,F-forum,2022-04-07T15:47:07Z,4.3445,4-5y,4-5y,4-5y,4-5y,4-5y,4-5y,RETRIEVABLE,RETRIEVABLE,RETRIEVABLE,RETRIEVABLE,RETRIEVABLE,RETRIEVABLE
7083958340455386411,B,F-forum,2022-04-07T20:16:20Z,4.3440,4-5y,4-5y,4-5y,4-5y,4-5y,4-5y,RETRIEVABLE,RETRIEVABLE,RETRIEVABLE,RETRIEVABLE,RETRIEVABLE,RETRIEVABLE
7092055375633206574,B,F-forum,2022-04-29T15:56:57Z,4.2842,4-5y,4-5y,4-5y,4-5y,4-5y,4-5y,RETRIEVABLE,RETRIEVABLE,RETRIEVABLE,RETRIEVABLE,RETRIEVABLE,RETRIEVABLE
7092135813848337706,B,F-forum,2022-04-29T21:09:06Z,4.2836,4-5y,4-5y,4-5y,4-5y,4-5y,4-5y,RETRIEVABLE,RETRIEVABLE,RETRIEVABLE,RETRIEVABLE,RETRIEVABLE,RETRIEVABLE
7094292784206630186,B,F-forum,2022-05-05T16:39:15Z,4.2677,4-5y,4-5y,4-5y,4-5y,4-5y,4-5y,RETRIEVABLE,RETRIEVABLE,RETRIEVABLE,RETRIEVABLE,RETRIEVABLE,RETRIEVABLE
7095836827122142510,B,F-forum,2022-05-09T20:30:55Z,4.2563,4-5y,4-5y,4-5y,4-5y,4-5y,4-5y,RETRIEVABLE,RETRIEVABLE,RETRIEVABLE,RETRIEVABLE,RETRIEVABLE,RETRIEVABLE
7096930280765721902,B,F-forum,2022-05-12T19:14:05Z,4.2483,4-5y,4-5y,4-5y,4-5y,4-5y,4-5y,RETRIEVABLE,RETRIEVABLE,RETRIEVABLE,RETRIEVABLE,RETRIEVABLE,RETRIEVABLE
7097513012117966085,B,F-forum,2022-05-14T08:55:22Z,4.2440,4-5y,4-5y,4-5y,4-5y,4-5y,4-5y,RETRIEVABLE,RETRIEVABLE,RETRIEVABLE,RETRIEVABLE,RETRIEVABLE,RETRIEVABLE
7097722732363697450,B,F-forum,2022-05-14T22:29:12Z,4.2424,4-5y,4-5y,4-5y,4-5y,4-5y,4-5y,NOT-RETRIEVABLE,NOT-RETRIEVABLE,NOT-RETRIEVABLE,NOT-RETRIEVABLE,NOT-RETRIEVABLE,NOT-RETRIEVABLE
7098156341092437250,B,F-forum,2022-05-16T02:31:49Z,4.2392,4-5y,4-5y,4-5y,4-5y,4-5y,4-5y,RETRIEVABLE,RETRIEVABLE,RETRIEVABLE,RETRIEVABLE,RETRIEVABLE,RETRIEVABLE
7098376422300962053,B,F-forum,2022-05-16T16:45:51Z,4.2376,4-5y,4-5y,4-5y,4-5y,4-5y,4-5y,RETRIEVABLE,RETRIEVABLE,RETRIEVABLE,RETRIEVABLE,RETRIEVABLE,RETRIEVABLE
7099171535570881838,B,F-forum,2022-05-18T20:11:18Z,4.2317,4-5y,4-5y,4-5y,4-5y,4-5y,4-5y,RETRIEVABLE,RETRIEVABLE,RETRIEVABLE,RETRIEVABLE,RETRIEVABLE,RETRIEVABLE
7101493708398529838,B,F-forum,2022-05-25T02:22:31Z,4.2146,4-5y,4-5y,4-5y,4-5y,4-5y,4-5y,NOT-RETRIEVABLE,INDETERMINATE,NOT-RETRIEVABLE,INDETERMINATE,NOT-RETRIEVABLE,NOT-RETRIEVABLE
7104742170426641710,B,F-forum,2022-06-02T20:28:12Z,4.1906,4-5y,4-5y,4-5y,4-5y,4-5y,4-5y,RETRIEVABLE,RETRIEVABLE,RETRIEVABLE,RETRIEVABLE,RETRIEVABLE,INDETERMINATE
7105845424442920238,B,F-forum,2022-06-05T19:49:23Z,4.1825,4-5y,4-5y,4-5y,4-5y,4-5y,4-5y,RETRIEVABLE,RETRIEVABLE,RETRIEVABLE,RETRIEVABLE,RETRIEVABLE,RETRIEVABLE
7106023143709560110,B,F-forum,2022-06-06T07:19:02Z,4.1812,4-5y,4-5y,4-5y,4-5y,4-5y,4-5y,RETRIEVABLE,RETRIEVABLE,RETRIEVABLE,RETRIEVABLE,RETRIEVABLE,RETRIEVABLE
7107425842548051246,B,F-forum,2022-06-10T02:02:13Z,4.1708,4-5y,4-5y,4-5y,4-5y,4-5y,4-5y,RETRIEVABLE,RETRIEVABLE,RETRIEVABLE,RETRIEVABLE,RETRIEVABLE,RETRIEVABLE
7108136947738103045,B,F-forum,2022-06-12T00:01:40Z,4.1656,4-5y,4-5y,4-5y,4-5y,4-5y,4-5y,NOT-RETRIEVABLE,NOT-RETRIEVABLE,NOT-RETRIEVABLE,NOT-RETRIEVABLE,NOT-RETRIEVABLE,NOT-RETRIEVABLE
7110279370173910314,B,F-forum,2022-06-17T18:35:22Z,4.1498,4-5y,4-5y,4-5y,4-5y,4-5y,4-5y,RETRIEVABLE,RETRIEVABLE,RETRIEVABLE,RETRIEVABLE,RETRIEVABLE,RETRIEVABLE
7111505389950242094,B,F-forum,2022-06-21T01:52:57Z,4.1407,4-5y,4-5y,4-5y,4-5y,4-5y,4-5y,INDETERMINATE,RETRIEVABLE,RETRIEVABLE,RETRIEVABLE,RETRIEVABLE,RETRIEVABLE
7111858102638529835,B,F-forum,2022-06-22T00:41:39Z,4.1381,4-5y,4-5y,4-5y,4-5y,4-5y,4-5y,RETRIEVABLE,RETRIEVABLE,RETRIEVABLE,RETRIEVABLE,RETRIEVABLE,RETRIEVABLE
7112311651390557486,B,F-forum,2022-06-23T06:01:39Z,4.1348,4-5y,4-5y,4-5y,4-5y,4-5y,4-5y,RETRIEVABLE,RETRIEVABLE,RETRIEVABLE,RETRIEVABLE,INDETERMINATE,RETRIEVABLE
7116863895171583278,B,F-forum,2022-07-05T12:26:41Z,4.1012,4-5y,4-5y,4-5y,4-5y,4-5y,4-5y,RETRIEVABLE,RETRIEVABLE,RETRIEVABLE,RETRIEVABLE,RETRIEVABLE,RETRIEVABLE
7117299874034453766,B,F-forum,2022-07-06T16:38:30Z,4.0980,4-5y,4-5y,4-5y,4-5y,4-5y,4-5y,RETRIEVABLE,RETRIEVABLE,RETRIEVABLE,RETRIEVABLE,RETRIEVABLE,RETRIEVABLE
7118400725029358894,B,F-forum,2022-07-09T15:50:22Z,4.0898,4-5y,4-5y,4-5y,4-5y,4-5y,4-5y,RETRIEVABLE,RETRIEVABLE,RETRIEVABLE,RETRIEVABLE,RETRIEVABLE,RETRIEVABLE
7118519163416497450,B,F-forum,2022-07-09T23:29:58Z,4.0890,4-5y,4-5y,4-5y,4-5y,4-5y,4-5y,NOT-RETRIEVABLE,NOT-RETRIEVABLE,NOT-RETRIEVABLE,NOT-RETRIEVABLE,NOT-RETRIEVABLE,RETRIEVABLE
7119193504458296622,B,F-forum,2022-07-11T19:06:45Z,4.0840,4-5y,4-5y,4-5y,4-5y,4-5y,4-5y,RETRIEVABLE,RETRIEVABLE,RETRIEVABLE,RETRIEVABLE,RETRIEVABLE,RETRIEVABLE
7119900568348380421,B,F-forum,2022-07-13T16:50:32Z,4.0788,4-5y,4-5y,4-5y,4-5y,4-5y,4-5y,RETRIEVABLE,RETRIEVABLE,RETRIEVABLE,RETRIEVABLE,RETRIEVABLE,RETRIEVABLE
7120057880853613866,B,F-forum,2022-07-14T03:00:59Z,4.0776,4-5y,4-5y,4-5y,4-5y,4-5y,4-5y,RETRIEVABLE,RETRIEVABLE,RETRIEVABLE,RETRIEVABLE,RETRIEVABLE,RETRIEVABLE
7122391438750469381,B,F-forum,2022-07-20T09:56:23Z,4.0604,4-5y,4-5y,4-5y,4-5y,4-5y,4-5y,RETRIEVABLE,RETRIEVABLE,RETRIEVABLE,RETRIEVABLE,RETRIEVABLE,RETRIEVABLE
7123650894398328107,B,F-forum,2022-07-23T19:23:42Z,4.0511,4-5y,4-5y,4-5y,4-5y,4-5y,4-5y,NOT-RETRIEVABLE,NOT-RETRIEVABLE,NOT-RETRIEVABLE,NOT-RETRIEVABLE,NOT-RETRIEVABLE,NOT-RETRIEVABLE
7124117603425029422,B,F-forum,2022-07-25T01:34:47Z,4.0477,4-5y,4-5y,4-5y,4-5y,4-5y,4-5y,RETRIEVABLE,RETRIEVABLE,RETRIEVABLE,RETRIEVABLE,RETRIEVABLE,RETRIEVABLE
7124299493285301550,B,F-forum,2022-07-25T13:20:36Z,4.0463,4-5y,4-5y,4-5y,4-5y,4-5y,4-5y,RETRIEVABLE,RETRIEVABLE,RETRIEVABLE,RETRIEVABLE,RETRIEVABLE,RETRIEVABLE
7127232583808683306,B,F-forum,2022-08-02T11:02:29Z,4.0247,4-5y,4-5y,4-5y,4-5y,4-5y,4-5y,NOT-RETRIEVABLE,NOT-RETRIEVABLE,NOT-RETRIEVABLE,NOT-RETRIEVABLE,NOT-RETRIEVABLE,NOT-RETRIEVABLE
7127690078184410374,B,F-forum,2022-08-03T16:37:48Z,4.0213,4-5y,4-5y,4-5y,4-5y,4-5y,4-5y,RETRIEVABLE,RETRIEVABLE,RETRIEVABLE,RETRIEVABLE,RETRIEVABLE,RETRIEVABLE
7129572973270371626,B,F-forum,2022-08-08T18:24:24Z,4.0074,4-5y,4-5y,4-5y,4-5y,4-5y,4-5y,RETRIEVABLE,RETRIEVABLE,RETRIEVABLE,RETRIEVABLE,RETRIEVABLE,RETRIEVABLE
7130719838778953003,B,F-forum,2022-08-11T20:34:49Z,3.9990,3-4y,4-5y,4-5y,4-5y,4-5y,4-5y,RETRIEVABLE,RETRIEVABLE,RETRIEVABLE,RETRIEVABLE,RETRIEVABLE,RETRIEVABLE
7132678375411584302,B,F-forum,2022-08-17T03:14:57Z,3.9845,3-4y,3-4y,3-4y,3-4y,3-4y,3-4y,RETRIEVABLE,RETRIEVABLE,RETRIEVABLE,RETRIEVABLE,RETRIEVABLE,RETRIEVABLE
7133999030887140614,B,F-forum,2022-08-20T16:39:46Z,3.9748,3-4y,3-4y,3-4y,3-4y,3-4y,3-4y,RETRIEVABLE,RETRIEVABLE,RETRIEVABLE,RETRIEVABLE,INDETERMINATE,RETRIEVABLE
7138067105211075883,B,F-forum,2022-08-31T15:45:58Z,3.9447,3-4y,3-4y,3-4y,3-4y,3-4y,3-4y,RETRIEVABLE,RETRIEVABLE,RETRIEVABLE,RETRIEVABLE,RETRIEVABLE,RETRIEVABLE
7138185251179793707,B,F-forum,2022-08-31T23:24:26Z,3.9439,3-4y,3-4y,3-4y,3-4y,3-4y,3-4y,RETRIEVABLE,RETRIEVABLE,INDETERMINATE,RETRIEVABLE,RETRIEVABLE,RETRIEVABLE
7140007175476235562,B,F-forum,2022-09-05T21:14:26Z,3.9304,3-4y,3-4y,3-4y,3-4y,3-4y,3-4y,RETRIEVABLE,RETRIEVABLE,RETRIEVABLE,RETRIEVABLE,RETRIEVABLE,RETRIEVABLE
7141804014793968942,B,F-forum,2022-09-10T17:27:05Z,3.9172,3-4y,3-4y,3-4y,3-4y,3-4y,3-4y,RETRIEVABLE,RETRIEVABLE,RETRIEVABLE,RETRIEVABLE,RETRIEVABLE,RETRIEVABLE
7143135978805546286,B,F-forum,2022-09-14T07:35:47Z,3.9073,3-4y,3-4y,3-4y,3-4y,3-4y,3-4y,NOT-RETRIEVABLE,NOT-RETRIEVABLE,NOT-RETRIEVABLE,NOT-RETRIEVABLE,NOT-RETRIEVABLE,NOT-RETRIEVABLE
7145481003031809326,B,F-forum,2022-09-20T15:15:41Z,3.8900,3-4y,3-4y,3-4y,3-4y,3-4y,3-4y,RETRIEVABLE,RETRIEVABLE,RETRIEVABLE,RETRIEVABLE,RETRIEVABLE,RETRIEVABLE
7147395316029852971,B,F-forum,2022-09-25T19:04:11Z,3.8759,3-4y,3-4y,3-4y,3-4y,3-4y,3-4y,RETRIEVABLE,RETRIEVABLE,RETRIEVABLE,RETRIEVABLE,RETRIEVABLE,RETRIEVABLE
7149247111039569195,B,F-forum,2022-09-30T18:50:06Z,3.8623,3-4y,3-4y,3-4y,3-4y,3-4y,3-4y,RETRIEVABLE,RETRIEVABLE,RETRIEVABLE,RETRIEVABLE,RETRIEVABLE,RETRIEVABLE
7149578560230034734,B,F-forum,2022-10-01T16:16:18Z,3.8598,3-4y,3-4y,3-4y,3-4y,3-4y,3-4y,INDETERMINATE,RETRIEVABLE,RETRIEVABLE,RETRIEVABLE,RETRIEVABLE,RETRIEVABLE
7149652714165718278,B,F-forum,2022-10-01T21:04:03Z,3.8593,3-4y,3-4y,3-4y,3-4y,3-4y,3-4y,NOT-RETRIEVABLE,NOT-RETRIEVABLE,NOT-RETRIEVABLE,NOT-RETRIEVABLE,NOT-RETRIEVABLE,INDETERMINATE
7150613306527517957,B,F-forum,2022-10-04T11:11:38Z,3.8522,3-4y,3-4y,3-4y,3-4y,3-4y,3-4y,RETRIEVABLE,RETRIEVABLE,RETRIEVABLE,RETRIEVABLE,RETRIEVABLE,RETRIEVABLE
7153619995958856961,B,F-forum,2022-10-12T13:39:08Z,3.8300,3-4y,3-4y,3-4y,3-4y,3-4y,3-4y,RETRIEVABLE,RETRIEVABLE,RETRIEVABLE,RETRIEVABLE,RETRIEVABLE,RETRIEVABLE
7156602211508768046,B,F-forum,2022-10-20T14:31:39Z,3.8080,3-4y,3-4y,3-4y,3-4y,3-4y,3-4y,RETRIEVABLE,RETRIEVABLE,RETRIEVABLE,RETRIEVABLE,RETRIEVABLE,RETRIEVABLE
7157105733128015109,B,F-forum,2022-10-21T23:05:34Z,3.8043,3-4y,3-4y,3-4y,3-4y,3-4y,3-4y,RETRIEVABLE,RETRIEVABLE,RETRIEVABLE,RETRIEVABLE,RETRIEVABLE,RETRIEVABLE
7157326693462543642,B,F-forum,2022-10-22T13:23:00Z,3.8026,3-4y,3-4y,3-4y,3-4y,3-4y,3-4y,RETRIEVABLE,RETRIEVABLE,RETRIEVABLE,RETRIEVABLE,RETRIEVABLE,RETRIEVABLE
7157587293451062574,B,F-forum,2022-10-23T06:14:16Z,3.8007,3-4y,3-4y,3-4y,3-4y,3-4y,3-4y,RETRIEVABLE,RETRIEVABLE,RETRIEVABLE,RETRIEVABLE,RETRIEVABLE,RETRIEVABLE
7158233317987454251,B,F-forum,2022-10-25T00:01:10Z,3.7960,3-4y,3-4y,3-4y,3-4y,3-4y,3-4y,RETRIEVABLE,RETRIEVABLE,RETRIEVABLE,RETRIEVABLE,RETRIEVABLE,RETRIEVABLE
7159031342439796014,B,F-forum,2022-10-27T03:37:55Z,3.7901,3-4y,3-4y,3-4y,3-4y,3-4y,3-4y,RETRIEVABLE,RETRIEVABLE,RETRIEVABLE,RETRIEVABLE,RETRIEVABLE,RETRIEVABLE
7159187292631076142,B,F-forum,2022-10-27T13:43:05Z,3.7889,3-4y,3-4y,3-4y,3-4y,3-4y,3-4y,NOT-RETRIEVABLE,NOT-RETRIEVABLE,NOT-RETRIEVABLE,NOT-RETRIEVABLE,NOT-RETRIEVABLE,NOT-RETRIEVABLE
7161555785418394886,B,F-forum,2022-11-02T22:54:03Z,3.7714,3-4y,3-4y,3-4y,3-4y,3-4y,3-4y,NOT-RETRIEVABLE,NOT-RETRIEVABLE,NOT-RETRIEVABLE,NOT-RETRIEVABLE,NOT-RETRIEVABLE,NOT-RETRIEVABLE
7162192484611722542,B,F-forum,2022-11-04T16:04:46Z,3.7667,3-4y,3-4y,3-4y,3-4y,3-4y,3-4y,RETRIEVABLE,RETRIEVABLE,RETRIEVABLE,RETRIEVABLE,RETRIEVABLE,RETRIEVABLE
7163380326008425770,B,F-forum,2022-11-07T20:54:12Z,3.7580,3-4y,3-4y,3-4y,3-4y,3-4y,3-4y,RETRIEVABLE,RETRIEVABLE,RETRIEVABLE,RETRIEVABLE,RETRIEVABLE,RETRIEVABLE
7164193246401383726,B,F-forum,2022-11-10T01:28:44Z,3.7520,3-4y,3-4y,3-4y,3-4y,3-4y,3-4y,RETRIEVABLE,RETRIEVABLE,RETRIEVABLE,RETRIEVABLE,RETRIEVABLE,RETRIEVABLE
7164788450703510830,B,F-forum,2022-11-11T15:58:26Z,3.7476,3-4y,3-4y,3-4y,3-4y,3-4y,3-4y,NOT-RETRIEVABLE,NOT-RETRIEVABLE,NOT-RETRIEVABLE,NOT-RETRIEVABLE,NOT-RETRIEVABLE,NOT-RETRIEVABLE
7166082455294758145,B,F-forum,2022-11-15T03:39:50Z,3.7380,3-4y,3-4y,3-4y,3-4y,3-4y,3-4y,RETRIEVABLE,RETRIEVABLE,RETRIEVABLE,RETRIEVABLE,RETRIEVABLE,RETRIEVABLE
7169475558374460718,B,F-forum,2022-11-24T07:06:48Z,3.7130,3-4y,3-4y,3-4y,3-4y,3-4y,3-4y,RETRIEVABLE,RETRIEVABLE,RETRIEVABLE,RETRIEVABLE,RETRIEVABLE,RETRIEVABLE
7169586172967079173,B,F-forum,2022-11-24T14:16:03Z,3.7122,3-4y,3-4y,3-4y,3-4y,3-4y,3-4y,RETRIEVABLE,RETRIEVABLE,RETRIEVABLE,RETRIEVABLE,RETRIEVABLE,RETRIEVABLE
7171572776258604331,B,F-forum,2022-11-29T22:45:05Z,3.6975,3-4y,3-4y,3-4y,3-4y,3-4y,3-4y,RETRIEVABLE,RETRIEVABLE,RETRIEVABLE,INDETERMINATE,RETRIEVABLE,RETRIEVABLE
7171591284883344683,B,F-forum,2022-11-29T23:56:54Z,3.6974,3-4y,3-4y,3-4y,3-4y,3-4y,3-4y,RETRIEVABLE,RETRIEVABLE,RETRIEVABLE,RETRIEVABLE,RETRIEVABLE,RETRIEVABLE
7176414313681292549,B,F-forum,2022-12-12T23:52:43Z,3.6618,3-4y,3-4y,3-4y,3-4y,3-4y,3-4y,RETRIEVABLE,RETRIEVABLE,RETRIEVABLE,RETRIEVABLE,RETRIEVABLE,RETRIEVABLE
7178387391768431915,B,F-forum,2022-12-18T07:29:16Z,3.6473,3-4y,3-4y,3-4y,3-4y,3-4y,3-4y,NOT-RETRIEVABLE,NOT-RETRIEVABLE,NOT-RETRIEVABLE,NOT-RETRIEVABLE,NOT-RETRIEVABLE,NOT-RETRIEVABLE
7178413540313713966,B,F-forum,2022-12-18T09:10:45Z,3.6471,3-4y,3-4y,3-4y,3-4y,3-4y,3-4y,NOT-RETRIEVABLE,NOT-RETRIEVABLE,NOT-RETRIEVABLE,NOT-RETRIEVABLE,NOT-RETRIEVABLE,NOT-RETRIEVABLE
7178520312630267137,B,F-forum,2022-12-18T16:05:04Z,3.6463,3-4y,3-4y,3-4y,3-4y,3-4y,3-4y,NOT-RETRIEVABLE,NOT-RETRIEVABLE,NOT-RETRIEVABLE,NOT-RETRIEVABLE,NOT-RETRIEVABLE,NOT-RETRIEVABLE
7179775955521654058,B,F-forum,2022-12-22T01:17:37Z,3.6370,3-4y,3-4y,3-4y,3-4y,3-4y,3-4y,RETRIEVABLE,RETRIEVABLE,RETRIEVABLE,RETRIEVABLE,RETRIEVABLE,RETRIEVABLE
7180499421572926766,B,F-forum,2022-12-24T00:05:02Z,3.6317,3-4y,3-4y,3-4y,3-4y,3-4y,3-4y,NOT-RETRIEVABLE,NOT-RETRIEVABLE,NOT-RETRIEVABLE,NOT-RETRIEVABLE,NOT-RETRIEVABLE,NOT-RETRIEVABLE
7184506959775698219,B,F-forum,2023-01-03T19:16:19Z,3.6021,3-4y,3-4y,3-4y,3-4y,3-4y,3-4y,NOT-RETRIEVABLE,NOT-RETRIEVABLE,NOT-RETRIEVABLE,NOT-RETRIEVABLE,NOT-RETRIEVABLE,NOT-RETRIEVABLE
7184820436839042306,B,F-forum,2023-01-04T15:32:46Z,3.5998,3-4y,3-4y,3-4y,3-4y,3-4y,3-4y,RETRIEVABLE,RETRIEVABLE,RETRIEVABLE,RETRIEVABLE,RETRIEVABLE,RETRIEVABLE
7185409836857707819,B,F-forum,2023-01-06T05:39:57Z,3.5955,3-4y,3-4y,3-4y,3-4y,3-4y,3-4y,NOT-RETRIEVABLE,NOT-RETRIEVABLE,NOT-RETRIEVABLE,NOT-RETRIEVABLE,NOT-RETRIEVABLE,NOT-RETRIEVABLE
7185898789889150213,B,F-forum,2023-01-07T13:17:20Z,3.5918,3-4y,3-4y,3-4y,3-4y,3-4y,3-4y,RETRIEVABLE,RETRIEVABLE,RETRIEVABLE,RETRIEVABLE,RETRIEVABLE,RETRIEVABLE
7185907898814352645,B,F-forum,2023-01-07T13:52:41Z,3.5918,3-4y,3-4y,3-4y,3-4y,3-4y,3-4y,RETRIEVABLE,RETRIEVABLE,RETRIEVABLE,RETRIEVABLE,RETRIEVABLE,RETRIEVABLE
7186009974852586795,B,F-forum,2023-01-07T20:28:47Z,3.5910,3-4y,3-4y,3-4y,3-4y,3-4y,3-4y,RETRIEVABLE,RETRIEVABLE,RETRIEVABLE,RETRIEVABLE,RETRIEVABLE,RETRIEVABLE
7186055378977803521,B,F-forum,2023-01-07T23:24:59Z,3.5907,3-4y,3-4y,3-4y,3-4y,3-4y,3-4y,RETRIEVABLE,RETRIEVABLE,RETRIEVABLE,RETRIEVABLE,RETRIEVABLE,RETRIEVABLE
7186426442413215022,B,F-forum,2023-01-08T23:24:54Z,3.5880,3-4y,3-4y,3-4y,3-4y,3-4y,3-4y,RETRIEVABLE,RETRIEVABLE,RETRIEVABLE,RETRIEVABLE,RETRIEVABLE,RETRIEVABLE
7186771279205190918,B,F-forum,2023-01-09T21:43:02Z,3.5854,3-4y,3-4y,3-4y,3-4y,3-4y,3-4y,RETRIEVABLE,RETRIEVABLE,RETRIEVABLE,RETRIEVABLE,RETRIEVABLE,RETRIEVABLE
7187077465028758790,B,F-forum,2023-01-10T17:31:12Z,3.5831,3-4y,3-4y,3-4y,3-4y,3-4y,3-4y,RETRIEVABLE,RETRIEVABLE,RETRIEVABLE,RETRIEVABLE,RETRIEVABLE,RETRIEVABLE
7187129753143495979,B,F-forum,2023-01-10T20:54:06Z,3.5828,3-4y,3-4y,3-4y,3-4y,3-4y,3-4y,NOT-RETRIEVABLE,NOT-RETRIEVABLE,NOT-RETRIEVABLE,NOT-RETRIEVABLE,NOT-RETRIEVABLE,NOT-RETRIEVABLE
7188619321193549099,B,F-forum,2023-01-14T21:14:23Z,3.5718,3-4y,3-4y,3-4y,3-4y,3-4y,3-4y,RETRIEVABLE,RETRIEVABLE,RETRIEVABLE,RETRIEVABLE,RETRIEVABLE,RETRIEVABLE
7189898837425786117,B,F-forum,2023-01-18T07:59:34Z,3.5623,3-4y,3-4y,3-4y,3-4y,3-4y,3-4y,NOT-RETRIEVABLE,NOT-RETRIEVABLE,NOT-RETRIEVABLE,NOT-RETRIEVABLE,NOT-RETRIEVABLE,NOT-RETRIEVABLE
7191244761821465898,B,F-forum,2023-01-21T23:02:26Z,3.5524,3-4y,3-4y,3-4y,3-4y,3-4y,3-4y,RETRIEVABLE,RETRIEVABLE,RETRIEVABLE,RETRIEVABLE,RETRIEVABLE,RETRIEVABLE
7193505278887808302,B,F-forum,2023-01-28T01:14:24Z,3.5357,3-4y,3-4y,3-4y,3-4y,3-4y,3-4y,NOT-RETRIEVABLE,NOT-RETRIEVABLE,NOT-RETRIEVABLE,NOT-RETRIEVABLE,NOT-RETRIEVABLE,NOT-RETRIEVABLE
7194507763685346606,B,F-forum,2023-01-30T18:04:33Z,3.5283,3-4y,3-4y,3-4y,3-4y,3-4y,3-4y,RETRIEVABLE,RETRIEVABLE,RETRIEVABLE,RETRIEVABLE,RETRIEVABLE,RETRIEVABLE
7197042989708053806,B,F-forum,2023-02-06T14:02:31Z,3.5096,3-4y,3-4y,3-4y,3-4y,3-4y,3-4y,RETRIEVABLE,RETRIEVABLE,RETRIEVABLE,RETRIEVABLE,RETRIEVABLE,RETRIEVABLE
7197135994779340075,B,F-forum,2023-02-06T20:03:26Z,3.5089,3-4y,3-4y,3-4y,3-4y,3-4y,3-4y,RETRIEVABLE,INDETERMINATE,RETRIEVABLE,RETRIEVABLE,RETRIEVABLE,RETRIEVABLE
7198354503823887658,B,F-forum,2023-02-10T02:51:52Z,3.4999,3-4y,3-4y,3-4y,3-4y,3-4y,3-4y,RETRIEVABLE,RETRIEVABLE,RETRIEVABLE,RETRIEVABLE,RETRIEVABLE,RETRIEVABLE
7198934931157077294,B,F-forum,2023-02-11T16:24:13Z,3.4957,3-4y,3-4y,3-4y,3-4y,3-4y,3-4y,RETRIEVABLE,RETRIEVABLE,RETRIEVABLE,RETRIEVABLE,RETRIEVABLE,RETRIEVABLE
7198936808133020933,B,F-forum,2023-02-11T16:31:30Z,3.4957,3-4y,3-4y,3-4y,3-4y,3-4y,3-4y,RETRIEVABLE,INDETERMINATE,RETRIEVABLE,RETRIEVABLE,RETRIEVABLE,RETRIEVABLE
7199086468134915370,B,F-forum,2023-02-12T02:12:16Z,3.4945,3-4y,3-4y,3-4y,3-4y,3-4y,3-4y,RETRIEVABLE,RETRIEVABLE,RETRIEVABLE,RETRIEVABLE,RETRIEVABLE,RETRIEVABLE
7199455933230091563,B,F-forum,2023-02-13T02:05:58Z,3.4918,3-4y,3-4y,3-4y,3-4y,3-4y,3-4y,RETRIEVABLE,RETRIEVABLE,RETRIEVABLE,RETRIEVABLE,RETRIEVABLE,RETRIEVABLE
7199486059212868910,B,F-forum,2023-02-13T04:02:53Z,3.4916,3-4y,3-4y,3-4y,3-4y,3-4y,3-4y,RETRIEVABLE,RETRIEVABLE,RETRIEVABLE,RETRIEVABLE,RETRIEVABLE,RETRIEVABLE
7199529468317142318,B,F-forum,2023-02-13T06:51:20Z,3.4913,3-4y,3-4y,3-4y,3-4y,3-4y,3-4y,RETRIEVABLE,RETRIEVABLE,RETRIEVABLE,RETRIEVABLE,RETRIEVABLE,RETRIEVABLE
7200305938614586630,B,F-forum,2023-02-15T09:04:26Z,3.4855,3-4y,3-4y,3-4y,3-4y,3-4y,3-4y,NOT-RETRIEVABLE,NOT-RETRIEVABLE,NOT-RETRIEVABLE,NOT-RETRIEVABLE,NOT-RETRIEVABLE,NOT-RETRIEVABLE
7200527242441624874,B,F-forum,2023-02-15T23:23:12Z,3.4839,3-4y,3-4y,3-4y,3-4y,3-4y,3-4y,RETRIEVABLE,RETRIEVABLE,RETRIEVABLE,RETRIEVABLE,RETRIEVABLE,RETRIEVABLE
7200580894640311554,B,F-forum,2023-02-16T02:51:24Z,3.4835,3-4y,3-4y,3-4y,3-4y,3-4y,3-4y,RETRIEVABLE,RETRIEVABLE,RETRIEVABLE,RETRIEVABLE,RETRIEVABLE,RETRIEVABLE
7200591051797597483,B,F-forum,2023-02-16T03:30:49Z,3.4834,3-4y,3-4y,3-4y,3-4y,3-4y,3-4y,NOT-RETRIEVABLE,NOT-RETRIEVABLE,NOT-RETRIEVABLE,NOT-RETRIEVABLE,NOT-RETRIEVABLE,NOT-RETRIEVABLE
7201663016839023873,B,F-forum,2023-02-19T00:50:35Z,3.4755,3-4y,3-4y,3-4y,3-4y,3-4y,3-4y,RETRIEVABLE,RETRIEVABLE,RETRIEVABLE,RETRIEVABLE,RETRIEVABLE,RETRIEVABLE
7204177583708065067,B,F-forum,2023-02-25T19:28:23Z,3.4570,3-4y,3-4y,3-4y,3-4y,3-4y,3-4y,RETRIEVABLE,RETRIEVABLE,RETRIEVABLE,RETRIEVABLE,INDETERMINATE,RETRIEVABLE
7205011129590926634,B,F-forum,2023-02-28T01:22:58Z,3.4508,3-4y,3-4y,3-4y,3-4y,3-4y,3-4y,NOT-RETRIEVABLE,NOT-RETRIEVABLE,NOT-RETRIEVABLE,INDETERMINATE,NOT-RETRIEVABLE,NOT-RETRIEVABLE
7206334376681082158,B,F-forum,2023-03-03T14:57:51Z,3.4411,3-4y,3-4y,3-4y,3-4y,3-4y,3-4y,RETRIEVABLE,RETRIEVABLE,RETRIEVABLE,RETRIEVABLE,RETRIEVABLE,RETRIEVABLE
7206561191609716014,B,F-forum,2023-03-04T05:38:00Z,3.4394,3-4y,3-4y,3-4y,3-4y,3-4y,3-4y,RETRIEVABLE,RETRIEVABLE,RETRIEVABLE,RETRIEVABLE,RETRIEVABLE,RETRIEVABLE
7207941159811960106,B,F-forum,2023-03-07T22:52:59Z,3.4292,3-4y,3-4y,3-4y,3-4y,3-4y,3-4y,RETRIEVABLE,RETRIEVABLE,RETRIEVABLE,RETRIEVABLE,RETRIEVABLE,RETRIEVABLE
7209371612238417195,B,F-forum,2023-03-11T19:23:52Z,3.4187,3-4y,3-4y,3-4y,3-4y,3-4y,3-4y,NOT-RETRIEVABLE,NOT-RETRIEVABLE,NOT-RETRIEVABLE,NOT-RETRIEVABLE,NOT-RETRIEVABLE,NOT-RETRIEVABLE
7209770920301399342,B,F-forum,2023-03-12T21:13:23Z,3.4157,3-4y,3-4y,3-4y,3-4y,3-4y,3-4y,RETRIEVABLE,RETRIEVABLE,RETRIEVABLE,RETRIEVABLE,RETRIEVABLE,RETRIEVABLE
7210068612265135403,B,F-forum,2023-03-13T16:28:35Z,3.4135,3-4y,3-4y,3-4y,3-4y,3-4y,3-4y,NOT-RETRIEVABLE,NOT-RETRIEVABLE,NOT-RETRIEVABLE,NOT-RETRIEVABLE,NOT-RETRIEVABLE,NOT-RETRIEVABLE
7212478007787769134,B,F-forum,2023-03-20T04:18:16Z,3.3957,3-4y,3-4y,3-4y,3-4y,3-4y,3-4y,RETRIEVABLE,RETRIEVABLE,RETRIEVABLE,RETRIEVABLE,RETRIEVABLE,RETRIEVABLE
7212953186724842795,B,F-forum,2023-03-21T11:02:13Z,3.3922,3-4y,3-4y,3-4y,3-4y,3-4y,3-4y,RETRIEVABLE,RETRIEVABLE,RETRIEVABLE,RETRIEVABLE,RETRIEVABLE,RETRIEVABLE
7213775361979452718,B,F-forum,2023-03-23T16:12:40Z,3.3862,3-4y,3-4y,3-4y,3-4y,3-4y,3-4y,RETRIEVABLE,RETRIEVABLE,RETRIEVABLE,RETRIEVABLE,RETRIEVABLE,RETRIEVABLE
7213856534080605483,B,F-forum,2023-03-23T21:27:40Z,3.3856,3-4y,3-4y,3-4y,3-4y,3-4y,3-4y,RETRIEVABLE,RETRIEVABLE,RETRIEVABLE,RETRIEVABLE,RETRIEVABLE,RETRIEVABLE
7213878230615362858,B,F-forum,2023-03-23T22:51:51Z,3.3854,3-4y,3-4y,3-4y,3-4y,3-4y,3-4y,RETRIEVABLE,RETRIEVABLE,RETRIEVABLE,RETRIEVABLE,RETRIEVABLE,RETRIEVABLE
7214251381807385899,B,F-forum,2023-03-24T22:59:52Z,3.3827,3-4y,3-4y,3-4y,3-4y,3-4y,3-4y,RETRIEVABLE,RETRIEVABLE,RETRIEVABLE,RETRIEVABLE,RETRIEVABLE,RETRIEVABLE
7214318917135830318,B,F-forum,2023-03-25T03:21:57Z,3.3822,3-4y,3-4y,3-4y,3-4y,3-4y,3-4y,RETRIEVABLE,RETRIEVABLE,RETRIEVABLE,RETRIEVABLE,RETRIEVABLE,RETRIEVABLE
7215966155071163691,B,F-forum,2023-03-29T13:54:04Z,3.3700,3-4y,3-4y,3-4y,3-4y,3-4y,3-4y,RETRIEVABLE,RETRIEVABLE,RETRIEVABLE,RETRIEVABLE,RETRIEVABLE,RETRIEVABLE
7219443593096858922,B,F-forum,2023-04-07T22:48:18Z,3.3444,3-4y,3-4y,3-4y,3-4y,3-4y,3-4y,NOT-RETRIEVABLE,NOT-RETRIEVABLE,NOT-RETRIEVABLE,NOT-RETRIEVABLE,NOT-RETRIEVABLE,NOT-RETRIEVABLE
7221602731998498094,B,F-forum,2023-04-13T18:26:52Z,3.3284,3-4y,3-4y,3-4y,3-4y,3-4y,3-4y,RETRIEVABLE,RETRIEVABLE,RETRIEVABLE,RETRIEVABLE,RETRIEVABLE,RETRIEVABLE
7223142742933703978,B,F-forum,2023-04-17T22:02:54Z,3.3171,3-4y,3-4y,3-4y,3-4y,3-4y,3-4y,RETRIEVABLE,RETRIEVABLE,RETRIEVABLE,RETRIEVABLE,RETRIEVABLE,RETRIEVABLE
7223945917462891818,B,F-forum,2023-04-20T01:59:37Z,3.3111,3-4y,3-4y,3-4y,3-4y,3-4y,3-4y,RETRIEVABLE,RETRIEVABLE,RETRIEVABLE,RETRIEVABLE,RETRIEVABLE,RETRIEVABLE
7224207015365692674,B,F-forum,2023-04-20T18:52:49Z,3.3092,3-4y,3-4y,3-4y,3-4y,3-4y,3-4y,RETRIEVABLE,RETRIEVABLE,RETRIEVABLE,RETRIEVABLE,RETRIEVABLE,RETRIEVABLE
7225020868131294491,B,F-forum,2023-04-22T23:30:59Z,3.3032,3-4y,3-4y,3-4y,3-4y,3-4y,3-4y,NOT-RETRIEVABLE,NOT-RETRIEVABLE,NOT-RETRIEVABLE,NOT-RETRIEVABLE,NOT-RETRIEVABLE,NOT-RETRIEVABLE
7225134983709478186,B,F-forum,2023-04-23T06:53:48Z,3.3024,3-4y,3-4y,3-4y,3-4y,3-4y,3-4y,RETRIEVABLE,RETRIEVABLE,RETRIEVABLE,RETRIEVABLE,RETRIEVABLE,INDETERMINATE
7226240284198194475,B,F-forum,2023-04-26T06:22:56Z,3.2942,3-4y,3-4y,3-4y,3-4y,3-4y,3-4y,RETRIEVABLE,RETRIEVABLE,RETRIEVABLE,RETRIEVABLE,RETRIEVABLE,RETRIEVABLE
7226593976848026888,B,F-forum,2023-04-27T05:15:27Z,3.2916,3-4y,3-4y,3-4y,3-4y,3-4y,3-4y,RETRIEVABLE,RETRIEVABLE,RETRIEVABLE,RETRIEVABLE,RETRIEVABLE,RETRIEVABLE
7231313547857349930,B,F-forum,2023-05-09T22:29:47Z,3.2568,3-4y,3-4y,3-4y,3-4y,3-4y,3-4y,RETRIEVABLE,RETRIEVABLE,RETRIEVABLE,RETRIEVABLE,RETRIEVABLE,RETRIEVABLE
7231711001643879726,B,F-forum,2023-05-11T00:12:07Z,3.2538,3-4y,3-4y,3-4y,3-4y,3-4y,3-4y,RETRIEVABLE,RETRIEVABLE,RETRIEVABLE,RETRIEVABLE,RETRIEVABLE,RETRIEVABLE
7232289045550746882,B,F-forum,2023-05-12T13:35:13Z,3.2496,3-4y,3-4y,3-4y,3-4y,3-4y,3-4y,RETRIEVABLE,RETRIEVABLE,RETRIEVABLE,RETRIEVABLE,RETRIEVABLE,RETRIEVABLE
7235510761328610602,B,F-forum,2023-05-21T05:57:07Z,3.2258,3-4y,3-4y,3-4y,3-4y,3-4y,3-4y,RETRIEVABLE,RETRIEVABLE,RETRIEVABLE,RETRIEVABLE,RETRIEVABLE,RETRIEVABLE
7237525132841880874,B,F-forum,2023-05-26T16:13:55Z,3.2109,3-4y,3-4y,3-4y,3-4y,3-4y,3-4y,RETRIEVABLE,RETRIEVABLE,RETRIEVABLE,INDETERMINATE,RETRIEVABLE,RETRIEVABLE
7237700278647016746,B,F-forum,2023-05-27T03:33:34Z,3.2097,3-4y,3-4y,3-4y,3-4y,3-4y,3-4y,RETRIEVABLE,RETRIEVABLE,RETRIEVABLE,RETRIEVABLE,RETRIEVABLE,RETRIEVABLE
7238995772744666395,B,F-forum,2023-05-30T15:20:45Z,3.2001,3-4y,3-4y,3-4y,3-4y,3-4y,3-4y,RETRIEVABLE,RETRIEVABLE,RETRIEVABLE,RETRIEVABLE,RETRIEVABLE,RETRIEVABLE
7239997585094675719,B,F-forum,2023-06-02T08:08:17Z,3.1927,3-4y,3-4y,3-4y,3-4y,3-4y,3-4y,RETRIEVABLE,RETRIEVABLE,RETRIEVABLE,RETRIEVABLE,RETRIEVABLE,RETRIEVABLE
7243513794436123950,B,F-forum,2023-06-11T19:32:59Z,3.1668,3-4y,3-4y,3-4y,3-4y,3-4y,3-4y,RETRIEVABLE,RETRIEVABLE,RETRIEVABLE,RETRIEVABLE,RETRIEVABLE,RETRIEVABLE
7243855020490362155,B,F-forum,2023-06-12T17:37:06Z,3.1642,3-4y,3-4y,3-4y,3-4y,3-4y,3-4y,RETRIEVABLE,RETRIEVABLE,RETRIEVABLE,RETRIEVABLE,RETRIEVABLE,RETRIEVABLE
7244622378985098538,B,F-forum,2023-06-14T19:14:51Z,3.1586,3-4y,3-4y,3-4y,3-4y,3-4y,3-4y,RETRIEVABLE,RETRIEVABLE,RETRIEVABLE,RETRIEVABLE,RETRIEVABLE,RETRIEVABLE
7247656170347941166,B,F-forum,2023-06-22T23:27:31Z,3.1362,3-4y,3-4y,3-4y,3-4y,3-4y,3-4y,RETRIEVABLE,RETRIEVABLE,RETRIEVABLE,RETRIEVABLE,RETRIEVABLE,RETRIEVABLE
7250131397644389674,B,F-forum,2023-06-29T15:32:39Z,3.1179,3-4y,3-4y,3-4y,3-4y,3-4y,3-4y,RETRIEVABLE,RETRIEVABLE,RETRIEVABLE,RETRIEVABLE,RETRIEVABLE,RETRIEVABLE
7251919561510112558,B,F-forum,2023-07-04T11:11:39Z,3.1047,3-4y,3-4y,3-4y,3-4y,3-4y,3-4y,RETRIEVABLE,RETRIEVABLE,RETRIEVABLE,RETRIEVABLE,RETRIEVABLE,RETRIEVABLE
7252757064517225770,B,F-forum,2023-07-06T17:21:35Z,3.0986,3-4y,3-4y,3-4y,3-4y,3-4y,3-4y,RETRIEVABLE,RETRIEVABLE,INDETERMINATE,RETRIEVABLE,RETRIEVABLE,RETRIEVABLE
7253149022129638682,B,F-forum,2023-07-07T18:42:35Z,3.0957,3-4y,3-4y,3-4y,3-4y,3-4y,3-4y,RETRIEVABLE,RETRIEVABLE,RETRIEVABLE,RETRIEVABLE,RETRIEVABLE,RETRIEVABLE
7253444290603388206,B,F-forum,2023-07-08T13:48:22Z,3.0935,3-4y,3-4y,3-4y,3-4y,3-4y,3-4y,NOT-RETRIEVABLE,NOT-RETRIEVABLE,NOT-RETRIEVABLE,NOT-RETRIEVABLE,NOT-RETRIEVABLE,NOT-RETRIEVABLE
7254560650909928750,B,F-forum,2023-07-11T14:00:25Z,3.0853,3-4y,3-4y,3-4y,3-4y,3-4y,3-4y,RETRIEVABLE,RETRIEVABLE,RETRIEVABLE,RETRIEVABLE,RETRIEVABLE,RETRIEVABLE
7254567492104817963,B,F-forum,2023-07-11T14:26:58Z,3.0852,3-4y,3-4y,3-4y,3-4y,3-4y,3-4y,RETRIEVABLE,RETRIEVABLE,RETRIEVABLE,RETRIEVABLE,RETRIEVABLE,RETRIEVABLE
7256466372761292037,B,F-forum,2023-07-16T17:15:36Z,3.0712,3-4y,3-4y,3-4y,3-4y,3-4y,3-4y,NOT-RETRIEVABLE,NOT-RETRIEVABLE,NOT-RETRIEVABLE,NOT-RETRIEVABLE,NOT-RETRIEVABLE,NOT-RETRIEVABLE
7257164158033038635,B,F-forum,2023-07-18T14:23:22Z,3.0661,3-4y,3-4y,3-4y,3-4y,3-4y,3-4y,RETRIEVABLE,RETRIEVABLE,RETRIEVABLE,RETRIEVABLE,RETRIEVABLE,RETRIEVABLE
7258394490145099050,B,F-forum,2023-07-21T21:57:41Z,3.0570,3-4y,3-4y,3-4y,3-4y,3-4y,3-4y,RETRIEVABLE,RETRIEVABLE,RETRIEVABLE,RETRIEVABLE,RETRIEVABLE,INDETERMINATE
7259779444238339370,B,F-forum,2023-07-25T15:32:00Z,3.0468,3-4y,3-4y,3-4y,3-4y,3-4y,3-4y,RETRIEVABLE,RETRIEVABLE,RETRIEVABLE,RETRIEVABLE,RETRIEVABLE,RETRIEVABLE
7260846856228326682,B,F-forum,2023-07-28T12:34:07Z,3.0389,3-4y,3-4y,3-4y,3-4y,3-4y,3-4y,RETRIEVABLE,RETRIEVABLE,RETRIEVABLE,RETRIEVABLE,RETRIEVABLE,RETRIEVABLE
7261933672025132331,B,F-forum,2023-07-31T10:51:31Z,3.0309,3-4y,3-4y,3-4y,3-4y,3-4y,3-4y,RETRIEVABLE,RETRIEVABLE,RETRIEVABLE,RETRIEVABLE,RETRIEVABLE,RETRIEVABLE
7262837302668447019,B,F-forum,2023-08-02T21:18:03Z,3.0242,3-4y,3-4y,3-4y,3-4y,3-4y,3-4y,RETRIEVABLE,RETRIEVABLE,RETRIEVABLE,RETRIEVABLE,RETRIEVABLE,RETRIEVABLE
7266185876487638314,B,F-forum,2023-08-11T21:52:14Z,2.9995,2-3y,3-4y,3-4y,3-4y,3-4y,3-4y,RETRIEVABLE,RETRIEVABLE,RETRIEVABLE,RETRIEVABLE,RETRIEVABLE,RETRIEVABLE
7266311787237362990,B,F-forum,2023-08-12T06:00:50Z,2.9986,2-3y,3-4y,3-4y,3-4y,3-4y,3-4y,RETRIEVABLE,RETRIEVABLE,RETRIEVABLE,RETRIEVABLE,RETRIEVABLE,RETRIEVABLE
7268826326511930666,B,F-forum,2023-08-19T00:38:32Z,2.9800,2-3y,2-3y,2-3y,2-3y,2-3y,2-3y,RETRIEVABLE,RETRIEVABLE,RETRIEVABLE,RETRIEVABLE,RETRIEVABLE,RETRIEVABLE
7272680265934294314,B,F-forum,2023-08-29T09:53:47Z,2.9516,2-3y,2-3y,2-3y,2-3y,2-3y,2-3y,RETRIEVABLE,RETRIEVABLE,RETRIEVABLE,RETRIEVABLE,RETRIEVABLE,RETRIEVABLE
7276098952355777838,B,F-forum,2023-09-07T15:00:02Z,2.9264,2-3y,2-3y,2-3y,2-3y,2-3y,2-3y,RETRIEVABLE,RETRIEVABLE,RETRIEVABLE,RETRIEVABLE,RETRIEVABLE,RETRIEVABLE
7276358099089231147,B,F-forum,2023-09-08T07:45:39Z,2.9244,2-3y,2-3y,2-3y,2-3y,2-3y,2-3y,RETRIEVABLE,RETRIEVABLE,RETRIEVABLE,RETRIEVABLE,RETRIEVABLE,RETRIEVABLE
7277611882746498350,B,F-forum,2023-09-11T16:50:58Z,2.9152,2-3y,2-3y,2-3y,2-3y,2-3y,2-3y,INDETERMINATE,RETRIEVABLE,RETRIEVABLE,RETRIEVABLE,RETRIEVABLE,RETRIEVABLE
7281415912824065323,B,F-forum,2023-09-21T22:52:33Z,2.8871,2-3y,2-3y,2-3y,2-3y,2-3y,2-3y,RETRIEVABLE,RETRIEVABLE,RETRIEVABLE,RETRIEVABLE,RETRIEVABLE,RETRIEVABLE
7281417240296033578,B,F-forum,2023-09-21T22:57:42Z,2.8871,2-3y,2-3y,2-3y,2-3y,2-3y,2-3y,RETRIEVABLE,RETRIEVABLE,RETRIEVABLE,RETRIEVABLE,RETRIEVABLE,RETRIEVABLE
7281440972850859307,B,F-forum,2023-09-22T00:29:48Z,2.8869,2-3y,2-3y,2-3y,2-3y,2-3y,2-3y,RETRIEVABLE,RETRIEVABLE,RETRIEVABLE,RETRIEVABLE,RETRIEVABLE,RETRIEVABLE
7281664540314438955,B,F-forum,2023-09-22T14:57:21Z,2.8853,2-3y,2-3y,2-3y,2-3y,2-3y,2-3y,NOT-RETRIEVABLE,NOT-RETRIEVABLE,NOT-RETRIEVABLE,NOT-RETRIEVABLE,NOT-RETRIEVABLE,NOT-RETRIEVABLE
7283577382026464554,B,F-forum,2023-09-27T18:40:09Z,2.8712,2-3y,2-3y,2-3y,2-3y,2-3y,2-3y,RETRIEVABLE,RETRIEVABLE,RETRIEVABLE,RETRIEVABLE,RETRIEVABLE,RETRIEVABLE
7284560369329294638,B,F-forum,2023-09-30T10:14:39Z,2.8639,2-3y,2-3y,2-3y,2-3y,2-3y,2-3y,RETRIEVABLE,RETRIEVABLE,RETRIEVABLE,RETRIEVABLE,RETRIEVABLE,RETRIEVABLE
7286511527832702251,B,F-forum,2023-10-05T16:26:09Z,2.8495,2-3y,2-3y,2-3y,2-3y,2-3y,2-3y,RETRIEVABLE,RETRIEVABLE,RETRIEVABLE,RETRIEVABLE,RETRIEVABLE,RETRIEVABLE
7286873548621139230,B,F-forum,2023-10-06T15:50:58Z,2.8469,2-3y,2-3y,2-3y,2-3y,2-3y,2-3y,RETRIEVABLE,RETRIEVABLE,RETRIEVABLE,RETRIEVABLE,RETRIEVABLE,INDETERMINATE
7290611616322686240,B,F-forum,2023-10-16T17:36:35Z,2.8193,2-3y,2-3y,2-3y,2-3y,2-3y,2-3y,NOT-RETRIEVABLE,NOT-RETRIEVABLE,NOT-RETRIEVABLE,NOT-RETRIEVABLE,NOT-RETRIEVABLE,NOT-RETRIEVABLE
7292048160296406277,B,F-forum,2023-10-20T14:31:06Z,2.8087,2-3y,2-3y,2-3y,2-3y,2-3y,2-3y,RETRIEVABLE,RETRIEVABLE,RETRIEVABLE,RETRIEVABLE,RETRIEVABLE,RETRIEVABLE
7293695619519073541,B,F-forum,2023-10-25T01:04:05Z,2.7965,2-3y,2-3y,2-3y,2-3y,2-3y,2-3y,RETRIEVABLE,RETRIEVABLE,RETRIEVABLE,RETRIEVABLE,RETRIEVABLE,RETRIEVABLE
7294648129654246661,B,F-forum,2023-10-27T14:40:19Z,2.7895,2-3y,2-3y,2-3y,2-3y,2-3y,2-3y,RETRIEVABLE,RETRIEVABLE,RETRIEVABLE,RETRIEVABLE,RETRIEVABLE,RETRIEVABLE
7294761545605680426,B,F-forum,2023-10-27T22:00:25Z,2.7887,2-3y,2-3y,2-3y,2-3y,2-3y,2-3y,NOT-RETRIEVABLE,NOT-RETRIEVABLE,NOT-RETRIEVABLE,NOT-RETRIEVABLE,NOT-RETRIEVABLE,NOT-RETRIEVABLE
7295890626539687210,B,F-forum,2023-10-30T23:01:50Z,2.7803,2-3y,2-3y,2-3y,2-3y,2-3y,2-3y,RETRIEVABLE,RETRIEVABLE,RETRIEVABLE,RETRIEVABLE,RETRIEVABLE,RETRIEVABLE
7296122831450983723,B,F-forum,2023-10-31T14:02:55Z,2.7786,2-3y,2-3y,2-3y,2-3y,2-3y,2-3y,RETRIEVABLE,RETRIEVABLE,RETRIEVABLE,RETRIEVABLE,RETRIEVABLE,RETRIEVABLE
7298048299905355041,B,F-forum,2023-11-05T18:34:43Z,2.7644,2-3y,2-3y,2-3y,2-3y,2-3y,2-3y,RETRIEVABLE,RETRIEVABLE,RETRIEVABLE,RETRIEVABLE,RETRIEVABLE,RETRIEVABLE
7298473006874004779,B,F-forum,2023-11-06T22:02:47Z,2.7613,2-3y,2-3y,2-3y,2-3y,2-3y,2-3y,RETRIEVABLE,RETRIEVABLE,RETRIEVABLE,RETRIEVABLE,RETRIEVABLE,RETRIEVABLE
7299613721075256606,B,F-forum,2023-11-09T23:49:21Z,2.7529,2-3y,2-3y,2-3y,2-3y,2-3y,2-3y,RETRIEVABLE,RETRIEVABLE,RETRIEVABLE,RETRIEVABLE,RETRIEVABLE,RETRIEVABLE
7301962822131469598,B,F-forum,2023-11-16T07:45:03Z,2.7355,2-3y,2-3y,2-3y,2-3y,2-3y,2-3y,RETRIEVABLE,RETRIEVABLE,RETRIEVABLE,RETRIEVABLE,RETRIEVABLE,RETRIEVABLE
7302581313804995882,B,F-forum,2023-11-17T23:45:07Z,2.7310,2-3y,2-3y,2-3y,2-3y,2-3y,2-3y,NOT-RETRIEVABLE,NOT-RETRIEVABLE,NOT-RETRIEVABLE,NOT-RETRIEVABLE,NOT-RETRIEVABLE,NOT-RETRIEVABLE
7306726840612195627,B,F-forum,2023-11-29T03:51:53Z,2.7004,2-3y,2-3y,2-3y,2-3y,2-3y,2-3y,NOT-RETRIEVABLE,NOT-RETRIEVABLE,NOT-RETRIEVABLE,NOT-RETRIEVABLE,NOT-RETRIEVABLE,NOT-RETRIEVABLE
7308883732151242027,B,F-forum,2023-12-04T23:21:43Z,2.6845,2-3y,2-3y,2-3y,2-3y,2-3y,2-3y,RETRIEVABLE,RETRIEVABLE,RETRIEVABLE,RETRIEVABLE,RETRIEVABLE,RETRIEVABLE
7310193391936015658,B,F-forum,2023-12-08T12:03:52Z,2.6748,2-3y,2-3y,2-3y,2-3y,2-3y,2-3y,NOT-RETRIEVABLE,NOT-RETRIEVABLE,NOT-RETRIEVABLE,NOT-RETRIEVABLE,NOT-RETRIEVABLE,NOT-RETRIEVABLE
7311503851977215274,B,F-forum,2023-12-12T00:49:07Z,2.6651,2-3y,2-3y,2-3y,2-3y,2-3y,2-3y,RETRIEVABLE,RETRIEVABLE,RETRIEVABLE,RETRIEVABLE,RETRIEVABLE,RETRIEVABLE
7311643257383963937,B,F-forum,2023-12-12T09:50:05Z,2.6641,2-3y,2-3y,2-3y,2-3y,2-3y,2-3y,RETRIEVABLE,RETRIEVABLE,RETRIEVABLE,RETRIEVABLE,RETRIEVABLE,RETRIEVABLE
7314133819693632814,B,F-forum,2023-12-19T02:54:45Z,2.6457,2-3y,2-3y,2-3y,2-3y,2-3y,2-3y,RETRIEVABLE,RETRIEVABLE,RETRIEVABLE,RETRIEVABLE,RETRIEVABLE,RETRIEVABLE
7314765561513200928,B,F-forum,2023-12-20T19:46:13Z,2.6411,2-3y,2-3y,2-3y,2-3y,2-3y,2-3y,RETRIEVABLE,RETRIEVABLE,RETRIEVABLE,RETRIEVABLE,RETRIEVABLE,RETRIEVABLE
7314767397624352032,B,F-forum,2023-12-20T19:53:21Z,2.6411,2-3y,2-3y,2-3y,2-3y,2-3y,2-3y,RETRIEVABLE,RETRIEVABLE,RETRIEVABLE,RETRIEVABLE,RETRIEVABLE,RETRIEVABLE
7317787448350706987,B,F-forum,2023-12-28T23:12:41Z,2.6188,2-3y,2-3y,2-3y,2-3y,2-3y,2-3y,RETRIEVABLE,RETRIEVABLE,INDETERMINATE,RETRIEVABLE,RETRIEVABLE,RETRIEVABLE
7318066843044875562,B,F-forum,2023-12-29T17:16:53Z,2.6167,2-3y,2-3y,2-3y,2-3y,2-3y,2-3y,RETRIEVABLE,RETRIEVABLE,RETRIEVABLE,RETRIEVABLE,RETRIEVABLE,RETRIEVABLE
7318516928509775146,B,F-forum,2023-12-30T22:23:27Z,2.6134,2-3y,2-3y,2-3y,2-3y,2-3y,2-3y,RETRIEVABLE,RETRIEVABLE,RETRIEVABLE,RETRIEVABLE,RETRIEVABLE,RETRIEVABLE
7319578594374831406,B,F-forum,2024-01-02T19:03:15Z,2.6056,2-3y,2-3y,2-3y,2-3y,2-3y,2-3y,RETRIEVABLE,RETRIEVABLE,RETRIEVABLE,RETRIEVABLE,RETRIEVABLE,RETRIEVABLE
7320798084869393710,B,F-forum,2024-01-06T01:55:30Z,2.5966,2-3y,2-3y,2-3y,2-3y,2-3y,2-3y,NOT-RETRIEVABLE,NOT-RETRIEVABLE,NOT-RETRIEVABLE,NOT-RETRIEVABLE,NOT-RETRIEVABLE,NOT-RETRIEVABLE
7322301313134415134,B,F-forum,2024-01-10T03:08:47Z,2.5855,2-3y,2-3y,2-3y,2-3y,2-3y,2-3y,RETRIEVABLE,RETRIEVABLE,RETRIEVABLE,RETRIEVABLE,RETRIEVABLE,RETRIEVABLE
7323004085043612959,B,F-forum,2024-01-12T00:35:54Z,2.5803,2-3y,2-3y,2-3y,2-3y,2-3y,2-3y,RETRIEVABLE,RETRIEVABLE,RETRIEVABLE,RETRIEVABLE,RETRIEVABLE,RETRIEVABLE
7324257930679733546,B,F-forum,2024-01-15T09:41:28Z,2.5710,2-3y,2-3y,2-3y,2-3y,2-3y,2-3y,NOT-RETRIEVABLE,NOT-RETRIEVABLE,NOT-RETRIEVABLE,NOT-RETRIEVABLE,NOT-RETRIEVABLE,NOT-RETRIEVABLE
7327390313171930398,B,F-forum,2024-01-23T20:16:42Z,2.5479,2-3y,2-3y,2-3y,2-3y,2-3y,2-3y,INDETERMINATE,RETRIEVABLE,RETRIEVABLE,RETRIEVABLE,RETRIEVABLE,RETRIEVABLE
7329576935317622058,B,F-forum,2024-01-29T17:41:55Z,2.5318,2-3y,2-3y,2-3y,2-3y,2-3y,2-3y,RETRIEVABLE,RETRIEVABLE,RETRIEVABLE,RETRIEVABLE,RETRIEVABLE,RETRIEVABLE
7330332552864992517,B,F-forum,2024-01-31T18:34:06Z,2.5262,2-3y,2-3y,2-3y,2-3y,2-3y,2-3y,RETRIEVABLE,RETRIEVABLE,RETRIEVABLE,RETRIEVABLE,RETRIEVABLE,RETRIEVABLE
7332008019284266282,B,F-forum,2024-02-05T06:55:46Z,2.5139,2-3y,2-3y,2-3y,2-3y,2-3y,2-3y,RETRIEVABLE,RETRIEVABLE,RETRIEVABLE,RETRIEVABLE,RETRIEVABLE,RETRIEVABLE
7334529963066019114,B,F-forum,2024-02-12T02:02:12Z,2.4953,2-3y,2-3y,2-3y,2-3y,2-3y,2-3y,RETRIEVABLE,RETRIEVABLE,RETRIEVABLE,RETRIEVABLE,RETRIEVABLE,RETRIEVABLE
7336597718896299296,B,F-forum,2024-02-17T15:46:09Z,2.4800,2-3y,2-3y,2-3y,2-3y,2-3y,2-3y,RETRIEVABLE,RETRIEVABLE,RETRIEVABLE,RETRIEVABLE,RETRIEVABLE,RETRIEVABLE
7336681129984003370,B,F-forum,2024-02-17T21:09:49Z,2.4794,2-3y,2-3y,2-3y,2-3y,2-3y,2-3y,RETRIEVABLE,RETRIEVABLE,RETRIEVABLE,RETRIEVABLE,RETRIEVABLE,RETRIEVABLE
7337475894115700011,B,F-forum,2024-02-20T00:33:55Z,2.4735,2-3y,2-3y,2-3y,2-3y,2-3y,2-3y,RETRIEVABLE,RETRIEVABLE,RETRIEVABLE,RETRIEVABLE,RETRIEVABLE,RETRIEVABLE
7337862338235649298,B,F-forum,2024-02-21T01:33:31Z,2.4707,2-3y,2-3y,2-3y,2-3y,2-3y,2-3y,RETRIEVABLE,RETRIEVABLE,RETRIEVABLE,RETRIEVABLE,RETRIEVABLE,RETRIEVABLE
7338246310631394578,B,F-forum,2024-02-22T02:23:31Z,2.4678,2-3y,2-3y,2-3y,2-3y,2-3y,2-3y,RETRIEVABLE,RETRIEVABLE,RETRIEVABLE,RETRIEVABLE,RETRIEVABLE,RETRIEVABLE
7339983840129191198,B,F-forum,2024-02-26T18:46:01Z,2.4550,2-3y,2-3y,2-3y,2-3y,2-3y,2-3y,RETRIEVABLE,RETRIEVABLE,RETRIEVABLE,RETRIEVABLE,RETRIEVABLE,RETRIEVABLE
7341099055587577120,B,F-forum,2024-02-29T18:53:38Z,2.4468,2-3y,2-3y,2-3y,2-3y,2-3y,2-3y,RETRIEVABLE,RETRIEVABLE,RETRIEVABLE,RETRIEVABLE,RETRIEVABLE,RETRIEVABLE
7341240131015445803,B,F-forum,2024-03-01T04:01:04Z,2.4457,2-3y,2-3y,2-3y,2-3y,2-3y,2-3y,RETRIEVABLE,RETRIEVABLE,RETRIEVABLE,RETRIEVABLE,RETRIEVABLE,RETRIEVABLE
7341402051743681835,B,F-forum,2024-03-01T14:29:25Z,2.4445,2-3y,2-3y,2-3y,2-3y,2-3y,2-3y,NOT-RETRIEVABLE,NOT-RETRIEVABLE,NOT-RETRIEVABLE,NOT-RETRIEVABLE,NOT-RETRIEVABLE,NOT-RETRIEVABLE
7342667803645840683,B,F-forum,2024-03-05T00:21:10Z,2.4352,2-3y,2-3y,2-3y,2-3y,2-3y,2-3y,NOT-RETRIEVABLE,NOT-RETRIEVABLE,NOT-RETRIEVABLE,NOT-RETRIEVABLE,NOT-RETRIEVABLE,NOT-RETRIEVABLE
7343855927323266346,B,F-forum,2024-03-08T05:11:42Z,2.4264,2-3y,2-3y,2-3y,2-3y,2-3y,2-3y,RETRIEVABLE,RETRIEVABLE,RETRIEVABLE,RETRIEVABLE,RETRIEVABLE,RETRIEVABLE
7345529467139296543,B,F-forum,2024-03-12T17:25:53Z,2.4141,2-3y,2-3y,2-3y,2-3y,2-3y,2-3y,RETRIEVABLE,RETRIEVABLE,RETRIEVABLE,RETRIEVABLE,RETRIEVABLE,RETRIEVABLE
7346427175878495534,B,F-forum,2024-03-15T03:29:27Z,2.4075,2-3y,2-3y,2-3y,2-3y,2-3y,2-3y,RETRIEVABLE,RETRIEVABLE,RETRIEVABLE,RETRIEVABLE,RETRIEVABLE,RETRIEVABLE
7346678886765186347,B,F-forum,2024-03-15T19:46:13Z,2.4056,2-3y,2-3y,2-3y,2-3y,2-3y,2-3y,RETRIEVABLE,RETRIEVABLE,RETRIEVABLE,RETRIEVABLE,RETRIEVABLE,RETRIEVABLE
7346915852656168234,B,F-forum,2024-03-16T11:05:46Z,2.4039,2-3y,2-3y,2-3y,2-3y,2-3y,2-3y,NOT-RETRIEVABLE,NOT-RETRIEVABLE,NOT-RETRIEVABLE,NOT-RETRIEVABLE,NOT-RETRIEVABLE,NOT-RETRIEVABLE
7347750864238529823,B,F-forum,2024-03-18T17:06:03Z,2.3977,2-3y,2-3y,2-3y,2-3y,2-3y,2-3y,RETRIEVABLE,RETRIEVABLE,RETRIEVABLE,RETRIEVABLE,RETRIEVABLE,RETRIEVABLE
7348892246982397190,B,F-forum,2024-03-21T18:55:12Z,2.3893,2-3y,2-3y,2-3y,2-3y,2-3y,2-3y,RETRIEVABLE,RETRIEVABLE,RETRIEVABLE,RETRIEVABLE,RETRIEVABLE,RETRIEVABLE
7349566568843595040,B,F-forum,2024-03-23T14:31:54Z,2.3843,2-3y,2-3y,2-3y,2-3y,2-3y,2-3y,RETRIEVABLE,RETRIEVABLE,RETRIEVABLE,RETRIEVABLE,RETRIEVABLE,RETRIEVABLE
7349637646760561952,B,F-forum,2024-03-23T19:07:43Z,2.3838,2-3y,2-3y,2-3y,2-3y,2-3y,2-3y,RETRIEVABLE,RETRIEVABLE,RETRIEVABLE,RETRIEVABLE,RETRIEVABLE,RETRIEVABLE
7350811129926536478,B,F-forum,2024-03-26T23:01:26Z,2.3751,2-3y,2-3y,2-3y,2-3y,2-3y,2-3y,RETRIEVABLE,RETRIEVABLE,RETRIEVABLE,RETRIEVABLE,RETRIEVABLE,RETRIEVABLE
7351713449845525767,B,F-forum,2024-03-29T09:22:54Z,2.3685,2-3y,2-3y,2-3y,2-3y,2-3y,2-3y,RETRIEVABLE,RETRIEVABLE,RETRIEVABLE,RETRIEVABLE,RETRIEVABLE,RETRIEVABLE
7353832903404490027,B,F-forum,2024-04-04T02:27:28Z,2.3528,2-3y,2-3y,2-3y,2-3y,2-3y,2-3y,RETRIEVABLE,RETRIEVABLE,RETRIEVABLE,RETRIEVABLE,RETRIEVABLE,RETRIEVABLE
7357758176504089898,B,F-forum,2024-04-14T16:19:32Z,2.3239,2-3y,2-3y,2-3y,2-3y,2-3y,2-3y,RETRIEVABLE,RETRIEVABLE,RETRIEVABLE,RETRIEVABLE,RETRIEVABLE,RETRIEVABLE
7358144823108373803,B,F-forum,2024-04-15T17:19:55Z,2.3210,2-3y,2-3y,2-3y,2-3y,2-3y,2-3y,NOT-RETRIEVABLE,NOT-RETRIEVABLE,NOT-RETRIEVABLE,NOT-RETRIEVABLE,NOT-RETRIEVABLE,NOT-RETRIEVABLE
7358236474321505578,B,F-forum,2024-04-15T23:15:34Z,2.3203,2-3y,2-3y,2-3y,2-3y,2-3y,2-3y,RETRIEVABLE,RETRIEVABLE,RETRIEVABLE,RETRIEVABLE,RETRIEVABLE,RETRIEVABLE
7359750430345186593,B,F-forum,2024-04-20T01:10:29Z,2.3092,2-3y,2-3y,2-3y,2-3y,2-3y,2-3y,RETRIEVABLE,RETRIEVABLE,RETRIEVABLE,RETRIEVABLE,RETRIEVABLE,RETRIEVABLE
7360228879304232210,B,F-forum,2024-04-21T08:07:07Z,2.3056,2-3y,2-3y,2-3y,2-3y,2-3y,2-3y,RETRIEVABLE,RETRIEVABLE,RETRIEVABLE,RETRIEVABLE,RETRIEVABLE,RETRIEVABLE
7360797286894505258,B,F-forum,2024-04-22T20:52:50Z,2.3015,2-3y,2-3y,2-3y,2-3y,2-3y,2-3y,RETRIEVABLE,RETRIEVABLE,RETRIEVABLE,RETRIEVABLE,RETRIEVABLE,RETRIEVABLE
7360805294047366433,B,F-forum,2024-04-22T21:23:54Z,2.3014,2-3y,2-3y,2-3y,2-3y,2-3y,2-3y,RETRIEVABLE,RETRIEVABLE,RETRIEVABLE,RETRIEVABLE,RETRIEVABLE,RETRIEVABLE
7361210953855274283,B,F-forum,2024-04-23T23:38:04Z,2.2984,2-3y,2-3y,2-3y,2-3y,2-3y,2-3y,RETRIEVABLE,RETRIEVABLE,RETRIEVABLE,RETRIEVABLE,RETRIEVABLE,RETRIEVABLE
7361544557495864609,B,F-forum,2024-04-24T21:12:37Z,2.2959,2-3y,2-3y,2-3y,2-3y,2-3y,2-3y,RETRIEVABLE,RETRIEVABLE,RETRIEVABLE,RETRIEVABLE,RETRIEVABLE,RETRIEVABLE
7361913166873316640,B,F-forum,2024-04-25T21:03:01Z,2.2932,2-3y,2-3y,2-3y,2-3y,2-3y,2-3y,RETRIEVABLE,RETRIEVABLE,RETRIEVABLE,RETRIEVABLE,RETRIEVABLE,RETRIEVABLE
7362193717983235371,B,F-forum,2024-04-26T15:11:42Z,2.2911,2-3y,2-3y,2-3y,2-3y,2-3y,2-3y,RETRIEVABLE,RETRIEVABLE,RETRIEVABLE,RETRIEVABLE,RETRIEVABLE,RETRIEVABLE
7363742421588512043,B,F-forum,2024-04-30T19:21:27Z,2.2797,2-3y,2-3y,2-3y,2-3y,2-3y,2-3y,RETRIEVABLE,RETRIEVABLE,RETRIEVABLE,RETRIEVABLE,RETRIEVABLE,RETRIEVABLE
7371594191027080494,B,F-forum,2024-05-21T23:10:20Z,2.2218,2-3y,2-3y,2-3y,2-3y,2-3y,2-3y,RETRIEVABLE,RETRIEVABLE,RETRIEVABLE,RETRIEVABLE,RETRIEVABLE,RETRIEVABLE
7371838707747278122,B,F-forum,2024-05-22T14:59:11Z,2.2200,2-3y,2-3y,2-3y,2-3y,2-3y,2-3y,RETRIEVABLE,RETRIEVABLE,RETRIEVABLE,RETRIEVABLE,RETRIEVABLE,RETRIEVABLE
7373237565308161312,B,F-forum,2024-05-26T09:27:28Z,2.2097,2-3y,2-3y,2-3y,2-3y,2-3y,2-3y,RETRIEVABLE,RETRIEVABLE,RETRIEVABLE,RETRIEVABLE,RETRIEVABLE,RETRIEVABLE
7373645420318248224,B,F-forum,2024-05-27T11:50:09Z,2.2067,2-3y,2-3y,2-3y,2-3y,2-3y,2-3y,RETRIEVABLE,RETRIEVABLE,RETRIEVABLE,RETRIEVABLE,RETRIEVABLE,INDETERMINATE
7374733967506935046,B,F-forum,2024-05-30T10:14:16Z,2.1986,2-3y,2-3y,2-3y,2-3y,2-3y,2-3y,RETRIEVABLE,RETRIEVABLE,RETRIEVABLE,RETRIEVABLE,RETRIEVABLE,RETRIEVABLE
7375300347394362667,B,F-forum,2024-05-31T22:52:07Z,2.1944,2-3y,2-3y,2-3y,2-3y,2-3y,2-3y,RETRIEVABLE,RETRIEVABLE,RETRIEVABLE,RETRIEVABLE,RETRIEVABLE,RETRIEVABLE
7382269275651788065,B,F-forum,2024-06-19T17:35:07Z,2.1430,2-3y,2-3y,2-3y,2-3y,2-3y,2-3y,RETRIEVABLE,RETRIEVABLE,RETRIEVABLE,RETRIEVABLE,RETRIEVABLE,RETRIEVABLE
7384110345201241386,B,F-forum,2024-06-24T16:39:24Z,2.1294,2-3y,2-3y,2-3y,2-3y,2-3y,2-3y,RETRIEVABLE,RETRIEVABLE,RETRIEVABLE,RETRIEVABLE,RETRIEVABLE,RETRIEVABLE
7384457835934977326,B,F-forum,2024-06-25T15:07:50Z,2.1269,2-3y,2-3y,2-3y,2-3y,2-3y,2-3y,RETRIEVABLE,RETRIEVABLE,RETRIEVABLE,RETRIEVABLE,RETRIEVABLE,RETRIEVABLE
7384500311395765550,B,F-forum,2024-06-25T17:52:40Z,2.1266,2-3y,2-3y,2-3y,2-3y,2-3y,2-3y,NOT-RETRIEVABLE,NOT-RETRIEVABLE,NOT-RETRIEVABLE,NOT-RETRIEVABLE,NOT-RETRIEVABLE,NOT-RETRIEVABLE
7384528123192200490,B,F-forum,2024-06-25T19:40:36Z,2.1264,2-3y,2-3y,2-3y,2-3y,2-3y,2-3y,RETRIEVABLE,RETRIEVABLE,RETRIEVABLE,RETRIEVABLE,RETRIEVABLE,RETRIEVABLE
7395326610490084651,B,F-forum,2024-07-24T22:04:14Z,2.0467,2-3y,2-3y,2-3y,2-3y,2-3y,2-3y,RETRIEVABLE,RETRIEVABLE,RETRIEVABLE,RETRIEVABLE,RETRIEVABLE,RETRIEVABLE
7395548776011746566,B,F-forum,2024-07-25T12:26:21Z,2.0451,2-3y,2-3y,2-3y,2-3y,2-3y,2-3y,RETRIEVABLE,RETRIEVABLE,RETRIEVABLE,RETRIEVABLE,RETRIEVABLE,RETRIEVABLE
7398259675214646574,B,F-forum,2024-08-01T19:46:02Z,2.0251,2-3y,2-3y,2-3y,2-3y,2-3y,2-3y,RETRIEVABLE,RETRIEVABLE,RETRIEVABLE,RETRIEVABLE,RETRIEVABLE,RETRIEVABLE
7398668092487896351,B,F-forum,2024-08-02T22:10:54Z,2.0220,2-3y,2-3y,2-3y,2-3y,2-3y,2-3y,RETRIEVABLE,RETRIEVABLE,RETRIEVABLE,RETRIEVABLE,RETRIEVABLE,RETRIEVABLE
7405366762545368326,B,F-forum,2024-08-20T23:25:09Z,1.9726,1-2y,1-2y,1-2y,1-2y,1-2y,1-2y,RETRIEVABLE,RETRIEVABLE,RETRIEVABLE,RETRIEVABLE,RETRIEVABLE,RETRIEVABLE
7411631325427322143,B,F-forum,2024-09-06T20:34:52Z,1.9264,1-2y,1-2y,1-2y,1-2y,1-2y,1-2y,RETRIEVABLE,RETRIEVABLE,RETRIEVABLE,RETRIEVABLE,RETRIEVABLE,RETRIEVABLE
7411728372771900677,B,F-forum,2024-09-07T02:51:27Z,1.9257,1-2y,1-2y,1-2y,1-2y,1-2y,1-2y,RETRIEVABLE,RETRIEVABLE,RETRIEVABLE,RETRIEVABLE,RETRIEVABLE,RETRIEVABLE
7416024170225569054,B,F-forum,2024-09-18T16:41:20Z,1.8940,1-2y,1-2y,1-2y,1-2y,1-2y,1-2y,RETRIEVABLE,RETRIEVABLE,RETRIEVABLE,RETRIEVABLE,RETRIEVABLE,RETRIEVABLE
7427489079312256274,B,F-forum,2024-10-19T14:11:03Z,1.8094,1-2y,1-2y,1-2y,1-2y,1-2y,1-2y,RETRIEVABLE,RETRIEVABLE,RETRIEVABLE,RETRIEVABLE,RETRIEVABLE,RETRIEVABLE
7431245997239536928,B,F-forum,2024-10-29T17:09:48Z,1.7817,1-2y,1-2y,1-2y,1-2y,1-2y,1-2y,RETRIEVABLE,RETRIEVABLE,RETRIEVABLE,RETRIEVABLE,RETRIEVABLE,RETRIEVABLE
7438366744776903992,B,F-forum,2024-11-17T21:41:56Z,1.7291,1-2y,1-2y,1-2y,1-2y,1-2y,1-2y,RETRIEVABLE,RETRIEVABLE,RETRIEVABLE,RETRIEVABLE,RETRIEVABLE,RETRIEVABLE
7439577511953993003,B,F-forum,2024-11-21T04:00:20Z,1.7202,1-2y,1-2y,1-2y,1-2y,1-2y,1-2y,NOT-RETRIEVABLE,NOT-RETRIEVABLE,NOT-RETRIEVABLE,NOT-RETRIEVABLE,NOT-RETRIEVABLE,NOT-RETRIEVABLE
7445423084850498847,B,F-forum,2024-12-06T22:04:09Z,1.6771,1-2y,1-2y,1-2y,1-2y,1-2y,1-2y,NOT-RETRIEVABLE,NOT-RETRIEVABLE,NOT-RETRIEVABLE,NOT-RETRIEVABLE,NOT-RETRIEVABLE,NOT-RETRIEVABLE
7446083806882221358,B,F-forum,2024-12-08T16:48:05Z,1.6722,1-2y,1-2y,1-2y,1-2y,1-2y,1-2y,RETRIEVABLE,RETRIEVABLE,RETRIEVABLE,RETRIEVABLE,RETRIEVABLE,INDETERMINATE
7446090349551815968,B,F-forum,2024-12-08T17:13:28Z,1.6722,1-2y,1-2y,1-2y,1-2y,1-2y,1-2y,RETRIEVABLE,RETRIEVABLE,RETRIEVABLE,RETRIEVABLE,RETRIEVABLE,RETRIEVABLE
7446853436198358303,B,F-forum,2024-12-10T18:34:38Z,1.6665,1-2y,1-2y,1-2y,1-2y,1-2y,1-2y,RETRIEVABLE,RETRIEVABLE,INDETERMINATE,RETRIEVABLE,RETRIEVABLE,RETRIEVABLE
7452040583222283551,B,F-forum,2024-12-24T18:03:25Z,1.6283,1-2y,1-2y,1-2y,1-2y,1-2y,1-2y,RETRIEVABLE,RETRIEVABLE,RETRIEVABLE,RETRIEVABLE,RETRIEVABLE,RETRIEVABLE
7452259991513353504,B,F-forum,2024-12-25T08:14:50Z,1.6266,1-2y,1-2y,1-2y,1-2y,1-2y,1-2y,RETRIEVABLE,RETRIEVABLE,RETRIEVABLE,RETRIEVABLE,RETRIEVABLE,RETRIEVABLE
7458130570321693982,B,F-forum,2025-01-10T03:55:41Z,1.5833,1-2y,1-2y,1-2y,1-2y,1-2y,1-2y,RETRIEVABLE,RETRIEVABLE,RETRIEVABLE,RETRIEVABLE,RETRIEVABLE,RETRIEVABLE
7459844103635733803,B,F-forum,2025-01-14T18:45:04Z,1.5707,1-2y,1-2y,1-2y,1-2y,1-2y,1-2y,RETRIEVABLE,RETRIEVABLE,RETRIEVABLE,INDETERMINATE,RETRIEVABLE,RETRIEVABLE
7460988036873063723,B,F-forum,2025-01-17T20:44:06Z,1.5622,1-2y,1-2y,1-2y,1-2y,1-2y,1-2y,RETRIEVABLE,RETRIEVABLE,RETRIEVABLE,RETRIEVABLE,RETRIEVABLE,RETRIEVABLE
7462499048835140882,B,F-forum,2025-01-21T22:27:36Z,1.5511,1-2y,1-2y,1-2y,1-2y,1-2y,1-2y,NOT-RETRIEVABLE,NOT-RETRIEVABLE,NOT-RETRIEVABLE,NOT-RETRIEVABLE,NOT-RETRIEVABLE,NOT-RETRIEVABLE
7464731884195581230,B,F-forum,2025-01-27T22:52:09Z,1.5346,1-2y,1-2y,1-2y,1-2y,1-2y,1-2y,RETRIEVABLE,RETRIEVABLE,RETRIEVABLE,RETRIEVABLE,RETRIEVABLE,RETRIEVABLE
7466562804363939114,B,F-forum,2025-02-01T21:17:03Z,1.5211,1-2y,1-2y,1-2y,1-2y,1-2y,1-2y,RETRIEVABLE,RETRIEVABLE,RETRIEVABLE,RETRIEVABLE,RETRIEVABLE,RETRIEVABLE
7468462146347617579,B,F-forum,2025-02-07T00:07:28Z,1.5071,1-2y,1-2y,1-2y,1-2y,1-2y,1-2y,RETRIEVABLE,RETRIEVABLE,RETRIEVABLE,RETRIEVABLE,RETRIEVABLE,RETRIEVABLE
7470577426758651169,B,F-forum,2025-02-12T16:55:50Z,1.4915,1-2y,1-2y,1-2y,1-2y,1-2y,1-2y,RETRIEVABLE,RETRIEVABLE,RETRIEVABLE,RETRIEVABLE,RETRIEVABLE,RETRIEVABLE
7471455213115755806,B,F-forum,2025-02-15T01:42:06Z,1.4850,1-2y,1-2y,1-2y,1-2y,1-2y,1-2y,RETRIEVABLE,RETRIEVABLE,RETRIEVABLE,RETRIEVABLE,RETRIEVABLE,RETRIEVABLE
7472501303743155502,B,F-forum,2025-02-17T21:21:28Z,1.4773,1-2y,1-2y,1-2y,1-2y,1-2y,1-2y,RETRIEVABLE,RETRIEVABLE,RETRIEVABLE,RETRIEVABLE,RETRIEVABLE,RETRIEVABLE
7473731306845768990,B,F-forum,2025-02-21T04:54:30Z,1.4682,1-2y,1-2y,1-2y,1-2y,1-2y,1-2y,RETRIEVABLE,RETRIEVABLE,RETRIEVABLE,RETRIEVABLE,RETRIEVABLE,RETRIEVABLE
7476558168059809067,B,F-forum,2025-02-28T19:44:10Z,1.4474,1-2y,1-2y,1-2y,1-2y,1-2y,1-2y,RETRIEVABLE,RETRIEVABLE,RETRIEVABLE,RETRIEVABLE,RETRIEVABLE,RETRIEVABLE
7478823956913360174,B,F-forum,2025-03-06T22:16:35Z,1.4307,1-2y,1-2y,1-2y,1-2y,1-2y,1-2y,RETRIEVABLE,RETRIEVABLE,RETRIEVABLE,RETRIEVABLE,RETRIEVABLE,RETRIEVABLE
7481765196294278405,B,F-forum,2025-03-14T20:30:06Z,1.4090,1-2y,1-2y,1-2y,1-2y,1-2y,1-2y,INDETERMINATE,RETRIEVABLE,RETRIEVABLE,RETRIEVABLE,RETRIEVABLE,RETRIEVABLE
7483537868292476190,B,F-forum,2025-03-19T15:08:58Z,1.3959,1-2y,1-2y,1-2y,1-2y,1-2y,1-2y,RETRIEVABLE,RETRIEVABLE,RETRIEVABLE,RETRIEVABLE,RETRIEVABLE,RETRIEVABLE
7484001149884845334,B,F-forum,2025-03-20T21:06:44Z,1.3925,1-2y,1-2y,1-2y,1-2y,1-2y,1-2y,RETRIEVABLE,RETRIEVABLE,RETRIEVABLE,RETRIEVABLE,RETRIEVABLE,RETRIEVABLE
7484039715323202862,B,F-forum,2025-03-20T23:36:24Z,1.3922,1-2y,1-2y,1-2y,1-2y,1-2y,1-2y,NOT-RETRIEVABLE,NOT-RETRIEVABLE,NOT-RETRIEVABLE,NOT-RETRIEVABLE,NOT-RETRIEVABLE,NOT-RETRIEVABLE
7489128209250798854,B,F-forum,2025-04-03T16:42:21Z,1.3546,1-2y,1-2y,1-2y,1-2y,1-2y,1-2y,RETRIEVABLE,RETRIEVABLE,RETRIEVABLE,RETRIEVABLE,RETRIEVABLE,RETRIEVABLE
7489134016524733726,B,F-forum,2025-04-03T17:04:53Z,1.3546,1-2y,1-2y,1-2y,1-2y,1-2y,1-2y,RETRIEVABLE,RETRIEVABLE,RETRIEVABLE,RETRIEVABLE,RETRIEVABLE,RETRIEVABLE
7489245893070294315,B,F-forum,2025-04-04T00:19:01Z,1.3538,1-2y,1-2y,1-2y,1-2y,1-2y,1-2y,NOT-RETRIEVABLE,NOT-RETRIEVABLE,NOT-RETRIEVABLE,NOT-RETRIEVABLE,NOT-RETRIEVABLE,NOT-RETRIEVABLE
7493027546355813663,B,F-forum,2025-04-14T04:53:46Z,1.3259,1-2y,1-2y,1-2y,1-2y,1-2y,1-2y,RETRIEVABLE,RETRIEVABLE,RETRIEVABLE,RETRIEVABLE,RETRIEVABLE,RETRIEVABLE
7496041598438952214,B,F-forum,2025-04-22T07:49:50Z,1.3036,1-2y,1-2y,1-2y,1-2y,1-2y,1-2y,NOT-RETRIEVABLE,NOT-RETRIEVABLE,NOT-RETRIEVABLE,NOT-RETRIEVABLE,NOT-RETRIEVABLE,NOT-RETRIEVABLE
7504837843571838215,B,F-forum,2025-05-16T00:43:45Z,1.2387,1-2y,1-2y,1-2y,1-2y,1-2y,1-2y,RETRIEVABLE,RETRIEVABLE,RETRIEVABLE,RETRIEVABLE,RETRIEVABLE,RETRIEVABLE
7505576469876296991,B,F-forum,2025-05-18T00:30:00Z,1.2333,1-2y,1-2y,1-2y,1-2y,1-2y,1-2y,RETRIEVABLE,RETRIEVABLE,RETRIEVABLE,RETRIEVABLE,RETRIEVABLE,RETRIEVABLE
7505837083274120478,B,F-forum,2025-05-18T17:21:19Z,1.2314,1-2y,1-2y,1-2y,1-2y,1-2y,1-2y,RETRIEVABLE,RETRIEVABLE,RETRIEVABLE,RETRIEVABLE,RETRIEVABLE,INDETERMINATE
7517727101923953943,B,F-forum,2025-06-19T18:20:39Z,1.1436,1-2y,1-2y,1-2y,1-2y,1-2y,1-2y,RETRIEVABLE,RETRIEVABLE,RETRIEVABLE,RETRIEVABLE,INDETERMINATE,RETRIEVABLE
7518116912623045902,B,F-forum,2025-06-20T19:33:19Z,1.1408,1-2y,1-2y,1-2y,1-2y,1-2y,1-2y,RETRIEVABLE,RETRIEVABLE,RETRIEVABLE,RETRIEVABLE,RETRIEVABLE,RETRIEVABLE
7520954215116639496,B,F-forum,2025-06-28T11:03:30Z,1.1198,1-2y,1-2y,1-2y,1-2y,1-2y,1-2y,RETRIEVABLE,RETRIEVABLE,RETRIEVABLE,RETRIEVABLE,RETRIEVABLE,RETRIEVABLE
7521152372928810296,B,F-forum,2025-06-28T23:52:28Z,1.1184,1-2y,1-2y,1-2y,1-2y,1-2y,1-2y,RETRIEVABLE,RETRIEVABLE,RETRIEVABLE,RETRIEVABLE,RETRIEVABLE,RETRIEVABLE
7522160205501566230,B,F-forum,2025-07-01T17:03:22Z,1.1109,1-2y,1-2y,1-2y,1-2y,1-2y,1-2y,RETRIEVABLE,RETRIEVABLE,RETRIEVABLE,RETRIEVABLE,RETRIEVABLE,RETRIEVABLE
7525163617197509919,B,F-forum,2025-07-09T19:18:08Z,1.0888,1-2y,1-2y,1-2y,1-2y,1-2y,1-2y,RETRIEVABLE,RETRIEVABLE,RETRIEVABLE,RETRIEVABLE,RETRIEVABLE,RETRIEVABLE
7525676062676749581,B,F-forum,2025-07-11T04:26:41Z,1.0850,1-2y,1-2y,1-2y,1-2y,1-2y,1-2y,NOT-RETRIEVABLE,NOT-RETRIEVABLE,NOT-RETRIEVABLE,NOT-RETRIEVABLE,NOT-RETRIEVABLE,NOT-RETRIEVABLE
7525764137696169247,B,F-forum,2025-07-11T10:08:28Z,1.0843,1-2y,1-2y,1-2y,1-2y,1-2y,1-2y,RETRIEVABLE,RETRIEVABLE,RETRIEVABLE,RETRIEVABLE,RETRIEVABLE,RETRIEVABLE
7525967654914362637,B,F-forum,2025-07-11T23:18:13Z,1.0828,1-2y,1-2y,1-2y,1-2y,1-2y,1-2y,RETRIEVABLE,RETRIEVABLE,RETRIEVABLE,RETRIEVABLE,RETRIEVABLE,RETRIEVABLE
7528829252821617933,B,F-forum,2025-07-19T16:22:40Z,1.0617,1-2y,1-2y,1-2y,1-2y,1-2y,1-2y,RETRIEVABLE,RETRIEVABLE,RETRIEVABLE,RETRIEVABLE,RETRIEVABLE,RETRIEVABLE
7532540419264023821,B,F-forum,2025-07-29T16:23:54Z,1.0343,1-2y,1-2y,1-2y,1-2y,1-2y,1-2y,RETRIEVABLE,RETRIEVABLE,RETRIEVABLE,RETRIEVABLE,RETRIEVABLE,RETRIEVABLE
7533586820299296022,B,F-forum,2025-08-01T12:04:28Z,1.0266,1-2y,1-2y,1-2y,1-2y,1-2y,1-2y,RETRIEVABLE,RETRIEVABLE,RETRIEVABLE,RETRIEVABLE,RETRIEVABLE,RETRIEVABLE
7535508437447298334,B,F-forum,2025-08-06T16:21:19Z,1.0124,1-2y,1-2y,1-2y,1-2y,1-2y,1-2y,NOT-RETRIEVABLE,NOT-RETRIEVABLE,NOT-RETRIEVABLE,NOT-RETRIEVABLE,NOT-RETRIEVABLE,NOT-RETRIEVABLE
7535954556379761950,B,F-forum,2025-08-07T21:12:29Z,1.0091,1-2y,1-2y,1-2y,1-2y,1-2y,1-2y,RETRIEVABLE,RETRIEVABLE,RETRIEVABLE,RETRIEVABLE,RETRIEVABLE,RETRIEVABLE
7541804475984514335,B,F-forum,2025-08-23T15:33:10Z,0.9660,0-1y,0-1y,0-1y,0-1y,0-1y,0-1y,RETRIEVABLE,RETRIEVABLE,RETRIEVABLE,RETRIEVABLE,RETRIEVABLE,RETRIEVABLE
7545240765992045855,B,F-forum,2025-09-01T21:47:44Z,0.9406,0-1y,0-1y,0-1y,0-1y,0-1y,0-1y,RETRIEVABLE,RETRIEVABLE,RETRIEVABLE,RETRIEVABLE,RETRIEVABLE,RETRIEVABLE
7548336154102222094,B,F-forum,2025-09-10T05:59:25Z,0.9178,0-1y,0-1y,0-1y,0-1y,0-1y,0-1y,NOT-RETRIEVABLE,NOT-RETRIEVABLE,NOT-RETRIEVABLE,NOT-RETRIEVABLE,NOT-RETRIEVABLE,NOT-RETRIEVABLE
7553237387548134712,B,F-forum,2025-09-23T10:58:42Z,0.8816,0-1y,0-1y,0-1y,0-1y,0-1y,0-1y,RETRIEVABLE,RETRIEVABLE,RETRIEVABLE,RETRIEVABLE,RETRIEVABLE,RETRIEVABLE
7556018510166592799,B,F-forum,2025-09-30T22:50:53Z,0.8611,0-1y,0-1y,0-1y,0-1y,0-1y,0-1y,RETRIEVABLE,RETRIEVABLE,RETRIEVABLE,RETRIEVABLE,RETRIEVABLE,RETRIEVABLE
7560316804069952790,B,F-forum,2025-10-12T12:50:27Z,0.8294,0-1y,0-1y,0-1y,0-1y,0-1y,0-1y,RETRIEVABLE,RETRIEVABLE,RETRIEVABLE,RETRIEVABLE,RETRIEVABLE,RETRIEVABLE
7563596577915391239,B,F-forum,2025-10-21T08:57:39Z,0.8052,0-1y,0-1y,0-1y,0-1y,0-1y,0-1y,RETRIEVABLE,RETRIEVABLE,INDETERMINATE,RETRIEVABLE,RETRIEVABLE,RETRIEVABLE
7565361705665023262,B,F-forum,2025-10-26T03:07:15Z,0.7922,0-1y,0-1y,0-1y,0-1y,0-1y,0-1y,RETRIEVABLE,RETRIEVABLE,RETRIEVABLE,RETRIEVABLE,RETRIEVABLE,RETRIEVABLE
7567806911580622110,B,F-forum,2025-11-01T17:15:54Z,0.7741,0-1y,0-1y,0-1y,0-1y,0-1y,0-1y,RETRIEVABLE,RETRIEVABLE,RETRIEVABLE,RETRIEVABLE,RETRIEVABLE,RETRIEVABLE
7568380008633257271,B,F-forum,2025-11-03T06:19:48Z,0.7699,0-1y,0-1y,0-1y,0-1y,0-1y,0-1y,NOT-RETRIEVABLE,NOT-RETRIEVABLE,NOT-RETRIEVABLE,NOT-RETRIEVABLE,NOT-RETRIEVABLE,NOT-RETRIEVABLE
7569846074664439053,B,F-forum,2025-11-07T05:08:53Z,0.7591,0-1y,0-1y,0-1y,0-1y,0-1y,0-1y,INDETERMINATE,RETRIEVABLE,RETRIEVABLE,RETRIEVABLE,RETRIEVABLE,RETRIEVABLE
7569917602479246622,B,F-forum,2025-11-07T09:46:27Z,0.7586,0-1y,0-1y,0-1y,0-1y,0-1y,0-1y,RETRIEVABLE,RETRIEVABLE,RETRIEVABLE,RETRIEVABLE,RETRIEVABLE,RETRIEVABLE
7572273147743980831,B,F-forum,2025-11-13T18:07:10Z,0.7412,0-1y,0-1y,0-1y,0-1y,0-1y,0-1y,RETRIEVABLE,RETRIEVABLE,RETRIEVABLE,RETRIEVABLE,RETRIEVABLE,RETRIEVABLE
7579260941812944158,B,F-forum,2025-12-02T14:03:23Z,0.6896,0-1y,0-1y,0-1y,0-1y,0-1y,0-1y,RETRIEVABLE,RETRIEVABLE,RETRIEVABLE,RETRIEVABLE,RETRIEVABLE,RETRIEVABLE
7580186972208024863,B,F-forum,2025-12-05T01:56:51Z,0.6828,0-1y,0-1y,0-1y,0-1y,0-1y,0-1y,RETRIEVABLE,RETRIEVABLE,RETRIEVABLE,RETRIEVABLE,RETRIEVABLE,RETRIEVABLE
7584876341267270943,B,F-forum,2025-12-17T17:14:00Z,0.6482,0-1y,0-1y,0-1y,0-1y,0-1y,0-1y,RETRIEVABLE,RETRIEVABLE,RETRIEVABLE,RETRIEVABLE,RETRIEVABLE,INDETERMINATE
7591592052954025246,B,F-forum,2026-01-04T19:34:24Z,0.5987,0-1y,0-1y,0-1y,0-1y,0-1y,0-1y,RETRIEVABLE,RETRIEVABLE,RETRIEVABLE,RETRIEVABLE,RETRIEVABLE,RETRIEVABLE
7592750185403485470,B,F-forum,2026-01-07T22:28:32Z,0.5901,0-1y,0-1y,0-1y,0-1y,0-1y,0-1y,RETRIEVABLE,RETRIEVABLE,RETRIEVABLE,RETRIEVABLE,RETRIEVABLE,RETRIEVABLE
7594724776904641847,B,F-forum,2026-01-13T06:10:58Z,0.5755,0-1y,0-1y,0-1y,0-1y,0-1y,0-1y,RETRIEVABLE,RETRIEVABLE,RETRIEVABLE,RETRIEVABLE,RETRIEVABLE,RETRIEVABLE
7597943894319369502,B,F-forum,2026-01-21T22:22:47Z,0.5518,0-1y,0-1y,0-1y,0-1y,0-1y,0-1y,RETRIEVABLE,RETRIEVABLE,RETRIEVABLE,RETRIEVABLE,RETRIEVABLE,RETRIEVABLE
7598189362823695638,B,F-forum,2026-01-22T14:15:19Z,0.5500,0-1y,0-1y,0-1y,0-1y,0-1y,0-1y,RETRIEVABLE,RETRIEVABLE,RETRIEVABLE,RETRIEVABLE,RETRIEVABLE,RETRIEVABLE
7600801037292768525,B,F-forum,2026-01-29T15:09:57Z,0.5307,0-1y,0-1y,0-1y,0-1y,0-1y,0-1y,RETRIEVABLE,RETRIEVABLE,RETRIEVABLE,RETRIEVABLE,RETRIEVABLE,RETRIEVABLE
7601681412344843551,B,F-forum,2026-02-01T00:06:16Z,0.5242,0-1y,0-1y,0-1y,0-1y,0-1y,0-1y,RETRIEVABLE,RETRIEVABLE,RETRIEVABLE,RETRIEVABLE,RETRIEVABLE,RETRIEVABLE
7602634355160206623,B,F-forum,2026-02-03T13:44:10Z,0.5172,0-1y,0-1y,0-1y,0-1y,0-1y,0-1y,RETRIEVABLE,RETRIEVABLE,RETRIEVABLE,RETRIEVABLE,RETRIEVABLE,RETRIEVABLE
7608752927301258510,B,F-forum,2026-02-20T01:27:21Z,0.4720,0-1y,0-1y,0-1y,0-1y,0-1y,0-1y,RETRIEVABLE,RETRIEVABLE,RETRIEVABLE,RETRIEVABLE,RETRIEVABLE,RETRIEVABLE
7612511893340671240,B,F-forum,2026-03-02T04:34:03Z,0.4443,0-1y,0-1y,0-1y,0-1y,0-1y,0-1y,RETRIEVABLE,RETRIEVABLE,RETRIEVABLE,RETRIEVABLE,RETRIEVABLE,RETRIEVABLE
7612744750713589023,B,F-forum,2026-03-02T19:37:40Z,0.4426,0-1y,0-1y,0-1y,0-1y,0-1y,0-1y,RETRIEVABLE,RETRIEVABLE,RETRIEVABLE,RETRIEVABLE,RETRIEVABLE,RETRIEVABLE
7613137316227353887,B,F-forum,2026-03-03T21:01:01Z,0.4397,0-1y,0-1y,0-1y,0-1y,0-1y,0-1y,RETRIEVABLE,RETRIEVABLE,RETRIEVABLE,RETRIEVABLE,RETRIEVABLE,RETRIEVABLE
7615994489991122194,B,F-forum,2026-03-11T13:48:19Z,0.4186,0-1y,0-1y,0-1y,0-1y,0-1y,0-1y,RETRIEVABLE,RETRIEVABLE,RETRIEVABLE,RETRIEVABLE,RETRIEVABLE,RETRIEVABLE
7620931241583414559,B,F-forum,2026-03-24T21:05:26Z,0.3822,0-1y,0-1y,0-1y,0-1y,0-1y,0-1y,RETRIEVABLE,RETRIEVABLE,RETRIEVABLE,RETRIEVABLE,RETRIEVABLE,RETRIEVABLE
7624743231997136141,B,F-forum,2026-04-04T03:37:54Z,0.3541,0-1y,0-1y,0-1y,0-1y,0-1y,0-1y,RETRIEVABLE,RETRIEVABLE,RETRIEVABLE,RETRIEVABLE,RETRIEVABLE,RETRIEVABLE
7627740073534033183,B,F-forum,2026-04-12T05:27:10Z,0.3320,0-1y,0-1y,0-1y,0-1y,0-1y,0-1y,RETRIEVABLE,RETRIEVABLE,RETRIEVABLE,RETRIEVABLE,RETRIEVABLE,RETRIEVABLE
7629131722583559454,B,F-forum,2026-04-15T23:27:29Z,0.3217,0-1y,0-1y,0-1y,0-1y,0-1y,0-1y,RETRIEVABLE,RETRIEVABLE,RETRIEVABLE,RETRIEVABLE,RETRIEVABLE,RETRIEVABLE
7634591061553237266,B,F-forum,2026-04-30T16:32:30Z,0.2814,0-1y,0-1y,0-1y,0-1y,0-1y,0-1y,RETRIEVABLE,RETRIEVABLE,RETRIEVABLE,RETRIEVABLE,RETRIEVABLE,RETRIEVABLE
7638649825382190350,B,F-forum,2026-05-11T15:02:35Z,0.2515,0-1y,0-1y,0-1y,0-1y,0-1y,0-1y,RETRIEVABLE,RETRIEVABLE,RETRIEVABLE,RETRIEVABLE,RETRIEVABLE,RETRIEVABLE
7638681657058364702,B,F-forum,2026-05-11T17:06:06Z,0.2512,0-1y,0-1y,0-1y,0-1y,0-1y,0-1y,RETRIEVABLE,RETRIEVABLE,RETRIEVABLE,RETRIEVABLE,RETRIEVABLE,RETRIEVABLE
7640487835438435606,B,F-forum,2026-05-16T13:55:00Z,0.2379,0-1y,0-1y,0-1y,0-1y,0-1y,0-1y,RETRIEVABLE,RETRIEVABLE,RETRIEVABLE,RETRIEVABLE,RETRIEVABLE,RETRIEVABLE
7641631412407274782,B,F-forum,2026-05-19T15:52:40Z,0.2295,0-1y,0-1y,0-1y,0-1y,0-1y,0-1y,RETRIEVABLE,RETRIEVABLE,RETRIEVABLE,RETRIEVABLE,RETRIEVABLE,RETRIEVABLE
7644482888544636180,B,F-forum,2026-05-27T08:17:51Z,0.2084,0-1y,0-1y,0-1y,0-1y,0-1y,0-1y,RETRIEVABLE,RETRIEVABLE,RETRIEVABLE,RETRIEVABLE,RETRIEVABLE,RETRIEVABLE
7645614973263056161,B,F-forum,2026-05-30T09:30:55Z,0.2001,0-1y,0-1y,0-1y,0-1y,0-1y,0-1y,RETRIEVABLE,RETRIEVABLE,RETRIEVABLE,RETRIEVABLE,RETRIEVABLE,RETRIEVABLE
7646034181075537174,B,F-forum,2026-05-31T12:37:39Z,0.1970,0-1y,0-1y,0-1y,0-1y,0-1y,0-1y,RETRIEVABLE,RETRIEVABLE,RETRIEVABLE,RETRIEVABLE,RETRIEVABLE,RETRIEVABLE
7646192036663577870,B,F-forum,2026-05-31T22:50:13Z,0.1958,0-1y,0-1y,0-1y,0-1y,0-1y,0-1y,RETRIEVABLE,RETRIEVABLE,RETRIEVABLE,RETRIEVABLE,RETRIEVABLE,RETRIEVABLE
7648791781416389910,B,F-forum,2026-06-07T22:58:33Z,0.1766,0-1y,0-1y,0-1y,0-1y,0-1y,0-1y,RETRIEVABLE,RETRIEVABLE,RETRIEVABLE,RETRIEVABLE,RETRIEVABLE,RETRIEVABLE
7649016461775752470,B,F-forum,2026-06-08T13:30:26Z,0.1750,0-1y,0-1y,0-1y,0-1y,0-1y,0-1y,RETRIEVABLE,RETRIEVABLE,RETRIEVABLE,RETRIEVABLE,RETRIEVABLE,RETRIEVABLE
7655174731066363166,B,F-forum,2026-06-25T03:47:39Z,0.1295,0-1y,0-1y,0-1y,0-1y,0-1y,0-1y,RETRIEVABLE,RETRIEVABLE,RETRIEVABLE,RETRIEVABLE,RETRIEVABLE,RETRIEVABLE
7659481121012321558,B,F-forum,2026-07-06T18:18:39Z,0.0978,0-1y,0-1y,0-1y,0-1y,0-1y,0-1y,RETRIEVABLE,INDETERMINATE,RETRIEVABLE,RETRIEVABLE,RETRIEVABLE,RETRIEVABLE
7662540717725732126,B,F-forum,2026-07-15T00:11:27Z,0.0752,0-1y,0-1y,0-1y,0-1y,0-1y,0-1y,RETRIEVABLE,RETRIEVABLE,RETRIEVABLE,RETRIEVABLE,RETRIEVABLE,RETRIEVABLE
7667381236557483278,B,F-forum,2026-07-28T01:15:08Z,0.0395,0-1y,0-1y,0-1y,0-1y,0-1y,0-1y,RETRIEVABLE,RETRIEVABLE,RETRIEVABLE,RETRIEVABLE,RETRIEVABLE,RETRIEVABLE
7670062915185085719,B,F-forum,2026-08-04T06:41:25Z,0.0197,0-1y,0-1y,0-1y,0-1y,0-1y,0-1y,RETRIEVABLE,RETRIEVABLE,RETRIEVABLE,RETRIEVABLE,RETRIEVABLE,RETRIEVABLE
7670197795537571094,B,F-forum,2026-08-04T15:24:49Z,0.0187,0-1y,0-1y,0-1y,0-1y,0-1y,0-1y,RETRIEVABLE,RETRIEVABLE,RETRIEVABLE,RETRIEVABLE,RETRIEVABLE,RETRIEVABLE
12345,B-truncated,B-truncated,,,,,,,,,RETRIEVABLE,RETRIEVABLE,RETRIEVABLE,RETRIEVABLE,RETRIEVABLE,RETRIEVABLE
6747343325621,B-truncated,B-truncated,,,,,,,,,NOT-RETRIEVABLE,NOT-RETRIEVABLE,NOT-RETRIEVABLE,NOT-RETRIEVABLE,NOT-RETRIEVABLE,NOT-RETRIEVABLE
676265754,B-truncated,B-truncated,,,,,,,,,NOT-RETRIEVABLE,NOT-RETRIEVABLE,NOT-RETRIEVABLE,NOT-RETRIEVABLE,NOT-RETRIEVABLE,NOT-RETRIEVABLE
6803734042345,B-truncated,B-truncated,,,,,,,,,NOT-RETRIEVABLE,NOT-RETRIEVABLE,NOT-RETRIEVABLE,NOT-RETRIEVABLE,NOT-RETRIEVABLE,NOT-RETRIEVABLE
68190614138777,B-truncated,B-truncated,,,,,,,,,NOT-RETRIEVABLE,NOT-RETRIEVABLE,NOT-RETRIEVABLE,NOT-RETRIEVABLE,INDETERMINATE,NOT-RETRIEVABLE
68368175634,B-truncated,B-truncated,,,,,,,,,NOT-RETRIEVABLE,NOT-RETRIEVABLE,NOT-RETRIEVABLE,NOT-RETRIEVABLE,NOT-RETRIEVABLE,NOT-RETRIEVABLE
68375862566925,B-truncated,B-truncated,,,,,,,,,NOT-RETRIEVABLE,NOT-RETRIEVABLE,NOT-RETRIEVABLE,NOT-RETRIEVABLE,NOT-RETRIEVABLE,NOT-RETRIEVABLE
684743005,B-truncated,B-truncated,,,,,,,,,NOT-RETRIEVABLE,NOT-RETRIEVABLE,NOT-RETRIEVABLE,NOT-RETRIEVABLE,NOT-RETRIEVABLE,NOT-RETRIEVABLE
685765660108036,B-truncated,B-truncated,,,,,,,,,NOT-RETRIEVABLE,NOT-RETRIEVABLE,NOT-RETRIEVABLE,NOT-RETRIEVABLE,NOT-RETRIEVABLE,NOT-RETRIEVABLE
6862108775214,B-truncated,B-truncated,,,,,,,,,NOT-RETRIEVABLE,NOT-RETRIEVABLE,NOT-RETRIEVABLE,NOT-RETRIEVABLE,NOT-RETRIEVABLE,INDETERMINATE
686526224212490,B-truncated,B-truncated,,,,,,,,,NOT-RETRIEVABLE,NOT-RETRIEVABLE,NOT-RETRIEVABLE,NOT-RETRIEVABLE,NOT-RETRIEVABLE,NOT-RETRIEVABLE
68683101136402874,B-truncated,B-truncated,,,,,,,,,NOT-RETRIEVABLE,NOT-RETRIEVABLE,NOT-RETRIEVABLE,NOT-RETRIEVABLE,NOT-RETRIEVABLE,NOT-RETRIEVABLE
68683779147448517,B-truncated,B-truncated,,,,,,,,,NOT-RETRIEVABLE,NOT-RETRIEVABLE,NOT-RETRIEVABLE,NOT-RETRIEVABLE,NOT-RETRIEVABLE,NOT-RETRIEVABLE
690851478968159,B-truncated,B-truncated,,,,,,,,,NOT-RETRIEVABLE,NOT-RETRIEVABLE,NOT-RETRIEVABLE,NOT-RETRIEVABLE,NOT-RETRIEVABLE,NOT-RETRIEVABLE
69158104300531089,B-truncated,B-truncated,,,,,,,,,NOT-RETRIEVABLE,NOT-RETRIEVABLE,NOT-RETRIEVABLE,NOT-RETRIEVABLE,NOT-RETRIEVABLE,NOT-RETRIEVABLE
691954418645482215,B-truncated,B-truncated,,,,,,,,,NOT-RETRIEVABLE,NOT-RETRIEVABLE,NOT-RETRIEVABLE,NOT-RETRIEVABLE,NOT-RETRIEVABLE,NOT-RETRIEVABLE
691993902413,B-truncated,B-truncated,,,,,,,,,NOT-RETRIEVABLE,NOT-RETRIEVABLE,NOT-RETRIEVABLE,NOT-RETRIEVABLE,NOT-RETRIEVABLE,NOT-RETRIEVABLE
6921416585412,B-truncated,B-truncated,,,,,,,,,NOT-RETRIEVABLE,NOT-RETRIEVABLE,NOT-RETRIEVABLE,NOT-RETRIEVABLE,NOT-RETRIEVABLE,NOT-RETRIEVABLE
69224330661409,B-truncated,B-truncated,,,,,,,,,NOT-RETRIEVABLE,NOT-RETRIEVABLE,NOT-RETRIEVABLE,NOT-RETRIEVABLE,NOT-RETRIEVABLE,NOT-RETRIEVABLE
6926261120005,B-truncated,B-truncated,,,,,,,,,NOT-RETRIEVABLE,NOT-RETRIEVABLE,NOT-RETRIEVABLE,NOT-RETRIEVABLE,NOT-RETRIEVABLE,NOT-RETRIEVABLE
6926281617094,B-truncated,B-truncated,,,,,,,,,NOT-RETRIEVABLE,NOT-RETRIEVABLE,NOT-RETRIEVABLE,NOT-RETRIEVABLE,NOT-RETRIEVABLE,NOT-RETRIEVABLE
693557468395790,B-truncated,B-truncated,,,,,,,,,NOT-RETRIEVABLE,NOT-RETRIEVABLE,NOT-RETRIEVABLE,NOT-RETRIEVABLE,NOT-RETRIEVABLE,NOT-RETRIEVABLE
69415659895,B-truncated,B-truncated,,,,,,,,,NOT-RETRIEVABLE,NOT-RETRIEVABLE,NOT-RETRIEVABLE,NOT-RETRIEVABLE,NOT-RETRIEVABLE,NOT-RETRIEVABLE
69508366516858585,B-truncated,B-truncated,,,,,,,,,NOT-RETRIEVABLE,NOT-RETRIEVABLE,NOT-RETRIEVABLE,NOT-RETRIEVABLE,NOT-RETRIEVABLE,NOT-RETRIEVABLE
69529306172982919,B-truncated,B-truncated,,,,,,,,,NOT-RETRIEVABLE,NOT-RETRIEVABLE,NOT-RETRIEVABLE,NOT-RETRIEVABLE,NOT-RETRIEVABLE,NOT-RETRIEVABLE
69554934350171210,B-truncated,B-truncated,,,,,,,,,NOT-RETRIEVABLE,NOT-RETRIEVABLE,NOT-RETRIEVABLE,NOT-RETRIEVABLE,NOT-RETRIEVABLE,NOT-RETRIEVABLE
69560346101741519,B-truncated,B-truncated,,,,,,,,,NOT-RETRIEVABLE,NOT-RETRIEVABLE,NOT-RETRIEVABLE,NOT-RETRIEVABLE,NOT-RETRIEVABLE,NOT-RETRIEVABLE
695706186311272371,B-truncated,B-truncated,,,,,,,,,NOT-RETRIEVABLE,NOT-RETRIEVABLE,NOT-RETRIEVABLE,NOT-RETRIEVABLE,NOT-RETRIEVABLE,NOT-RETRIEVABLE
6957456115315657,B-truncated,B-truncated,,,,,,,,,NOT-RETRIEVABLE,NOT-RETRIEVABLE,NOT-RETRIEVABLE,NOT-RETRIEVABLE,NOT-RETRIEVABLE,NOT-RETRIEVABLE
69619490520616174,B-truncated,B-truncated,,,,,,,,,NOT-RETRIEVABLE,NOT-RETRIEVABLE,NOT-RETRIEVABLE,NOT-RETRIEVABLE,NOT-RETRIEVABLE,NOT-RETRIEVABLE
6988551554286,B-truncated,B-truncated,,,,,,,,,NOT-RETRIEVABLE,NOT-RETRIEVABLE,NOT-RETRIEVABLE,NOT-RETRIEVABLE,NOT-RETRIEVABLE,NOT-RETRIEVABLE
6995538782,B-truncated,B-truncated,,,,,,,,,NOT-RETRIEVABLE,NOT-RETRIEVABLE,NOT-RETRIEVABLE,NOT-RETRIEVABLE,NOT-RETRIEVABLE,NOT-RETRIEVABLE
69959083,B-truncated,B-truncated,,,,,,,,,NOT-RETRIEVABLE,NOT-RETRIEVABLE,NOT-RETRIEVABLE,NOT-RETRIEVABLE,NOT-RETRIEVABLE,NOT-RETRIEVABLE
70000143018891543,B-truncated,B-truncated,,,,,,,,,NOT-RETRIEVABLE,NOT-RETRIEVABLE,NOT-RETRIEVABLE,NOT-RETRIEVABLE,NOT-RETRIEVABLE,NOT-RETRIEVABLE
70004626474,B-truncated,B-truncated,,,,,,,,,NOT-RETRIEVABLE,NOT-RETRIEVABLE,NOT-RETRIEVABLE,NOT-RETRIEVABLE,NOT-RETRIEVABLE,NOT-RETRIEVABLE
70070018704137290,B-truncated,B-truncated,,,,,,,,,NOT-RETRIEVABLE,NOT-RETRIEVABLE,NOT-RETRIEVABLE,NOT-RETRIEVABLE,INDETERMINATE,NOT-RETRIEVABLE
700785597830984832,B-truncated,B-truncated,,,,,,,,,NOT-RETRIEVABLE,NOT-RETRIEVABLE,NOT-RETRIEVABLE,NOT-RETRIEVABLE,NOT-RETRIEVABLE,NOT-RETRIEVABLE
7018171271095553,B-truncated,B-truncated,,,,,,,,,NOT-RETRIEVABLE,NOT-RETRIEVABLE,NOT-RETRIEVABLE,NOT-RETRIEVABLE,NOT-RETRIEVABLE,NOT-RETRIEVABLE
701961608049041,B-truncated,B-truncated,,,,,,,,,NOT-RETRIEVABLE,NOT-RETRIEVABLE,NOT-RETRIEVABLE,NOT-RETRIEVABLE,NOT-RETRIEVABLE,NOT-RETRIEVABLE
702129087728481,B-truncated,B-truncated,,,,,,,,,NOT-RETRIEVABLE,NOT-RETRIEVABLE,NOT-RETRIEVABLE,NOT-RETRIEVABLE,NOT-RETRIEVABLE,NOT-RETRIEVABLE
702419516832,B-truncated,B-truncated,,,,,,,,,INDETERMINATE,NOT-RETRIEVABLE,NOT-RETRIEVABLE,NOT-RETRIEVABLE,NOT-RETRIEVABLE,NOT-RETRIEVABLE
704386612371181086,B-truncated,B-truncated,,,,,,,,,NOT-RETRIEVABLE,NOT-RETRIEVABLE,NOT-RETRIEVABLE,NOT-RETRIEVABLE,NOT-RETRIEVABLE,NOT-RETRIEVABLE
70465726671214,B-truncated,B-truncated,,,,,,,,,NOT-RETRIEVABLE,NOT-RETRIEVABLE,NOT-RETRIEVABLE,NOT-RETRIEVABLE,NOT-RETRIEVABLE,NOT-RETRIEVABLE
7051359949812731,B-truncated,B-truncated,,,,,,,,,NOT-RETRIEVABLE,NOT-RETRIEVABLE,NOT-RETRIEVABLE,NOT-RETRIEVABLE,NOT-RETRIEVABLE,NOT-RETRIEVABLE
7057217,B-truncated,B-truncated,,,,,,,,,NOT-RETRIEVABLE,NOT-RETRIEVABLE,NOT-RETRIEVABLE,INDETERMINATE,NOT-RETRIEVABLE,NOT-RETRIEVABLE
70572517252788093,B-truncated,B-truncated,,,,,,,,,NOT-RETRIEVABLE,NOT-RETRIEVABLE,NOT-RETRIEVABLE,NOT-RETRIEVABLE,NOT-RETRIEVABLE,NOT-RETRIEVABLE
706085573209017886,B-truncated,B-truncated,,,,,,,,,NOT-RETRIEVABLE,NOT-RETRIEVABLE,NOT-RETRIEVABLE,NOT-RETRIEVABLE,NOT-RETRIEVABLE,NOT-RETRIEVABLE
7060950433082182,B-truncated,B-truncated,,,,,,,,,NOT-RETRIEVABLE,NOT-RETRIEVABLE,NOT-RETRIEVABLE,NOT-RETRIEVABLE,NOT-RETRIEVABLE,NOT-RETRIEVABLE
706572491190134711,B-truncated,B-truncated,,,,,,,,,NOT-RETRIEVABLE,NOT-RETRIEVABLE,NOT-RETRIEVABLE,NOT-RETRIEVABLE,NOT-RETRIEVABLE,NOT-RETRIEVABLE
7068404845325143,B-truncated,B-truncated,,,,,,,,,NOT-RETRIEVABLE,NOT-RETRIEVABLE,NOT-RETRIEVABLE,NOT-RETRIEVABLE,NOT-RETRIEVABLE,NOT-RETRIEVABLE
70694164468,B-truncated,B-truncated,,,,,,,,,NOT-RETRIEVABLE,NOT-RETRIEVABLE,NOT-RETRIEVABLE,NOT-RETRIEVABLE,NOT-RETRIEVABLE,NOT-RETRIEVABLE
70731558599201457,B-truncated,B-truncated,,,,,,,,,NOT-RETRIEVABLE,NOT-RETRIEVABLE,NOT-RETRIEVABLE,NOT-RETRIEVABLE,NOT-RETRIEVABLE,NOT-RETRIEVABLE
70758958399267996,B-truncated,B-truncated,,,,,,,,,NOT-RETRIEVABLE,NOT-RETRIEVABLE,NOT-RETRIEVABLE,NOT-RETRIEVABLE,NOT-RETRIEVABLE,NOT-RETRIEVABLE
70771811373,B-truncated,B-truncated,,,,,,,,,NOT-RETRIEVABLE,NOT-RETRIEVABLE,NOT-RETRIEVABLE,NOT-RETRIEVABLE,NOT-RETRIEVABLE,NOT-RETRIEVABLE
7079079298182909,B-truncated,B-truncated,,,,,,,,,NOT-RETRIEVABLE,NOT-RETRIEVABLE,NOT-RETRIEVABLE,NOT-RETRIEVABLE,NOT-RETRIEVABLE,NOT-RETRIEVABLE
707983303543624,B-truncated,B-truncated,,,,,,,,,NOT-RETRIEVABLE,NOT-RETRIEVABLE,INDETERMINATE,NOT-RETRIEVABLE,NOT-RETRIEVABLE,NOT-RETRIEVABLE
708395834045538641,B-truncated,B-truncated,,,,,,,,,NOT-RETRIEVABLE,NOT-RETRIEVABLE,NOT-RETRIEVABLE,NOT-RETRIEVABLE,NOT-RETRIEVABLE,NOT-RETRIEVABLE
70920553756,B-truncated,B-truncated,,,,,,,,,NOT-RETRIEVABLE,NOT-RETRIEVABLE,NOT-RETRIEVABLE,NOT-RETRIEVABLE,NOT-RETRIEVABLE,NOT-RETRIEVABLE
7092135813,B-truncated,B-truncated,,,,,,,,,NOT-RETRIEVABLE,NOT-RETRIEVABLE,NOT-RETRIEVABLE,NOT-RETRIEVABLE,NOT-RETRIEVABLE,NOT-RETRIEVABLE
70942927842066,B-truncated,B-truncated,,,,,,,,,NOT-RETRIEVABLE,NOT-RETRIEVABLE,NOT-RETRIEVABLE,NOT-RETRIEVABLE,NOT-RETRIEVABLE,NOT-RETRIEVABLE
7096930280765721,B-truncated,B-truncated,,,,,,,,,NOT-RETRIEVABLE,NOT-RETRIEVABLE,NOT-RETRIEVABLE,NOT-RETRIEVABLE,NOT-RETRIEVABLE,NOT-RETRIEVABLE
7097513012117,B-truncated,B-truncated,,,,,,,,,NOT-RETRIEVABLE,NOT-RETRIEVABLE,NOT-RETRIEVABLE,NOT-RETRIEVABLE,NOT-RETRIEVABLE,NOT-RETRIEVABLE
70983764223009620,B-truncated,B-truncated,,,,,,,,,NOT-RETRIEVABLE,NOT-RETRIEVABLE,NOT-RETRIEVABLE,NOT-RETRIEVABLE,NOT-RETRIEVABLE,NOT-RETRIEVABLE
709917153557088183,B-truncated,B-truncated,,,,,,,,,NOT-RETRIEVABLE,NOT-RETRIEVABLE,NOT-RETRIEVABLE,NOT-RETRIEVABLE,NOT-RETRIEVABLE,NOT-RETRIEVABLE
71047421704266,B-truncated,B-truncated,,,,,,,,,NOT-RETRIEVABLE,NOT-RETRIEVABLE,NOT-RETRIEVABLE,NOT-RETRIEVABLE,NOT-RETRIEVABLE,NOT-RETRIEVABLE
710602314370956011,B-truncated,B-truncated,,,,,,,,,NOT-RETRIEVABLE,NOT-RETRIEVABLE,NOT-RETRIEVABLE,NOT-RETRIEVABLE,NOT-RETRIEVABLE,NOT-RETRIEVABLE
711027937017391031,B-truncated,B-truncated,,,,,,,,,NOT-RETRIEVABLE,NOT-RETRIEVABLE,NOT-RETRIEVABLE,NOT-RETRIEVABLE,NOT-RETRIEVABLE,NOT-RETRIEVABLE
71115053899502,B-truncated,B-truncated,,,,,,,,,NOT-RETRIEVABLE,NOT-RETRIEVABLE,NOT-RETRIEVABLE,NOT-RETRIEVABLE,NOT-RETRIEVABLE,NOT-RETRIEVABLE
71118581026385,B-truncated,B-truncated,,,,,,,,,NOT-RETRIEVABLE,NOT-RETRIEVABLE,NOT-RETRIEVABLE,NOT-RETRIEVABLE,NOT-RETRIEVABLE,NOT-RETRIEVABLE
71123116513,B-truncated,B-truncated,,,,,,,,,NOT-RETRIEVABLE,NOT-RETRIEVABLE,NOT-RETRIEVABLE,NOT-RETRIEVABLE,NOT-RETRIEVABLE,NOT-RETRIEVABLE
7116863895171583,B-truncated,B-truncated,,,,,,,,,NOT-RETRIEVABLE,NOT-RETRIEVABLE,NOT-RETRIEVABLE,NOT-RETRIEVABLE,NOT-RETRIEVABLE,NOT-RETRIEVABLE
71185191634,B-truncated,B-truncated,,,,,,,,,NOT-RETRIEVABLE,NOT-RETRIEVABLE,NOT-RETRIEVABLE,NOT-RETRIEVABLE,NOT-RETRIEVABLE,NOT-RETRIEVABLE
7119900568348380,B-truncated,B-truncated,,,,,,,,,NOT-RETRIEVABLE,NOT-RETRIEVABLE,NOT-RETRIEVABLE,NOT-RETRIEVABLE,NOT-RETRIEVABLE,NOT-RETRIEVABLE
7120057880,B-truncated,B-truncated,,,,,,,,,NOT-RETRIEVABLE,NOT-RETRIEVABLE,NOT-RETRIEVABLE,NOT-RETRIEVABLE,NOT-RETRIEVABLE,NOT-RETRIEVABLE
7122391438,B-truncated,B-truncated,,,,,,,,,NOT-RETRIEVABLE,NOT-RETRIEVABLE,NOT-RETRIEVABLE,NOT-RETRIEVABLE,NOT-RETRIEVABLE,NOT-RETRIEVABLE
71236508943983,B-truncated,B-truncated,,,,,,,,,NOT-RETRIEVABLE,NOT-RETRIEVABLE,NOT-RETRIEVABLE,NOT-RETRIEVABLE,NOT-RETRIEVABLE,NOT-RETRIEVABLE
712723258380868,B-truncated,B-truncated,,,,,,,,,NOT-RETRIEVABLE,NOT-RETRIEVABLE,NOT-RETRIEVABLE,NOT-RETRIEVABLE,NOT-RETRIEVABLE,NOT-RETRIEVABLE
712957297327037162,B-truncated,B-truncated,,,,,,,,,NOT-RETRIEVABLE,NOT-RETRIEVABLE,NOT-RETRIEVABLE,NOT-RETRIEVABLE,NOT-RETRIEVABLE,NOT-RETRIEVABLE
7130719838778953,B-truncated,B-truncated,,,,,,,,,NOT-RETRIEVABLE,NOT-RETRIEVABLE,NOT-RETRIEVABLE,NOT-RETRIEVABLE,NOT-RETRIEVABLE,NOT-RETRIEVABLE
713267837541158430,B-truncated,B-truncated,,,,,,,,,NOT-RETRIEVABLE,NOT-RETRIEVABLE,NOT-RETRIEVABLE,NOT-RETRIEVABLE,NOT-RETRIEVABLE,NOT-RETRIEVABLE
713806710521107588,B-truncated,B-truncated,,,,,,,,,NOT-RETRIEVABLE,NOT-RETRIEVABLE,NOT-RETRIEVABLE,NOT-RETRIEVABLE,NOT-RETRIEVABLE,NOT-RETRIEVABLE
71418040147,B-truncated,B-truncated,,,,,,,,,NOT-RETRIEVABLE,NOT-RETRIEVABLE,NOT-RETRIEVABLE,NOT-RETRIEVABLE,NOT-RETRIEVABLE,NOT-RETRIEVABLE
71473953160298,B-truncated,B-truncated,,,,,,,,,INDETERMINATE,NOT-RETRIEVABLE,NOT-RETRIEVABLE,NOT-RETRIEVABLE,NOT-RETRIEVABLE,NOT-RETRIEVABLE
7149578,B-truncated,B-truncated,,,,,,,,,NOT-RETRIEVABLE,NOT-RETRIEVABLE,NOT-RETRIEVABLE,NOT-RETRIEVABLE,NOT-RETRIEVABLE,NOT-RETRIEVABLE
71506133065275179,B-truncated,B-truncated,,,,,,,,,NOT-RETRIEVABLE,NOT-RETRIEVABLE,NOT-RETRIEVABLE,NOT-RETRIEVABLE,NOT-RETRIEVABLE,NOT-RETRIEVABLE
715361999595885696,B-truncated,B-truncated,,,,,,,,,NOT-RETRIEVABLE,NOT-RETRIEVABLE,NOT-RETRIEVABLE,NOT-RETRIEVABLE,NOT-RETRIEVABLE,NOT-RETRIEVABLE
715758729345106257,B-truncated,B-truncated,,,,,,,,,NOT-RETRIEVABLE,NOT-RETRIEVABLE,NOT-RETRIEVABLE,NOT-RETRIEVABLE,NOT-RETRIEVABLE,NOT-RETRIEVABLE
71582333179874,B-truncated,B-truncated,,,,,,,,,NOT-RETRIEVABLE,NOT-RETRIEVABLE,NOT-RETRIEVABLE,NOT-RETRIEVABLE,NOT-RETRIEVABLE,NOT-RETRIEVABLE
715903134243979,B-truncated,B-truncated,,,,,,,,,NOT-RETRIEVABLE,NOT-RETRIEVABLE,NOT-RETRIEVABLE,NOT-RETRIEVABLE,NOT-RETRIEVABLE,NOT-RETRIEVABLE
7159187292631,B-truncated,B-truncated,,,,,,,,,NOT-RETRIEVABLE,NOT-RETRIEVABLE,NOT-RETRIEVABLE,NOT-RETRIEVABLE,NOT-RETRIEVABLE,NOT-RETRIEVABLE
716155578,B-truncated,B-truncated,,,,,,,,,NOT-RETRIEVABLE,NOT-RETRIEVABLE,NOT-RETRIEVABLE,NOT-RETRIEVABLE,NOT-RETRIEVABLE,NOT-RETRIEVABLE
7164193246401383,B-truncated,B-truncated,,,,,,,,,NOT-RETRIEVABLE,NOT-RETRIEVABLE,NOT-RETRIEVABLE,NOT-RETRIEVABLE,NOT-RETRIEVABLE,NOT-RETRIEVABLE
71660824552947581,B-truncated,B-truncated,,,,,,,,,NOT-RETRIEVABLE,NOT-RETRIEVABLE,NOT-RETRIEVABLE,NOT-RETRIEVABLE,INDETERMINATE,NOT-RETRIEVABLE
7169475558374460,B-truncated,B-truncated,,,,,,,,,NOT-RETRIEVABLE,NOT-RETRIEVABLE,NOT-RETRIEVABLE,NOT-RETRIEVABLE,NOT-RETRIEVABLE,NOT-RETRIEVABLE
7169586172967,B-truncated,B-truncated,,,,,,,,,NOT-RETRIEVABLE,NOT-RETRIEVABLE,NOT-RETRIEVABLE,NOT-RETRIEVABLE,NOT-RETRIEVABLE,INDETERMINATE
717157277625860,B-truncated,B-truncated,,,,,,,,,NOT-RETRIEVABLE,NOT-RETRIEVABLE,NOT-RETRIEVABLE,NOT-RETRIEVABLE,NOT-RETRIEVABLE,NOT-RETRIEVABLE
717838,B-truncated,B-truncated,,,,,,,,,NOT-RETRIEVABLE,NOT-RETRIEVABLE,NOT-RETRIEVABLE,NOT-RETRIEVABLE,NOT-RETRIEVABLE,NOT-RETRIEVABLE
717841,B-truncated,B-truncated,,,,,,,,,NOT-RETRIEVABLE,NOT-RETRIEVABLE,NOT-RETRIEVABLE,NOT-RETRIEVABLE,NOT-RETRIEVABLE,NOT-RETRIEVABLE
718049,B-truncated,B-truncated,,,,,,,,,NOT-RETRIEVABLE,NOT-RETRIEVABLE,NOT-RETRIEVABLE,NOT-RETRIEVABLE,NOT-RETRIEVABLE,NOT-RETRIEVABLE
71845069597,B-truncated,B-truncated,,,,,,,,,NOT-RETRIEVABLE,NOT-RETRIEVABLE,NOT-RETRIEVABLE,NOT-RETRIEVABLE,NOT-RETRIEVABLE,NOT-RETRIEVABLE
718540983685770,B-truncated,B-truncated,,,,,,,,,NOT-RETRIEVABLE,NOT-RETRIEVABLE,NOT-RETRIEVABLE,NOT-RETRIEVABLE,NOT-RETRIEVABLE,NOT-RETRIEVABLE
718589878988,B-truncated,B-truncated,,,,,,,,,NOT-RETRIEVABLE,NOT-RETRIEVABLE,NOT-RETRIEVABLE,NOT-RETRIEVABLE,NOT-RETRIEVABLE,NOT-RETRIEVABLE
718590789,B-truncated,B-truncated,,,,,,,,,NOT-RETRIEVABLE,NOT-RETRIEVABLE,NOT-RETRIEVABLE,NOT-RETRIEVABLE,NOT-RETRIEVABLE,NOT-RETRIEVABLE
718707746502,B-truncated,B-truncated,,,,,,,,,NOT-RETRIEVABLE,NOT-RETRIEVABLE,NOT-RETRIEVABLE,NOT-RETRIEVABLE,NOT-RETRIEVABLE,NOT-RETRIEVABLE
718861932119354909,B-truncated,B-truncated,,,,,,,,,NOT-RETRIEVABLE,NOT-RETRIEVABLE,NOT-RETRIEVABLE,NOT-RETRIEVABLE,NOT-RETRIEVABLE,NOT-RETRIEVABLE
71898988374257,B-truncated,B-truncated,,,,,,,,,NOT-RETRIEVABLE,NOT-RETRIEVABLE,NOT-RETRIEVABLE,NOT-RETRIEVABLE,NOT-RETRIEVABLE,NOT-RETRIEVABLE
719704298970805,B-truncated,B-truncated,,,,,,,,,NOT-RETRIEVABLE,NOT-RETRIEVABLE,NOT-RETRIEVABLE,NOT-RETRIEVABLE,NOT-RETRIEVABLE,NOT-RETRIEVABLE
7198354503823,B-truncated,B-truncated,,,,,,,,,NOT-RETRIEVABLE,NOT-RETRIEVABLE,NOT-RETRIEVABLE,NOT-RETRIEVABLE,NOT-RETRIEVABLE,NOT-RETRIEVABLE
71989349311570772,B-truncated,B-truncated,,,,,,,,,NOT-RETRIEVABLE,NOT-RETRIEVABLE,NOT-RETRIEVABLE,NOT-RETRIEVABLE,NOT-RETRIEVABLE,NOT-RETRIEVABLE
71989368081330209,B-truncated,B-truncated,,,,,,,,,NOT-RETRIEVABLE,NOT-RETRIEVABLE,NOT-RETRIEVABLE,NOT-RETRIEVABLE,NOT-RETRIEVABLE,NOT-RETRIEVABLE
71990864681349153,B-truncated,B-truncated,,,,,,,,,NOT-RETRIEVABLE,NOT-RETRIEVABLE,NOT-RETRIEVABLE,NOT-RETRIEVABLE,NOT-RETRIEVABLE,NOT-RETRIEVABLE
7200305938614586,B-truncated,B-truncated,,,,,,,,,NOT-RETRIEVABLE,NOT-RETRIEVABLE,NOT-RETRIEVABLE,NOT-RETRIEVABLE,NOT-RETRIEVABLE,NOT-RETRIEVABLE
7200527242441,B-truncated,B-truncated,,,,,,,,,NOT-RETRIEVABLE,NOT-RETRIEVABLE,NOT-RETRIEVABLE,NOT-RETRIEVABLE,NOT-RETRIEVABLE,NOT-RETRIEVABLE
72005808946403,B-truncated,B-truncated,,,,,,,,,NOT-RETRIEVABLE,NOT-RETRIEVABLE,NOT-RETRIEVABLE,NOT-RETRIEVABLE,NOT-RETRIEVABLE,NOT-RETRIEVABLE
720059105179759748,B-truncated,B-truncated,,,,,,,,,NOT-RETRIEVABLE,NOT-RETRIEVABLE,NOT-RETRIEVABLE,NOT-RETRIEVABLE,NOT-RETRIEVABLE,NOT-RETRIEVABLE
72016630168390,B-truncated,B-truncated,,,,,,,,,NOT-RETRIEVABLE,NOT-RETRIEVABLE,NOT-RETRIEVABLE,NOT-RETRIEVABLE,NOT-RETRIEVABLE,NOT-RETRIEVABLE
7204177583,B-truncated,B-truncated,,,,,,,,,NOT-RETRIEVABLE,NOT-RETRIEVABLE,NOT-RETRIEVABLE,NOT-RETRIEVABLE,NOT-RETRIEVABLE,NOT-RETRIEVABLE
720501112959,B-truncated,B-truncated,,,,,,,,,NOT-RETRIEVABLE,NOT-RETRIEVABLE,NOT-RETRIEVABLE,NOT-RETRIEVABLE,NOT-RETRIEVABLE,NOT-RETRIEVABLE
7207941159811960,B-truncated,B-truncated,,,,,,,,,NOT-RETRIEVABLE,NOT-RETRIEVABLE,NOT-RETRIEVABLE,NOT-RETRIEVABLE,NOT-RETRIEVABLE,NOT-RETRIEVABLE
72100686,B-truncated,B-truncated,,,,,,,,,NOT-RETRIEVABLE,NOT-RETRIEVABLE,NOT-RETRIEVABLE,NOT-RETRIEVABLE,NOT-RETRIEVABLE,NOT-RETRIEVABLE
721247800778776913,B-truncated,B-truncated,,,,,,,,,NOT-RETRIEVABLE,NOT-RETRIEVABLE,NOT-RETRIEVABLE,NOT-RETRIEVABLE,NOT-RETRIEVABLE,NOT-RETRIEVABLE
72137753619794527,B-truncated,B-truncated,,,,,,,,,NOT-RETRIEVABLE,NOT-RETRIEVABLE,NOT-RETRIEVABLE,NOT-RETRIEVABLE,NOT-RETRIEVABLE,NOT-RETRIEVABLE
721387823,B-truncated,B-truncated,,,,,,,,,NOT-RETRIEVABLE,NOT-RETRIEVABLE,NOT-RETRIEVABLE,NOT-RETRIEVABLE,NOT-RETRIEVABLE,NOT-RETRIEVABLE
72142513818073,B-truncated,B-truncated,,,,,,,,,NOT-RETRIEVABLE,NOT-RETRIEVABLE,NOT-RETRIEVABLE,NOT-RETRIEVABLE,NOT-RETRIEVABLE,NOT-RETRIEVABLE
7214318917135830,B-truncated,B-truncated,,,,,,,,,NOT-RETRIEVABLE,NOT-RETRIEVABLE,NOT-RETRIEVABLE,NOT-RETRIEVABLE,INDETERMINATE,NOT-RETRIEVABLE
721944359309685892,B-truncated,B-truncated,,,,,,,,,NOT-RETRIEVABLE,NOT-RETRIEVABLE,NOT-RETRIEVABLE,NOT-RETRIEVABLE,NOT-RETRIEVABLE,NOT-RETRIEVABLE
722394591746289,B-truncated,B-truncated,,,,,,,,,NOT-RETRIEVABLE,NOT-RETRIEVABLE,NOT-RETRIEVABLE,NOT-RETRIEVABLE,NOT-RETRIEVABLE,NOT-RETRIEVABLE
7225020868131294,B-truncated,B-truncated,,,,,,,,,NOT-RETRIEVABLE,NOT-RETRIEVABLE,NOT-RETRIEVABLE,NOT-RETRIEVABLE,NOT-RETRIEVABLE,NOT-RETRIEVABLE
722513498370947,B-truncated,B-truncated,,,,,,,,,NOT-RETRIEVABLE,NOT-RETRIEVABLE,NOT-RETRIEVABLE,NOT-RETRIEVABLE,NOT-RETRIEVABLE,NOT-RETRIEVABLE
722624028419819447,B-truncated,B-truncated,,,,,,,,,NOT-RETRIEVABLE,NOT-RETRIEVABLE,NOT-RETRIEVABLE,NOT-RETRIEVABLE,NOT-RETRIEVABLE,NOT-RETRIEVABLE
7226593976848026,B-truncated,B-truncated,,,,,,,,,NOT-RETRIEVABLE,NOT-RETRIEVABLE,NOT-RETRIEVABLE,NOT-RETRIEVABLE,NOT-RETRIEVABLE,NOT-RETRIEVABLE
723551076132861,B-truncated,B-truncated,,,,,,,,,NOT-RETRIEVABLE,NOT-RETRIEVABLE,NOT-RETRIEVABLE,NOT-RETRIEVABLE,NOT-RETRIEVABLE,NOT-RETRIEVABLE
723752513284188087,B-truncated,B-truncated,,,,,,,,,NOT-RETRIEVABLE,NOT-RETRIEVABLE,NOT-RETRIEVABLE,NOT-RETRIEVABLE,NOT-RETRIEVABLE,NOT-RETRIEVABLE
72389957727446663,B-truncated,B-truncated,,,,,,,,,NOT-RETRIEVABLE,NOT-RETRIEVABLE,NOT-RETRIEVABLE,NOT-RETRIEVABLE,NOT-RETRIEVABLE,NOT-RETRIEVABLE
723999758509,B-truncated,B-truncated,,,,,,,,,NOT-RETRIEVABLE,NOT-RETRIEVABLE,NOT-RETRIEVABLE,NOT-RETRIEVABLE,NOT-RETRIEVABLE,NOT-RETRIEVABLE
7247656170347,B-truncated,B-truncated,,,,,,,,,NOT-RETRIEVABLE,NOT-RETRIEVABLE,NOT-RETRIEVABLE,NOT-RETRIEVABLE,NOT-RETRIEVABLE,NOT-RETRIEVABLE
7250131397644389,B-truncated,B-truncated,,,,,,,,,NOT-RETRIEVABLE,INDETERMINATE,NOT-RETRIEVABLE,NOT-RETRIEVABLE,NOT-RETRIEVABLE,NOT-RETRIEVABLE
72531490,B-truncated,B-truncated,,,,,,,,,NOT-RETRIEVABLE,NOT-RETRIEVABLE,NOT-RETRIEVABLE,NOT-RETRIEVABLE,NOT-RETRIEVABLE,NOT-RETRIEVABLE
72534442906033882,B-truncated,B-truncated,,,,,,,,,NOT-RETRIEVABLE,NOT-RETRIEVABLE,NOT-RETRIEVABLE,NOT-RETRIEVABLE,NOT-RETRIEVABLE,NOT-RETRIEVABLE
726618587648763,B-truncated,B-truncated,,,,,,,,,NOT-RETRIEVABLE,NOT-RETRIEVABLE,NOT-RETRIEVABLE,NOT-RETRIEVABLE,NOT-RETRIEVABLE,NOT-RETRIEVABLE
7276358099089231,B-truncated,B-truncated,,,,,,,,,NOT-RETRIEVABLE,NOT-RETRIEVABLE,NOT-RETRIEVABLE,NOT-RETRIEVABLE,NOT-RETRIEVABLE,NOT-RETRIEVABLE
72776118827464,B-truncated,B-truncated,,,,,,,,,NOT-RETRIEVABLE,NOT-RETRIEVABLE,NOT-RETRIEVABLE,NOT-RETRIEVABLE,NOT-RETRIEVABLE,NOT-RETRIEVABLE
72814159128240653,B-truncated,B-truncated,,,,,,,,,NOT-RETRIEVABLE,NOT-RETRIEVABLE,NOT-RETRIEVABLE,NOT-RETRIEVABLE,NOT-RETRIEVABLE,NOT-RETRIEVABLE
72814172402960335,B-truncated,B-truncated,,,,,,,,,NOT-RETRIEVABLE,NOT-RETRIEVABLE,NOT-RETRIEVABLE,NOT-RETRIEVABLE,NOT-RETRIEVABLE,NOT-RETRIEVABLE
72814409728508593,B-truncated,B-truncated,,,,,,,,,NOT-RETRIEVABLE,NOT-RETRIEVABLE,NOT-RETRIEVABLE,NOT-RETRIEVABLE,NOT-RETRIEVABLE,NOT-RETRIEVABLE
72835773820264,B-truncated,B-truncated,,,,,,,,,NOT-RETRIEVABLE,NOT-RETRIEVABLE,NOT-RETRIEVABLE,NOT-RETRIEVABLE,NOT-RETRIEVABLE,NOT-RETRIEVABLE
7292048160296406,B-truncated,B-truncated,,,,,,,,,NOT-RETRIEVABLE,NOT-RETRIEVABLE,NOT-RETRIEVABLE,NOT-RETRIEVABLE,NOT-RETRIEVABLE,NOT-RETRIEVABLE
7294648129654246,B-truncated,B-truncated,,,,,,,,,NOT-RETRIEVABLE,NOT-RETRIEVABLE,NOT-RETRIEVABLE,NOT-RETRIEVABLE,NOT-RETRIEVABLE,NOT-RETRIEVABLE
729847300687400,B-truncated,B-truncated,,,,,,,,,NOT-RETRIEVABLE,NOT-RETRIEVABLE,NOT-RETRIEVABLE,NOT-RETRIEVABLE,NOT-RETRIEVABLE,NOT-RETRIEVABLE
72996137210752566,B-truncated,B-truncated,,,,,,,,,NOT-RETRIEVABLE,NOT-RETRIEVABLE,NOT-RETRIEVABLE,NOT-RETRIEVABLE,NOT-RETRIEVABLE,NOT-RETRIEVABLE
73067268,B-truncated,B-truncated,,,,,,,,,NOT-RETRIEVABLE,NOT-RETRIEVABLE,NOT-RETRIEVABLE,NOT-RETRIEVABLE,NOT-RETRIEVABLE,NOT-RETRIEVABLE
73088837321,B-truncated,B-truncated,,,,,,,,,NOT-RETRIEVABLE,NOT-RETRIEVABLE,NOT-RETRIEVABLE,NOT-RETRIEVABLE,NOT-RETRIEVABLE,NOT-RETRIEVABLE
73101933919360156,B-truncated,B-truncated,,,,,,,,,NOT-RETRIEVABLE,NOT-RETRIEVABLE,NOT-RETRIEVABLE,NOT-RETRIEVABLE,NOT-RETRIEVABLE,NOT-RETRIEVABLE
731150385197721,B-truncated,B-truncated,,,,,,,,,NOT-RETRIEVABLE,NOT-RETRIEVABLE,NOT-RETRIEVABLE,NOT-RETRIEVABLE,NOT-RETRIEVABLE,NOT-RETRIEVABLE
7314765561,B-truncated,B-truncated,,,,,,,,,NOT-RETRIEVABLE,NOT-RETRIEVABLE,NOT-RETRIEVABLE,NOT-RETRIEVABLE,NOT-RETRIEVABLE,NOT-RETRIEVABLE
73147673976243,B-truncated,B-truncated,,,,,,,,,NOT-RETRIEVABLE,NOT-RETRIEVABLE,NOT-RETRIEVABLE,NOT-RETRIEVABLE,NOT-RETRIEVABLE,NOT-RETRIEVABLE
7317787448,B-truncated,B-truncated,,,,,,,,,NOT-RETRIEVABLE,NOT-RETRIEVABLE,NOT-RETRIEVABLE,NOT-RETRIEVABLE,NOT-RETRIEVABLE,NOT-RETRIEVABLE
73180668430448755,B-truncated,B-truncated,,,,,,,,,NOT-RETRIEVABLE,NOT-RETRIEVABLE,NOT-RETRIEVABLE,NOT-RETRIEVABLE,NOT-RETRIEVABLE,NOT-RETRIEVABLE
73185169285097751,B-truncated,B-truncated,,,,,,,,,NOT-RETRIEVABLE,NOT-RETRIEVABLE,NOT-RETRIEVABLE,NOT-RETRIEVABLE,NOT-RETRIEVABLE,NOT-RETRIEVABLE
731957,B-truncated,B-truncated,,,,,,,,,NOT-RETRIEVABLE,NOT-RETRIEVABLE,NOT-RETRIEVABLE,NOT-RETRIEVABLE,NOT-RETRIEVABLE,NOT-RETRIEVABLE
73207980848693937,B-truncated,B-truncated,,,,,,,,,NOT-RETRIEVABLE,NOT-RETRIEVABLE,NOT-RETRIEVABLE,NOT-RETRIEVABLE,NOT-RETRIEVABLE,NOT-RETRIEVABLE
73223013131344,B-truncated,B-truncated,,,,,,,,,NOT-RETRIEVABLE,NOT-RETRIEVABLE,NOT-RETRIEVABLE,NOT-RETRIEVABLE,NOT-RETRIEVABLE,NOT-RETRIEVABLE
73230040850436,B-truncated,B-truncated,,,,,,,,,NOT-RETRIEVABLE,NOT-RETRIEVABLE,NOT-RETRIEVABLE,NOT-RETRIEVABLE,NOT-RETRIEVABLE,NOT-RETRIEVABLE
732425793067973,B-truncated,B-truncated,,,,,,,,,NOT-RETRIEVABLE,NOT-RETRIEVABLE,NOT-RETRIEVABLE,NOT-RETRIEVABLE,NOT-RETRIEVABLE,NOT-RETRIEVABLE
73273903131719303,B-truncated,B-truncated,,,,,,,,,NOT-RETRIEVABLE,NOT-RETRIEVABLE,NOT-RETRIEVABLE,NOT-RETRIEVABLE,NOT-RETRIEVABLE,NOT-RETRIEVABLE
73303325528649,B-truncated,B-truncated,,,,,,,,,NOT-RETRIEVABLE,NOT-RETRIEVABLE,NOT-RETRIEVABLE,NOT-RETRIEVABLE,NOT-RETRIEVABLE,NOT-RETRIEVABLE
733200801928426628,B-truncated,B-truncated,,,,,,,,,NOT-RETRIEVABLE,NOT-RETRIEVABLE,NOT-RETRIEVABLE,NOT-RETRIEVABLE,NOT-RETRIEVABLE,NOT-RETRIEVABLE
733659771889629,B-truncated,B-truncated,,,,,,,,,NOT-RETRIEVABLE,NOT-RETRIEVABLE,NOT-RETRIEVABLE,NOT-RETRIEVABLE,NOT-RETRIEVABLE,NOT-RETRIEVABLE
7341240131015445,B-truncated,B-truncated,,,,,,,,,NOT-RETRIEVABLE,NOT-RETRIEVABLE,NOT-RETRIEVABLE,NOT-RETRIEVABLE,NOT-RETRIEVABLE,NOT-RETRIEVABLE
734642717587849,B-truncated,B-truncated,,,,,,,,,NOT-RETRIEVABLE,NOT-RETRIEVABLE,NOT-RETRIEVABLE,NOT-RETRIEVABLE,NOT-RETRIEVABLE,NOT-RETRIEVABLE
734956656884359504,B-truncated,B-truncated,,,,,,,,,NOT-RETRIEVABLE,NOT-RETRIEVABLE,NOT-RETRIEVABLE,NOT-RETRIEVABLE,NOT-RETRIEVABLE,NOT-RETRIEVABLE
7349637646760561,B-truncated,B-truncated,,,,,,,,,NOT-RETRIEVABLE,NOT-RETRIEVABLE,NOT-RETRIEVABLE,NOT-RETRIEVABLE,NOT-RETRIEVABLE,NOT-RETRIEVABLE
73517134,B-truncated,B-truncated,,,,,,,,,NOT-RETRIEVABLE,NOT-RETRIEVABLE,NOT-RETRIEVABLE,NOT-RETRIEVABLE,NOT-RETRIEVABLE,NOT-RETRIEVABLE
735775817650408,B-truncated,B-truncated,,,,,,,,,NOT-RETRIEVABLE,NOT-RETRIEVABLE,NOT-RETRIEVABLE,NOT-RETRIEVABLE,NOT-RETRIEVABLE,NOT-RETRIEVABLE
7358144823108373,B-truncated,B-truncated,,,,,,,,,NOT-RETRIEVABLE,NOT-RETRIEVABLE,NOT-RETRIEVABLE,NOT-RETRIEVABLE,NOT-RETRIEVABLE,INDETERMINATE
73607972868945,B-truncated,B-truncated,,,,,,,,,NOT-RETRIEVABLE,NOT-RETRIEVABLE,NOT-RETRIEVABLE,NOT-RETRIEVABLE,NOT-RETRIEVABLE,NOT-RETRIEVABLE
736080529404736643,B-truncated,B-truncated,,,,,,,,,NOT-RETRIEVABLE,NOT-RETRIEVABLE,NOT-RETRIEVABLE,NOT-RETRIEVABLE,NOT-RETRIEVABLE,NOT-RETRIEVABLE
736154455749586460,B-truncated,B-truncated,,,,,,,,,NOT-RETRIEVABLE,NOT-RETRIEVABLE,NOT-RETRIEVABLE,NOT-RETRIEVABLE,NOT-RETRIEVABLE,NOT-RETRIEVABLE
736191316687331664,B-truncated,B-truncated,,,,,,,,,NOT-RETRIEVABLE,NOT-RETRIEVABLE,NOT-RETRIEVABLE,NOT-RETRIEVABLE,NOT-RETRIEVABLE,NOT-RETRIEVABLE
7363742421588512,B-truncated,B-truncated,,,,,,,,,NOT-RETRIEVABLE,NOT-RETRIEVABLE,NOT-RETRIEVABLE,NOT-RETRIEVABLE,NOT-RETRIEVABLE,NOT-RETRIEVABLE
7371594191027,B-truncated,B-truncated,,,,,,,,,NOT-RETRIEVABLE,NOT-RETRIEVABLE,NOT-RETRIEVABLE,NOT-RETRIEVABLE,NOT-RETRIEVABLE,NOT-RETRIEVABLE
7373237565,B-truncated,B-truncated,,,,,,,,,NOT-RETRIEVABLE,NOT-RETRIEVABLE,NOT-RETRIEVABLE,NOT-RETRIEVABLE,NOT-RETRIEVABLE,NOT-RETRIEVABLE
7373645420318248,B-truncated,B-truncated,,,,,,,,,NOT-RETRIEVABLE,NOT-RETRIEVABLE,NOT-RETRIEVABLE,NOT-RETRIEVABLE,NOT-RETRIEVABLE,NOT-RETRIEVABLE
73747339675,B-truncated,B-truncated,,,,,,,,,NOT-RETRIEVABLE,NOT-RETRIEVABLE,NOT-RETRIEVABLE,NOT-RETRIEVABLE,NOT-RETRIEVABLE,NOT-RETRIEVABLE
737530034739436,B-truncated,B-truncated,,,,,,,,,NOT-RETRIEVABLE,NOT-RETRIEVABLE,INDETERMINATE,NOT-RETRIEVABLE,NOT-RETRIEVABLE,NOT-RETRIEVABLE
73822692756517,B-truncated,B-truncated,,,,,,,,,NOT-RETRIEVABLE,NOT-RETRIEVABLE,NOT-RETRIEVABLE,NOT-RETRIEVABLE,NOT-RETRIEVABLE,NOT-RETRIEVABLE
73841103452012,B-truncated,B-truncated,,,,,,,,,NOT-RETRIEVABLE,NOT-RETRIEVABLE,NOT-RETRIEVABLE,NOT-RETRIEVABLE,NOT-RETRIEVABLE,NOT-RETRIEVABLE
7384457835934977,B-truncated,B-truncated,,,,,,,,,NOT-RETRIEVABLE,NOT-RETRIEVABLE,NOT-RETRIEVABLE,NOT-RETRIEVABLE,NOT-RETRIEVABLE,NOT-RETRIEVABLE
7395326610490,B-truncated,B-truncated,,,,,,,,,NOT-RETRIEVABLE,NOT-RETRIEVABLE,NOT-RETRIEVABLE,NOT-RETRIEVABLE,NOT-RETRIEVABLE,NOT-RETRIEVABLE
739554877,B-truncated,B-truncated,,,,,,,,,NOT-RETRIEVABLE,NOT-RETRIEVABLE,NOT-RETRIEVABLE,NOT-RETRIEVABLE,NOT-RETRIEVABLE,NOT-RETRIEVABLE
74053667625453683,B-truncated,B-truncated,,,,,,,,,NOT-RETRIEVABLE,NOT-RETRIEVABLE,NOT-RETRIEVABLE,NOT-RETRIEVABLE,NOT-RETRIEVABLE,NOT-RETRIEVABLE
741602417022556905,B-truncated,B-truncated,,,,,,,,,NOT-RETRIEVABLE,NOT-RETRIEVABLE,NOT-RETRIEVABLE,NOT-RETRIEVABLE,NOT-RETRIEVABLE,NOT-RETRIEVABLE
743124599,B-truncated,B-truncated,,,,,,,,,NOT-RETRIEVABLE,NOT-RETRIEVABLE,NOT-RETRIEVABLE,NOT-RETRIEVABLE,NOT-RETRIEVABLE,NOT-RETRIEVABLE
743836674477690,B-truncated,B-truncated,,,,,,,,,NOT-RETRIEVABLE,NOT-RETRIEVABLE,NOT-RETRIEVABLE,NOT-RETRIEVABLE,NOT-RETRIEVABLE,NOT-RETRIEVABLE
74395775119539,B-truncated,B-truncated,,,,,,,,,NOT-RETRIEVABLE,NOT-RETRIEVABLE,NOT-RETRIEVABLE,NOT-RETRIEVABLE,NOT-RETRIEVABLE,NOT-RETRIEVABLE
744542308485049,B-truncated,B-truncated,,,,,,,,,NOT-RETRIEVABLE,NOT-RETRIEVABLE,NOT-RETRIEVABLE,NOT-RETRIEVABLE,NOT-RETRIEVABLE,NOT-RETRIEVABLE
74460838068822,B-truncated,B-truncated,,,,,,,,,NOT-RETRIEVABLE,NOT-RETRIEVABLE,NOT-RETRIEVABLE,NOT-RETRIEVABLE,NOT-RETRIEVABLE,NOT-RETRIEVABLE
745204058322228,B-truncated,B-truncated,,,,,,,,,NOT-RETRIEVABLE,NOT-RETRIEVABLE,NOT-RETRIEVABLE,NOT-RETRIEVABLE,INDETERMINATE,NOT-RETRIEVABLE
745225999151335350,B-truncated,B-truncated,,,,,,,,,NOT-RETRIEVABLE,NOT-RETRIEVABLE,NOT-RETRIEVABLE,NOT-RETRIEVABLE,NOT-RETRIEVABLE,NOT-RETRIEVABLE
7458130570321,B-truncated,B-truncated,,,,,,,,,NOT-RETRIEVABLE,NOT-RETRIEVABLE,NOT-RETRIEVABLE,NOT-RETRIEVABLE,NOT-RETRIEVABLE,NOT-RETRIEVABLE
74609880,B-truncated,B-truncated,,,,,,,,,NOT-RETRIEVABLE,NOT-RETRIEVABLE,NOT-RETRIEVABLE,NOT-RETRIEVABLE,NOT-RETRIEVABLE,NOT-RETRIEVABLE
746249904883514,B-truncated,B-truncated,,,,,,,,,NOT-RETRIEVABLE,NOT-RETRIEVABLE,NOT-RETRIEVABLE,NOT-RETRIEVABLE,NOT-RETRIEVABLE,NOT-RETRIEVABLE
746473188419558,B-truncated,B-truncated,,,,,,,,,NOT-RETRIEVABLE,NOT-RETRIEVABLE,NOT-RETRIEVABLE,NOT-RETRIEVABLE,NOT-RETRIEVABLE,NOT-RETRIEVABLE
746846214634761757,B-truncated,B-truncated,,,,,,,,,NOT-RETRIEVABLE,NOT-RETRIEVABLE,NOT-RETRIEVABLE,NOT-RETRIEVABLE,NOT-RETRIEVABLE,NOT-RETRIEVABLE
747057742,B-truncated,B-truncated,,,,,,,,,NOT-RETRIEVABLE,NOT-RETRIEVABLE,NOT-RETRIEVABLE,NOT-RETRIEVABLE,NOT-RETRIEVABLE,NOT-RETRIEVABLE
74714552131157558,B-truncated,B-truncated,,,,,,,,,NOT-RETRIEVABLE,NOT-RETRIEVABLE,NOT-RETRIEVABLE,NOT-RETRIEVABLE,NOT-RETRIEVABLE,NOT-RETRIEVABLE
747250130374315550,B-truncated,B-truncated,,,,,,,,,NOT-RETRIEVABLE,NOT-RETRIEVABLE,NOT-RETRIEVABLE,NOT-RETRIEVABLE,NOT-RETRIEVABLE,NOT-RETRIEVABLE
7473731306845768,B-truncated,B-truncated,,,,,,,,,NOT-RETRIEVABLE,NOT-RETRIEVABLE,NOT-RETRIEVABLE,NOT-RETRIEVABLE,NOT-RETRIEVABLE,NOT-RETRIEVABLE
74817651962942,B-truncated,B-truncated,,,,,,,,,NOT-RETRIEVABLE,NOT-RETRIEVABLE,NOT-RETRIEVABLE,NOT-RETRIEVABLE,NOT-RETRIEVABLE,NOT-RETRIEVABLE
7483537868292476,B-truncated,B-truncated,,,,,,,,,NOT-RETRIEVABLE,NOT-RETRIEVABLE,NOT-RETRIEVABLE,NOT-RETRIEVABLE,NOT-RETRIEVABLE,NOT-RETRIEVABLE
748400114988484,B-truncated,B-truncated,,,,,,,,,NOT-RETRIEVABLE,NOT-RETRIEVABLE,NOT-RETRIEVABLE,INDETERMINATE,NOT-RETRIEVABLE,NOT-RETRIEVABLE
748403971532320286,B-truncated,B-truncated,,,,,,,,,NOT-RETRIEVABLE,NOT-RETRIEVABLE,NOT-RETRIEVABLE,NOT-RETRIEVABLE,NOT-RETRIEVABLE,NOT-RETRIEVABLE
748912820925079,B-truncated,B-truncated,,,,,,,,,NOT-RETRIEVABLE,NOT-RETRIEVABLE,NOT-RETRIEVABLE,NOT-RETRIEVABLE,NOT-RETRIEVABLE,NOT-RETRIEVABLE
74891340165247337,B-truncated,B-truncated,,,,,,,,,NOT-RETRIEVABLE,NOT-RETRIEVABLE,NOT-RETRIEVABLE,NOT-RETRIEVABLE,NOT-RETRIEVABLE,NOT-RETRIEVABLE
748924589307029431,B-truncated,B-truncated,,,,,,,,,NOT-RETRIEVABLE,NOT-RETRIEVABLE,NOT-RETRIEVABLE,NOT-RETRIEVABLE,NOT-RETRIEVABLE,NOT-RETRIEVABLE
749302754635581366,B-truncated,B-truncated,,,,,,,,,NOT-RETRIEVABLE,INDETERMINATE,NOT-RETRIEVABLE,NOT-RETRIEVABLE,NOT-RETRIEVABLE,NOT-RETRIEVABLE
74960,B-truncated,B-truncated,,,,,,,,,NOT-RETRIEVABLE,NOT-RETRIEVABLE,NOT-RETRIEVABLE,INDETERMINATE,NOT-RETRIEVABLE,NOT-RETRIEVABLE
750583708327412,B-truncated,B-truncated,,,,,,,,,NOT-RETRIEVABLE,NOT-RETRIEVABLE,NOT-RETRIEVABLE,NOT-RETRIEVABLE,NOT-RETRIEVABLE,NOT-RETRIEVABLE
751772710192,B-truncated,B-truncated,,,,,,,,,NOT-RETRIEVABLE,NOT-RETRIEVABLE,INDETERMINATE,NOT-RETRIEVABLE,NOT-RETRIEVABLE,INDETERMINATE
7518116912623045,B-truncated,B-truncated,,,,,,,,,NOT-RETRIEVABLE,NOT-RETRIEVABLE,NOT-RETRIEVABLE,NOT-RETRIEVABLE,NOT-RETRIEVABLE,NOT-RETRIEVABLE
752115237,B-truncated,B-truncated,,,,,,,,,NOT-RETRIEVABLE,NOT-RETRIEVABLE,NOT-RETRIEVABLE,NOT-RETRIEVABLE,NOT-RETRIEVABLE,NOT-RETRIEVABLE
7525163617197,B-truncated,B-truncated,,,,,,,,,NOT-RETRIEVABLE,NOT-RETRIEVABLE,NOT-RETRIEVABLE,NOT-RETRIEVABLE,NOT-RETRIEVABLE,NOT-RETRIEVABLE
752576413769616924,B-truncated,B-truncated,,,,,,,,,NOT-RETRIEVABLE,NOT-RETRIEVABLE,NOT-RETRIEVABLE,NOT-RETRIEVABLE,NOT-RETRIEVABLE,NOT-RETRIEVABLE
752596765491436263,B-truncated,B-truncated,,,,,,,,,NOT-RETRIEVABLE,NOT-RETRIEVABLE,NOT-RETRIEVABLE,NOT-RETRIEVABLE,NOT-RETRIEVABLE,NOT-RETRIEVABLE
75355084374472983,B-truncated,B-truncated,,,,,,,,,NOT-RETRIEVABLE,NOT-RETRIEVABLE,NOT-RETRIEVABLE,NOT-RETRIEVABLE,NOT-RETRIEVABLE,NOT-RETRIEVABLE
7535954556379761,B-truncated,B-truncated,,,,,,,,,NOT-RETRIEVABLE,NOT-RETRIEVABLE,NOT-RETRIEVABLE,NOT-RETRIEVABLE,NOT-RETRIEVABLE,NOT-RETRIEVABLE
754180447598,B-truncated,B-truncated,,,,,,,,,NOT-RETRIEVABLE,NOT-RETRIEVABLE,NOT-RETRIEVABLE,NOT-RETRIEVABLE,NOT-RETRIEVABLE,NOT-RETRIEVABLE
754524076599,B-truncated,B-truncated,,,,,,,,,NOT-RETRIEVABLE,NOT-RETRIEVABLE,NOT-RETRIEVABLE,NOT-RETRIEVABLE,NOT-RETRIEVABLE,NOT-RETRIEVABLE
755601851016659,B-truncated,B-truncated,,,,,,,,,NOT-RETRIEVABLE,NOT-RETRIEVABLE,NOT-RETRIEVABLE,NOT-RETRIEVABLE,NOT-RETRIEVABLE,NOT-RETRIEVABLE
75653617056,B-truncated,B-truncated,,,,,,,,,INDETERMINATE,NOT-RETRIEVABLE,NOT-RETRIEVABLE,NOT-RETRIEVABLE,NOT-RETRIEVABLE,NOT-RETRIEVABLE
75683800086,B-truncated,B-truncated,,,,,,,,,NOT-RETRIEVABLE,NOT-RETRIEVABLE,NOT-RETRIEVABLE,NOT-RETRIEVABLE,NOT-RETRIEVABLE,NOT-RETRIEVABLE
7569917602479246,B-truncated,B-truncated,,,,,,,,,NOT-RETRIEVABLE,NOT-RETRIEVABLE,NOT-RETRIEVABLE,NOT-RETRIEVABLE,NOT-RETRIEVABLE,NOT-RETRIEVABLE
757926094181294,B-truncated,B-truncated,,,,,,,,,NOT-RETRIEVABLE,NOT-RETRIEVABLE,NOT-RETRIEVABLE,NOT-RETRIEVABLE,NOT-RETRIEVABLE,NOT-RETRIEVABLE
75915920529540252,B-truncated,B-truncated,,,,,,,,,NOT-RETRIEVABLE,NOT-RETRIEVABLE,NOT-RETRIEVABLE,NOT-RETRIEVABLE,NOT-RETRIEVABLE,NOT-RETRIEVABLE
75927501854034854,B-truncated,B-truncated,,,,,,,,,NOT-RETRIEVABLE,NOT-RETRIEVABLE,NOT-RETRIEVABLE,NOT-RETRIEVABLE,NOT-RETRIEVABLE,NOT-RETRIEVABLE
759472477690464,B-truncated,B-truncated,,,,,,,,,NOT-RETRIEVABLE,NOT-RETRIEVABLE,NOT-RETRIEVABLE,NOT-RETRIEVABLE,NOT-RETRIEVABLE,NOT-RETRIEVABLE
7597943894319369,B-truncated,B-truncated,,,,,,,,,NOT-RETRIEVABLE,NOT-RETRIEVABLE,NOT-RETRIEVABLE,NOT-RETRIEVABLE,NOT-RETRIEVABLE,NOT-RETRIEVABLE
7598189362,B-truncated,B-truncated,,,,,,,,,NOT-RETRIEVABLE,NOT-RETRIEVABLE,NOT-RETRIEVABLE,NOT-RETRIEVABLE,NOT-RETRIEVABLE,NOT-RETRIEVABLE
760080103729276,B-truncated,B-truncated,,,,,,,,,NOT-RETRIEVABLE,NOT-RETRIEVABLE,NOT-RETRIEVABLE,NOT-RETRIEVABLE,NOT-RETRIEVABLE,NOT-RETRIEVABLE
762093124158341455,B-truncated,B-truncated,,,,,,,,,NOT-RETRIEVABLE,NOT-RETRIEVABLE,NOT-RETRIEVABLE,NOT-RETRIEVABLE,NOT-RETRIEVABLE,NOT-RETRIEVABLE
76247432319971361,B-truncated,B-truncated,,,,,,,,,NOT-RETRIEVABLE,NOT-RETRIEVABLE,NOT-RETRIEVABLE,NOT-RETRIEVABLE,NOT-RETRIEVABLE,NOT-RETRIEVABLE
762774007353,B-truncated,B-truncated,,,,,,,,,NOT-RETRIEVABLE,NOT-RETRIEVABLE,NOT-RETRIEVABLE,NOT-RETRIEVABLE,NOT-RETRIEVABLE,NOT-RETRIEVABLE
762913172258355945,B-truncated,B-truncated,,,,,,,,,NOT-RETRIEVABLE,NOT-RETRIEVABLE,NOT-RETRIEVABLE,NOT-RETRIEVABLE,NOT-RETRIEVABLE,NOT-RETRIEVABLE
76404878354,B-truncated,B-truncated,,,,,,,,,NOT-RETRIEVABLE,NOT-RETRIEVABLE,NOT-RETRIEVABLE,NOT-RETRIEVABLE,NOT-RETRIEVABLE,NOT-RETRIEVABLE
76460341810,B-truncated,B-truncated,,,,,,,,,NOT-RETRIEVABLE,NOT-RETRIEVABLE,NOT-RETRIEVABLE,NOT-RETRIEVABLE,NOT-RETRIEVABLE,NOT-RETRIEVABLE
76461920366635778,B-truncated,B-truncated,,,,,,,,,NOT-RETRIEVABLE,NOT-RETRIEVABLE,NOT-RETRIEVABLE,NOT-RETRIEVABLE,NOT-RETRIEVABLE,NOT-RETRIEVABLE
76490164617,B-truncated,B-truncated,,,,,,,,,NOT-RETRIEVABLE,NOT-RETRIEVABLE,NOT-RETRIEVABLE,NOT-RETRIEVABLE,NOT-RETRIEVABLE,NOT-RETRIEVABLE
765517473106636316,B-truncated,B-truncated,,,,,,,,,NOT-RETRIEVABLE,NOT-RETRIEVABLE,NOT-RETRIEVABLE,NOT-RETRIEVABLE,NOT-RETRIEVABLE,NOT-RETRIEVABLE
76701977955375710,B-truncated,B-truncated,,,,,,,,,NOT-RETRIEVABLE,NOT-RETRIEVABLE,NOT-RETRIEVABLE,NOT-RETRIEVABLE,NOT-RETRIEVABLE,NOT-RETRIEVABLE
